reviewId,userName,userImage,content,score,thumbsUpCount,reviewCreatedVersion,at,replyContent,repliedAt,appVersion
a8dbd1fb-45b4-4ff8-a43a-cc04bc203879,harendra verma,https://play-lh.googleusercontent.com/a/ACg8ocLWs8jaj13A7zyHXGkTH-OcQwT-MRi7faDtMPGVgRqyBfhCkw=mo,good,5,0,6.88.0,2026-08-31 23:39:09,Thanks for the positive rating :),2026-09-01 09:25:57,6.88.0
24814c12-3c2b-4c16-9e88-23e185f390d7,Fakhir Siddiqui,https://play-lh.googleusercontent.com/a-/ALV-UjWLZxsvdKUgk2C-Y1QSLn0Ibd6WR1xoNwAeMfABTuVKD8x-llg9ag,good behaviour and professional rider,5,0,6.88.0,2026-08-31 22:44:05,Thank you for your kind words :),2026-09-01 09:19:28,6.88.0
4f717356-c049-4567-8296-368166a0b9d5,Aqsa Memon,https://play-lh.googleusercontent.com/a/ACg8ocICbvjVb_ZWukLUSOmkMkLQKCuEs1WcPiLtXFYfWAqaGBLx8A=mo,Muhammad shoaib Good driver,5,0,6.88.0,2026-08-31 22:18:42,Thank you for your kind words :),2026-09-01 09:18:29,6.88.0
0f49db51-660d-4930-a1e7-eab3dac181c7,Rajesh Kumar,https://play-lh.googleusercontent.com/a/ACg8ocLEqQ0Cj663N3-SwKE-scB1IB1SJuSq19U39nGQn93-EZSxsERr=mo,good 👍,5,0,6.88.0,2026-08-31 22:16:00,Appreciate the positive rating :),2026-09-01 09:18:02,6.88.0
dbf2a47d-444b-4840-92c8-b1839f5c98d6,SARANYA P,https://play-lh.googleusercontent.com/a/ACg8ocL-iENUNc2PDSXKZXvbAfXo-vBeb3LvP8qke0VaG6Htrk_m_Q=mo,good l,5,0,6.88.0,2026-08-31 22:15:53,Thanks for the 5 star rating :),2026-09-01 09:17:33,6.88.0
b88341db-d3b7-4872-aaea-e629e10ad78a,Manish Sharma,https://play-lh.googleusercontent.com/a/ACg8ocIBLE9ORlBnLa9hC8gzDqSoJJg3kQJVAUm0P6hOC271Xa0QXQ=mo,tolll change extra and other charge why ?,3,0,6.88.0,2026-08-31 22:14:04,Please share the order details on help@theporter.in so that we may check this and assist you further.,2026-09-01 09:17:09,6.88.0
f4d0b16a-fb30-4707-82fc-9677b49526cb,apna art1,https://play-lh.googleusercontent.com/a/ACg8ocIIXzFHOxa8mYIM0OtnWbRLsnVVyhu0dDOE7xY1gASqXnRt7g=mo,very well behaviour person good service,5,1,6.89.0,2026-08-31 21:52:30,Thank you for your kind words :),2026-09-01 09:16:04,6.89.0
0897da7d-234b-4c8a-989b-6368cb007495,abhi ram,https://play-lh.googleusercontent.com/a-/ALV-UjUpWDneMPFeXHqRMwGeGQnnZkpWLrZFcjZl44YEst1mM_B9e8jl8Q,"customer care services are very bad. the customer care team told the operations team will talk to you and raised a complaint, still 2 hrs no call from operations team, no responsive and raised a concern but no call after that",1,1,6.88.0,2026-08-31 21:49:13,We are really sorry for the experience. Please elaborate your concern on help@theporter.in so that we may investigate this and assist you further.,2026-09-01 09:14:04,6.88.0
41338bb2-3501-419c-8a49-bb524197170b,Chandan Kumar,https://play-lh.googleusercontent.com/a-/ALV-UjWNRyq8oDNaZcf0N1b7Gl01mv4vhk6cqYb0y9cyVL8VW3M8zK6A,good service,5,0,6.88.0,2026-08-31 21:45:17,Thank you for your kind words :),2026-09-01 09:15:21,6.88.0
75bcd1e4-d84d-43cd-9f49-153a1cd50c30,Tripurari Shankar,https://play-lh.googleusercontent.com/a-/ALV-UjUmt_-jUKGJg0sStVfDyy1ZvOxlP71GErl5pLA5JZEMmadT_p0zFg,very good and Help full 👍,5,1,6.88.0,2026-08-31 21:40:48,Thank you for your kind words :),2026-09-01 09:09:19,6.88.0
0a12c45b-ebf2-4b9d-8f43-26a5b5b17c20,ABHISHEK NIVESH,https://play-lh.googleusercontent.com/a/ACg8ocIQptUXGOoCJGChs2ci6WxzVsL28mQnvsYLofGfc_XxTtLgy4qX=mo,good,5,0,6.88.0,2026-08-31 21:39:38,Thanks for the positive rating :),2026-09-01 09:08:53,6.88.0
16266545-47bb-46b0-8592-7cab342fffc7,sadik makvana,https://play-lh.googleusercontent.com/a/ACg8ocIAzNb4DQNAr_iGrM0GxcKo3hyNFmDrR7iB2YXnqt7wYITwUw=mo,this application is not useful for blind person with TalkBack user,1,0,,2026-08-31 21:10:24,We are sorry for the hassle. Your feedback has been shared with the team for further review and consideration.,2026-09-01 09:05:48,
21da171f-6dff-4266-b9c4-c537cd722286,MD JAVED,https://play-lh.googleusercontent.com/a/ACg8ocJiwiUBdPqtME5B-jN6nrOKhZ_NONaTHw4x9I8ziNUNVVRdCFY=mo,good job very very nice,5,0,6.88.0,2026-08-31 21:03:02,Thank you for your kind words :),2026-09-01 09:06:14,6.88.0
fe9e54f8-0829-4e99-8253-76b7a81ed17c,Rafukiya Sandip,https://play-lh.googleusercontent.com/a-/ALV-UjX2-ou0qUZH51-Qzgi1gwfc2vpuHVUQ95twttIZI_dhUC4JlWSiFA,isse achha rapidio laga q ki isme lagatar order Dene k baad bhi price me difference nai de rahe regular coustomer ko iski jagh rapidio price me best hai or porter ka customer support kafi week hai 1000 bar call karenge par problem ka solution nahi layenge bakwas app aaj k baad use nai karunga,1,0,6.86.1,2026-08-31 20:54:39,Really sorry you feel that way. Please reach out to us on help@theporter.in for any help needed.,2026-09-01 09:04:37,6.86.1
c2b1bc1a-1b9f-4b62-9582-8de8d6473e10,Najia,https://play-lh.googleusercontent.com/a/ACg8ocIUw-c8dSIffmq84YYghFxbQLVQEEJuhRErVMkT_mF1YV64DQ=mo,"delivery persons are fraud , they collect amount twice from people then block both sender and receiver . and this app reporting system is worst . there's no proper complaint registering . don't trust them",1,1,6.88.0,2026-08-31 20:40:25,Really sorry for the experience. Please share the order details on help@theporter.in so that we may investigate this and assist you further.,2026-09-01 09:03:31,6.88.0
405f2d50-0e55-48e3-bbf4-d920155f9c5a,Bitisha Chettri,https://play-lh.googleusercontent.com/a-/ALV-UjVu-z94jZVBCwKPLU4rTZyTivzFrmL0gj05p0jEDiwWjp665eA,cant even sign in,1,0,6.88.0,2026-08-31 20:30:11,Sorry for the hassle. Please reach out to us on help@theporter.in for any help needed.,2026-09-01 09:02:44,6.88.0
cb815e8c-5429-4b6b-a327-63f29b168e3b,Siddharth Bannerji,https://play-lh.googleusercontent.com/a/ACg8ocKQ4_lmWRwiXhUr_tazEv7RuIIQqdkR41nazgXbNv5O17wY2w=mo,Good dependable app,5,0,6.88.0,2026-08-31 20:25:03,Thank you for your kind words :),2026-09-01 09:02:10,6.88.0
c85fc52a-2316-4580-ad83-768cdd5673bf,Karan Kumar,https://play-lh.googleusercontent.com/a-/ALV-UjU9aVUjUYbdSyqrCAWRl2C_cRvVsilAZtSOSfO8JCFVuHxleqvJ,good,5,0,6.84.0,2026-08-31 20:24:14,Appreciate the positive rating :),2026-09-01 09:00:49,6.84.0
273a9d78-a84b-440b-a0cd-9fe7c771029a,Nasir Khan,https://play-lh.googleusercontent.com/a/ACg8ocJ9gh856RqquVrJUSi-YuCdn_N6Zy160kTo6Gd4lMzNZ-tetw=mo,good service,5,0,6.88.0,2026-08-31 20:19:25,Thank you for your kind words :),2026-09-01 09:01:09,6.88.0
912e07b7-3480-4f41-a1e5-1414eb0c1f43,Godman spares Parts,https://play-lh.googleusercontent.com/a-/ALV-UjVj3TRSRzHth8pV4bMzT6KS0Q8UKvVCfdt03z6aHjdGnr705qU,nice,5,0,6.88.0,2026-08-31 20:15:27,Thanks for the positive rating :),2026-09-01 09:00:13,6.88.0
87e7f259-be0c-484f-9a07-fa262e666fc5,Babasaheb Tupare,https://play-lh.googleusercontent.com/a/ACg8ocKUKZ99tmD03KXfAv4XmL_wqaEJG2rl9YB6qe5c03lRBqnwEg=mo,very good,5,0,6.89.0,2026-08-31 19:51:23,Thank you for your kind words :),2026-09-01 08:57:58,6.89.0
50ce5ac7-d2d2-4ee5-ae00-508cf5a19212,Zainmustafa Zainmustafa,https://play-lh.googleusercontent.com/a/ACg8ocJ7tJVegjF9BPceiMeKW-Rq0WkLwDw-HI6ZdOE-5pOCO30vDg=mo,good working,5,1,6.89.0,2026-08-31 19:37:21,Thank you for your kind words :),2026-09-01 08:55:11,6.89.0
96b86d31-6ca4-4922-97af-debd74e72ef5,ranga ranga,https://play-lh.googleusercontent.com/a-/ALV-UjW9Hr-YX68SKl0nglojmSAVjSPlK8gQKR_tMQT7yUbsuizYBGo,good service,5,0,6.85.0,2026-08-31 19:33:29,Thanks for the positive rating :),2026-09-01 08:54:40,6.85.0
cf656570-056f-45a3-926f-13c16b897d16,akash theking,https://play-lh.googleusercontent.com/a/ACg8ocLG68_5aOh5KFn6ehiGVzY1BnQu9XnKSEPBBSx-1_Hf2Qot9HY=mo,good beahevier nd responsible,5,0,6.88.0,2026-08-31 19:10:58,Appreciate the positive rating :),2026-09-01 08:53:52,6.88.0
f037022a-6f46-48e0-9e1b-f15a1daac7cf,Maheshsingh ms,https://play-lh.googleusercontent.com/a-/ALV-UjVDEePxDMtuj0zoFfJCd1C2wsqsBPd0e-n-RFe_lJq2qgU_ykYe,very good job,5,0,6.88.0,2026-08-31 19:06:22,Thank you for your kind words :),2026-09-01 08:53:27,6.88.0
0a85c319-ea4e-4ee9-b07b-a90070aee5af,Ramdev Steel,https://play-lh.googleusercontent.com/a/ACg8ocLd2sa0e5Cm8bsa0RJlT3NVyjuobLgpJaVYi4LtvHqkPcPqOw=mo,nice,5,0,6.88.0,2026-08-31 18:54:26,,,6.88.0
f17969b8-5267-49e3-ad22-9ab84d88294a,Suraj Chauhan,https://play-lh.googleusercontent.com/a/ACg8ocLwcY7qodOeyDo8psSdqyzbjphYnztQBhjr3KRuNTHuNIfxgw=mo,good 👍🏻,5,0,6.88.0,2026-08-31 18:51:00,Thanks for the positive rating :),2026-09-01 08:52:38,6.88.0
f09d2fa2-bab8-4cda-976e-dd3caa384906,Gautam Fulwariya,https://play-lh.googleusercontent.com/a-/ALV-UjWepDy3yLo9S8gKy8hFNmJOXyZVTrzcRNYZGjGFfrskRyvB9ec,good,5,0,6.88.0,2026-08-31 18:45:03,Thanks for the positive rating :),2026-09-01 08:52:59,6.88.0
2280a187-f15a-4a8c-abf7-0994a4e336df,ANANDHA KUMAR.C,https://play-lh.googleusercontent.com/a/ACg8ocJbGwDxMocP_rclAr_KdUJmczlecfgjNV8oiU-ATh-JSWKq8M0=mo,excellent service... and fast delivery....,5,0,6.87.0,2026-08-31 18:38:06,Delighted to know about your positive experience :),2026-09-01 08:51:15,6.87.0
77905999-191b-4ae9-995f-33fc582fffc6,karamjeet singh Binny,https://play-lh.googleusercontent.com/a/ACg8ocKoMFLMASAPJNtC9m5mh6hTfFoyyIV4pXpRUaFJ3Wtx18l7eQ=mo,good and reliable,5,0,6.88.0,2026-08-31 18:36:22,Thanks for the 5 star rating :),2026-09-01 08:50:49,6.88.0
88563132-0963-439e-8b87-a5992a367575,Mohd Sharoz,https://play-lh.googleusercontent.com/a-/ALV-UjUkTt60kHUv60Z4YfUEc3nzwhJT9iUQ7-dt-ZF_NxTt-rHCwfh-,good service,5,0,6.87.0,2026-08-31 18:10:25,Thanks for the 5 star rating :),2026-09-01 08:48:51,6.87.0
f9d9e00c-281b-43f9-b9ec-42072ecc6b53,Abhay Kumar,https://play-lh.googleusercontent.com/a/ACg8ocIPSJ_v9DDF0Q5RY6mKq0Ft1WivXpoMQnUp8Yvqq7Tz5JjyFys=mo,very Good,5,0,6.88.0,2026-08-31 18:01:27,Thank you for your kind words :),2026-09-01 08:48:22,6.88.0
b4c1e020-2b19-422a-a020-4091a76a072d,Murli Sapkal,https://play-lh.googleusercontent.com/a-/ALV-UjVfyaUisvG0wE5uFBGtWeZhBVqwkw9pDSjSbciVNy6SfdfrLwM,good,5,0,6.88.0,2026-08-31 18:01:20,Appreciate the positive rating :),2026-09-01 08:47:58,6.88.0
31d04843-bc1e-4064-8781-74fe1c5d7bee,Pandurang Kharde,https://play-lh.googleusercontent.com/a/ACg8ocK9l8tIXWvptPkCQ-hMBaXlJFfSsjmx0nzkMce4NeX8JgT6QA=mo,Nice,5,0,6.88.0,2026-08-31 18:01:10,Thanks for the positive rating :),2026-09-01 08:47:34,6.88.0
4cde90f8-7449-4a2a-a18a-fa44cf439d54,Salaudin Sheikh,https://play-lh.googleusercontent.com/a/ACg8ocLD2SFsjDJ056FhvKfX9uUvypDs40Bkydedjyr550ANHzINKQ=mo,good 👍,5,0,6.83.0,2026-08-31 18:00:27,Appreciate the positive rating :),2026-09-01 08:47:09,6.83.0
ad50f939-63d2-42f1-9f89-750c708fe8f6,Sunil Bahl,https://play-lh.googleusercontent.com/a/ACg8ocJfRk9gjaBExaypAMkiANa5lD-YA_WcbycI2ps1-fZYuX9CNQ=mo,Very fast and quick delivery,5,0,6.88.0,2026-08-31 17:59:50,Thank you for your kind words :),2026-09-01 08:46:41,6.88.0
64752a20-d0b7-4b82-b99c-bcff1462e4c1,gausul khan,https://play-lh.googleusercontent.com/a-/ALV-UjVGJ5at5u-IdX7sn9uIkb_WXODuyWV8j1lIYlr3sdqHRLLCOEvj,good service,5,0,6.87.0,2026-08-31 17:37:46,Thanks for the positive rating :),2026-09-01 08:40:40,6.87.0
48e5bf4d-c3a6-415c-9c2a-20bb0aee3795,Bhupesh Sharma,https://play-lh.googleusercontent.com/a/ACg8ocJeo65fOd9dCL7wWENtJxI82WDrCJWcEG8PORDGUDpvGgsauA=mo,it's Veri good,5,0,6.87.0,2026-08-31 17:25:04,Thank you for your kind words :),2026-09-01 08:39:53,6.87.0
42ff0e10-9ba8-4cc0-bb8f-f1b8a3840586,Thakur status,https://play-lh.googleusercontent.com/a-/ALV-UjXUmQXvtFsJpYrSiTBUaR4VG3yHqQGJCZFf1Kh-WOAKhkUxhY6j,good,5,0,6.88.0,2026-08-31 17:15:51,Thanks for the 5 star rating :),2026-09-01 08:32:31,6.88.0
47b1847e-7ada-4153-a23d-2c40c3182a6b,Arjun N,https://play-lh.googleusercontent.com/a-/ALV-UjVMyqpc7wQbR_uC6H7UymHR0rJRjHMikBBdGN5nCgUa389D7japcg,Good app very reasonable prices,5,0,6.88.0,2026-08-31 17:07:59,Delighted to know about your positive experience :),2026-08-31 18:42:02,6.88.0
76383d90-465e-4f26-a07f-77c582e70e95,Pavan Anuse,https://play-lh.googleusercontent.com/a/ACg8ocLCNquOkOEBmX5GokpaMwJC-G10adrnTK5rMrrWKq_S-vpD8g=mo,Thank You,5,0,6.86.1,2026-08-31 17:01:32,Thank you for your kind words :),2026-08-31 18:41:25,6.86.1
a74e5509-87c7-424b-b545-8a0c3aac4701,B S,https://play-lh.googleusercontent.com/a/ACg8ocJQmST9Q0GOR4TlA18yUFYCPisIGVohYdLVaExeCrw3lkJQpg=mo,nice 👍,5,0,6.88.0,2026-08-31 16:52:36,Thanks for the positive rating :),2026-08-31 18:40:27,6.88.0
c90f7018-e782-4c46-93f5-89b0bea99e1d,Nandha Kumar.B,https://play-lh.googleusercontent.com/a-/ALV-UjXxQQyqkiiRQ-GRGchpClPFd9d0NBMBpaSXIPaD60KcAbA-HXBBIA,some times vechile not allocated,3,1,6.87.0,2026-08-31 16:48:43,Sorry to hear that. Please reach out to us on help@theporter.in for any help needed.,2026-08-31 18:39:56,6.87.0
e9090008-7272-499d-b543-efd2b37e8351,Bablu Manihar,https://play-lh.googleusercontent.com/a/ACg8ocK2nM_ld3AjdR5b2xemL801SVww8uWd0UwAIR8tFWI-S7NXWg=mo,thanks you,5,0,6.86.1,2026-08-31 16:39:32,Thanks for the 5 star rating :),2026-08-31 18:39:01,6.86.1
6ff81956-5990-4b95-a3b8-e16a9bec1790,Sukhpal Singh,https://play-lh.googleusercontent.com/a-/ALV-UjVh4deM1isaXt4JoYMzvJqJBjNA1pZJpqc8tARHFZ2oFgMXDf_y,good work,5,0,6.88.0,2026-08-31 16:26:37,Appreciate the positive rating :),2026-08-31 18:36:34,6.88.0
dc68ca0d-48f8-4506-8974-10aa29ea90d1,Seema Chuniana,https://play-lh.googleusercontent.com/a/ACg8ocL66Lgh1hwahncWK3w0eJOPY5vr_d9qp_HLCHVHhCzKp0VPqabY=mo,Good service,5,0,6.87.0,2026-08-31 16:11:49,Thank you for your kind words :),2026-08-31 18:33:38,6.87.0
410bcf88-fa7e-4c85-b18b-bf4d3eb7e1f5,jai pattewar,https://play-lh.googleusercontent.com/a-/ALV-UjXfriUKJUKOw1r_18X8iie7mf5xlJ-jchVweh2T-nBOx1ZWfmJS,"Delivery partners are frequently late—sometimes by 2–3 hours—and there have also been instances where they cancel at the last moment. What makes it worse is that customer support provides little to no meaningful assistance when these issues occur. I would recommend using Porter only if your delivery is not time-sensitive and you’re okay with it potentially being delayed by a day or two. They may be cheaper than alternatives, but the service quality reflect",1,2,6.87.0,2026-08-31 16:05:08,Really sorry for the experience. Please share the order details on help@theporter.in so that we may investigate this and assist you further.,2026-08-31 18:33:10,6.87.0
75b60205-cd39-4181-8106-8777cacda27f,parveen kumar,https://play-lh.googleusercontent.com/a/ACg8ocKZ9qJ7nXUAenXXFPmXnRj4sySFTrkm_g9u4KIkQCsCoa8oAA=mo,wall done,5,0,6.88.0,2026-08-31 16:02:36,Appreciate the positive rating :),2026-08-31 16:03:46,6.88.0
869777ec-a007-4c9f-b1f3-4dde77f16952,Omsai Ak47,https://play-lh.googleusercontent.com/a/ACg8ocIY_RSOEQFa8iHw1HwABft8coOALV4qG6ftqwAvtiNQaILhNA=mo,good,5,0,6.88.0,2026-08-31 15:47:58,Thanks for the positive rating :),2026-08-31 15:52:48,6.88.0
a7c70bf6-f2b9-46c0-aab6-463398e75020,Krishna Desai,https://play-lh.googleusercontent.com/a/ACg8ocIlSgmgtW7y6aznUOBpnNy92NUpfhQnOfExnAm0fX7wNXaO-Q=mo,very nice,5,0,6.88.0,2026-08-31 15:37:30,Thanks for the positive rating :),2026-08-31 15:42:27,6.88.0
b0370616-e697-41e7-bdb6-2fce862f4bf9,Sameera Khatoon,https://play-lh.googleusercontent.com/a/ACg8ocKiNSmnXovPX7k4wJo0A_rWPSeklf6IutC-E5SQidcsyXIr5A=mo,Very bad experience had a alot of troubles with this app and the service is also very bad it deserves 1-star rating,1,1,6.88.0,2026-08-31 15:26:33,Really sorry for the experience. Please elaborate your concern on help@theporter.in so that we may check this and assist you further.,2026-08-31 15:36:42,6.88.0
7b782e70-aed0-4b47-bc91-d9a0e67cf46c,Bushra sadiq,https://play-lh.googleusercontent.com/a/ACg8ocLaImQuLKmhiSEF4MpeAe5GZTe9xYFDEPU8vM7r2OpiMpnXSw=mo,worst experience ever with porter this is worst app they threw everything on the road and went. they created a new scene on the road which was very bad worst app,1,0,6.88.0,2026-08-31 15:14:02,Really sorry to hear that. Please share the order details on help@theporter.in so that we may investigate this and assist you further.,2026-08-31 15:26:35,6.88.0
1b8342ea-9492-4557-aa0c-aa327fba201b,Muhammad Faraaz,https://play-lh.googleusercontent.com/a/ACg8ocIrGMnugJDzO7vhKwpPC4vQzl5S-K76-FcOXcbEyQsql7MK2kA=mo,worst experience with porter ever the labour came and they threw all my belongings on the road and made a new scene on the road never BOOK PORTER IT IS WORST,1,0,,2026-08-31 15:10:22,We are really sorry for the experience. Please share the order details on packermover@theporter.in so that we may investigate this and assist you further.,2026-08-31 15:17:34,
e57ce6c5-1532-4cf6-89ec-053528333292,Raj Kamal,https://play-lh.googleusercontent.com/a/ACg8ocJEu3gJFVu3B6hDIwKE3KBTKrzrlUzSg7ZtnLyNnGI1lzwPJoo=mo,very convenient,5,0,6.88.0,2026-08-31 15:03:58,Appreciate the positive rating :),2026-08-31 15:15:59,6.88.0
3b5dbdc8-f30c-4e84-9b6d-f0ed82d27094,Sanjay Thakor,https://play-lh.googleusercontent.com/a/ACg8ocKX4QjBqFAcSCkKu0j-WJh0lfvnxC1loYpQcCs3PhPmlRaz3Q=mo,good 😊,4,0,6.87.0,2026-08-31 15:03:57,Appreciate the positive rating :),2026-08-31 15:15:26,6.87.0
0ae664d7-f4bf-4673-a2f3-ea6a785f7d56,Usman Ali,https://play-lh.googleusercontent.com/a-/ALV-UjVfsTfBF8tRW5yEudQKVtcM2-InUWgzgI9ER6afTm71vbBAb4SxJw,great 👍,4,0,6.88.0,2026-08-31 14:57:22,Thanks for the positive rating :),2026-08-31 15:04:27,6.88.0
566fdfaa-312d-4f0f-8157-b505b24e49fd,Mohammed Ali,https://play-lh.googleusercontent.com/a/ACg8ocKjqkEEOExb3n1MX44tnmv6MHb4rrm2ROBQXKWjHmQYVVgrLA=mo,good,5,0,6.87.0,2026-08-31 14:51:30,Thanks for the positive rating :),2026-08-31 14:54:21,6.87.0
43e81f02-2401-4c88-8ba7-e74059682066,Manish Patel,https://play-lh.googleusercontent.com/a-/ALV-UjUxMYW0oJLyaMgejPQYQN99XGyArbbXKYu5AzW55iDiGwEinArccg,nice service sir thanks,5,0,6.88.0,2026-08-31 14:45:41,Thank you for your kind words :),2026-08-31 14:53:47,6.88.0
811e3ee2-7b8f-4bc3-a0aa-01b9b0b9e3d8,Raj Asawale,https://play-lh.googleusercontent.com/a-/ALV-UjUULCTZSOKKMWXcjSSUKxp2dKlXGjq5oo0jErYQz_OPEX2rLWQp,good,5,0,6.87.0,2026-08-31 14:38:01,Thanks for the positive rating :),2026-08-31 14:45:09,6.87.0
fabfed7b-e941-4083-9743-ee7d561da143,Dnyaneshwar Gvjdhgjfyksugusgfgai,https://play-lh.googleusercontent.com/a/ACg8ocIsbr0Z2iMhjCeqr3_4IYvGl0mH51yIe8HBbmutgkzXBsiWRg=mo,excellent 👌,5,0,6.88.0,2026-08-31 14:34:49,Thanks for the 5 star rating :),2026-08-31 14:44:39,6.88.0
41973e83-60c1-4d2f-9fc7-9ee4e41a0525,Soeb Saiyad,https://play-lh.googleusercontent.com/a/ACg8ocIUZ7hrJqcfn1Od0azz4_pb-zUT71I3fxKbrayVTB4CxsOTiw=mo,your service is our real relief,5,0,6.88.0,2026-08-31 14:30:21,Thank you for your kind words :),2026-08-31 14:41:55,6.88.0
bc07296a-30d3-462b-a9f5-8c80c322f5e3,sikander qadri,https://play-lh.googleusercontent.com/a/ACg8ocJbrlczsF6bxT1Y9mEf37VMaJ_U4B6JRqtzzeG3i6E4P3pmEg=mo,good service,4,0,6.86.1,2026-08-31 14:29:43,Appreciate the positive rating :),2026-08-31 14:37:43,6.86.1
44356443-d52f-4cf8-8593-61811aea5257,zoya Fakhi,https://play-lh.googleusercontent.com/a-/ALV-UjWCBVPNTdz-SDcNICtqUqzfIfJqC0JmMoorq1d7bbdfCRZYC_vR,"If there would be an option to give no stars then they would deserve that,unprofessional and unskilled. Don't use their service they don't know how to pack ,no sense of adjustment.AC installation and TV installation also they didn't do despite taking the money,they are lazy. I would never recommend anyone this service . They take money but no value for money. Local handcart people will be better for shifting. Very bad experience ,will never book this again and recommend others also not to.",1,1,6.87.0,2026-08-31 14:21:06,We are really sorry for the negligence. Please share the order details on packermover@theporter.in so that we may investigate this and assist you further.,2026-08-31 14:36:46,6.87.0
24feca23-d7d9-4e15-b5e7-8e3ad27666e2,DanavFire Yt,https://play-lh.googleusercontent.com/a-/ALV-UjUm8afEefyRoXcmJdZTD3ar8rlQuxyorHMM4N7qPsK0xZ_75uHs,dont use this app totally fraud delivery partner ka phone nhi milta hai or customer care se support bi nahi hai or order uthane ke baad delivery partner ki different different City me location change hoti rahti hai totally wastage of money dont use,1,0,6.88.0,2026-08-31 14:15:53,Really sorry for the experience. Please share the order details on help@theporter.in so that we may assist you further.,2026-08-31 14:33:53,6.88.0
4c44a461-627e-47d3-a4a4-5672916755af,Saurabh Kumar,https://play-lh.googleusercontent.com/a/ACg8ocJLhk0L8KC2KSfWmMgV5fSJHyxUjH4EIq21eGvvHD4qXkykbA=mo,good job,5,0,6.85.0,2026-08-31 14:08:37,Thank you for your kind words :),2026-08-31 14:23:45,6.85.0
c07066df-72d7-45ca-b54c-be2c8e535e1d,Sahil Patel,https://play-lh.googleusercontent.com/a-/ALV-UjUwkPmUrRTy6it7kgxwNN64uWcMuqfmN-VcheeGiQLYD7EdBr4,too good 👍👍👍👍,5,0,6.88.0,2026-08-31 14:06:55,Thanks for the positive rating :),2026-08-31 14:23:14,6.88.0
48ce737f-4207-4d58-a6ba-32e17a13576b,Santhosh Nayak,https://play-lh.googleusercontent.com/a-/ALV-UjV-c41ILcN4CU881L0dNM-lZqtunZRPkej7AYHMEqUK7Jb80IMg-g,Good and prompt service,5,0,6.88.0,2026-08-31 14:03:38,Thank you for your kind words :),2026-08-31 14:22:49,6.88.0
092ae4e8-1c27-4e2c-a705-8780361ed0ff,Pooran Singh,https://play-lh.googleusercontent.com/a/ACg8ocJbCGPk75G9tqYYQzmcaTcbMf0bQCrcWKIN0KrGndJDBGgoSA=mo,Booking ke bad bda dete h,1,0,6.88.0,2026-08-31 14:03:18,Sorry about that. Please share the order details on help@theporter.in so that we may check this and assist you further.,2026-08-31 14:20:48,6.88.0
7a68511e-10fb-49e8-85c3-21e5d153885e,Mahfooz Malik,https://play-lh.googleusercontent.com/a/ACg8ocLDLu3y7qlBr3xdHGQ7ZxDxY31pUB_g92VWBpRbSnXjW0fvZw=mo,best,4,1,6.88.0,2026-08-31 13:57:32,Appreciate the positive rating :),2026-08-31 14:03:51,6.88.0
b8af53d8-9f0d-4206-b83f-103b5ad65804,ASHISH KUMAR,https://play-lh.googleusercontent.com/a-/ALV-UjWBRgf4yk8wPvYajnEIUGAsBODucYb0_DF0zpfFtAD7Kz8LaZc,nice,5,0,6.87.0,2026-08-31 13:51:14,Appreciate the positive rating :),2026-08-31 13:58:51,6.87.0
4f037d32-72c3-44bd-b40b-dde58650db84,Vineeta Gupta,https://play-lh.googleusercontent.com/a-/ALV-UjUhk8va1VRG7qmh0V810Bmk-IbS5wpnXIEr6NceRSLwD_w_YYR-,good job,5,0,6.88.0,2026-08-31 13:50:28,Thank you for your kind words :),2026-08-31 13:58:26,6.88.0
3aae86ca-6c40-4768-8f53-b9a51f4c3067,Rohit Kamble,https://play-lh.googleusercontent.com/a/ACg8ocIg2DuJLpxihULQgrTYR1CZ92Oc5LJad7DbkoBPEXcXvMafGw=mo,Too good services,5,0,6.87.0,2026-08-31 13:39:33,Appreciate the positive rating :),2026-08-31 13:47:36,6.87.0
8d6d74a4-4c28-47d7-98c8-2c0582618589,Shree Shyam Logistic Odhav,https://play-lh.googleusercontent.com/a-/ALV-UjXSzClbJkEGEeWAaAGBDMambgjU44jbNI0IcVL4c2aNqw7RANbg,Good Service,5,0,6.88.0,2026-08-31 13:37:48,Thank you for your kind words :),2026-08-31 13:47:05,6.88.0
ef74c036-9160-4336-9dd2-282467dd166c,satyajeet singh,https://play-lh.googleusercontent.com/a-/ALV-UjVMCBv_7rgneUv7Lqcb4QYvjxCk433YASiZ64sGdYN9InswTJaU,good service,5,1,6.88.0,2026-08-31 12:38:42,Thank you for your kind words :),2026-08-31 12:42:15,6.88.0
f8e97fb6-0361-4d76-9aef-bdfd7333acb9,Jeevan Ranju,https://play-lh.googleusercontent.com/a-/ALV-UjVh1KFeSwvTZsLjfNmgiggOGioMfeFqWUyV4KQ8hEHzUGkKrHJE,good,5,0,6.88.0,2026-08-31 12:30:48,Appreciate the positive rating :),2026-08-31 12:41:50,6.88.0
d8e945ab-8654-45ba-8055-9f078e45a8ac,Manish Jaiswal,https://play-lh.googleusercontent.com/a/ACg8ocKVsb0dNnAGg5-wiQnN5jymG6L2Ppw0ekT54mESTYv1eFZNLg=mo,very very very good,5,0,6.88.0,2026-08-31 12:22:36,Thank you for your kind words :),2026-08-31 12:25:51,6.88.0
80b19b8d-996f-4ede-ac77-5e452a8cd93a,R k kashyap,https://play-lh.googleusercontent.com/a-/ALV-UjX3Dv-45Z4O9M4CY1U26aYZwEJWk4RETobCIvYN-p_VhxCWVA0olA,very good 👍 timings,5,0,6.88.0,2026-08-31 11:51:08,Thank you for your kind words :),2026-08-31 11:52:57,6.88.0
2091faf1-1b2b-4596-a288-9deaab0dd5f5,purshottamm hunsigi,https://play-lh.googleusercontent.com/a/ACg8ocIRzyfdUDf1UO8tN7f2rvkwRs5NMhr85fgLcuUnMkPV2s_CxQ=mo,very polite n professional.,5,0,6.88.0,2026-08-31 11:31:59,Thank you for your kind words :),2026-08-31 11:42:05,6.88.0
a0655b5d-5757-41dd-9b44-ab96bd170bda,Raja 1910,https://play-lh.googleusercontent.com/a-/ALV-UjWlJgzRmQo9bHttiH24MRT_EQmPy_qdUZVsBeJ8Z8mPsf1kSPn-,very good person timely delivery,5,0,6.88.0,2026-08-31 11:24:03,Thank you for your kind words :),2026-08-31 11:38:35,6.88.0
36d8512a-2a9c-4b10-9895-ff5d8a6693c6,Gautam and Nishika,https://play-lh.googleusercontent.com/a-/ALV-UjVG4TGN_bczhXIo6vgA3cDm9hC-LvZZLppCWtahsm5YuqPZbQpLEg,timely and reliable,5,0,6.88.0,2026-08-31 11:12:27,Thanks for the positive rating :),2026-08-31 11:16:45,6.88.0
15d81249-f0ac-450b-82d2-426c99756a64,Satraboina.lakshmanarao,https://play-lh.googleusercontent.com/a/ACg8ocI3AGoSWxd6VrML7Y4U0JYMU2tfrkz8z1g-ueDAECDMBoXvmP1T=mo,good,5,1,6.88.0,2026-08-31 11:10:10,Thanks for the 5 star rating :),2026-08-31 11:14:59,6.88.0
d20d4014-c0ad-4ff1-a888-a865554c2cfd,Anand Amnerkar,https://play-lh.googleusercontent.com/a-/ALV-UjXw8DIT-oodrLlAqdDJdaphzPDD80XWAi9XNf7boqqZ9hRT48-a,good acha hai,5,1,6.88.0,2026-08-31 11:03:43,Thank you for your kind words :),2026-08-31 11:16:14,6.88.0
c4e92675-d4b1-41c8-8a2b-5f33131329e9,Dhara Sakariya,https://play-lh.googleusercontent.com/a-/ALV-UjX9FLbsYvfJ41ZUVxph6s7vcHgHePW1MGAqD6xlmE4v5dc0WCM,👍,3,0,6.88.0,2026-08-31 11:02:48,Can you please rate us with more stars if you like our services?,2026-08-31 11:04:43,6.88.0
2d3221f9-07df-450b-a102-0bec7e399083,Gaitam Kumar,https://play-lh.googleusercontent.com/a/ACg8ocJJ-Ti2F1ObtLK32C-_LiW-CY8dSQ6aVPdhlc1egCy0T-44lg=mo,super service,5,1,6.88.0,2026-08-31 10:34:26,Thank you for your kind words :),2026-08-31 10:41:53,6.88.0
5abe5c0f-5a35-4864-9d9c-2ad53c2705a6,Anbu S,https://play-lh.googleusercontent.com/a-/ALV-UjVqibYdO55Ns9E_iBzGvCBv22kX0mKnHUm1XPE7Jdd8AerK8-0,super app,5,0,6.87.0,2026-08-31 10:29:56,Thanks for the positive rating :),2026-08-31 10:35:47,6.87.0
72a17b14-cc58-4d65-868d-97f49e616b72,riaz wahab,https://play-lh.googleusercontent.com/a/ACg8ocLzdcau48lbRYBIb1kWUlMAP0gw_-O1VRoNTCle93j7zCUhow=mo,awesome driver and very polite,5,0,6.88.0,2026-08-31 10:23:55,Thank you for your kind words :),2026-08-31 10:35:21,6.88.0
a5b46aec-d2dd-44b0-a1ff-361536931733,Sajith P,https://play-lh.googleusercontent.com/a-/ALV-UjWSrHruExu3Mrz6qy4VKnzwLs3txbGBKQ_dkoiqCKPFy0kdm5M5Lg,good service,5,0,6.87.0,2026-08-31 10:23:19,Thanks for the positive rating :),2026-08-31 10:25:50,6.87.0
b94492a6-2260-4368-b532-83029d9ca4bc,Ayush Kamal,https://play-lh.googleusercontent.com/a-/ALV-UjVVP9e21XHoVyDd_YE2uA58S2did0mAGI2eJmC17tOx3DQMxuo9,good experience,5,0,6.88.0,2026-08-31 08:43:47,Thank you for your kind words :),2026-08-31 08:55:05,6.88.0
f5c80ade-fddd-4de0-a86c-92658fb95beb,Lakshmi D.K.,https://play-lh.googleusercontent.com/a/ACg8ocLKgIlmojd_lcADnqL4VxLhrhVmieQ3wLiHm_UN4uuJBTuJn0S2=mo,good and affordable price,5,0,6.88.0,2026-08-31 08:34:32,Appreciate the positive rating :),2026-08-31 08:45:21,6.88.0
5d55b921-2455-413e-9872-d07a66e72106,amar chand nogia,https://play-lh.googleusercontent.com/a-/ALV-UjWJqoeF5zP7CTTxlijKW-laEd_qsdWl7NCOdhguNREvtrhGRTA,v good driver,5,1,6.88.0,2026-08-31 08:28:41,Thank you for your kind words :),2026-08-31 08:44:24,6.88.0
8f92d89a-0b8c-4542-8b4c-e277f306ca14,Mehboob Ali,https://play-lh.googleusercontent.com/a/ACg8ocIeh11hCUvHDAK-NDUtVcr4BGQbNkl7ubfgbtjzUkrktFoxVQ=mo,good service,5,0,,2026-08-30 23:32:51,Appreciate the positive rating :),2026-08-31 08:37:33,
f9215bf5-0e35-4d0b-986c-df1a40c26231,Samrina Shaikh,https://play-lh.googleusercontent.com/a/ACg8ocLXQ1yGSQbjP7sz-rK5CAPhu1Ze01uNVFXIs_C0epnSMGyyYg=mo,porter gives good and quick service..,5,1,6.88.0,2026-08-30 23:26:47,Thanks for the positive rating :),2026-08-31 08:36:50,6.88.0
53720866-26b9-4cc7-ae0b-cb34825f9af1,Payal Bhatia,https://play-lh.googleusercontent.com/a-/ALV-UjXZTac01oFqBP6LIufO9WRMA8NYHXdTDFRMKW9QbYyRtX44b0DeTA,best app for work and emergency.... thanks ☺️🙏,5,0,6.88.0,2026-08-30 23:03:06,Appreciate the positive rating :),2026-08-31 08:36:22,6.88.0
7bdd0f57-2cb8-4cc0-9e2b-9ec8fc394b29,Rahul Rajubhai Chunara,https://play-lh.googleusercontent.com/a/ACg8ocKQs_-vUJNzwHwM_HU9ApPh3LkvadF1xkVRU6LinL1Bbu2rzg=mo,nis Job. Thenk you bhai,5,1,6.88.0,2026-08-30 22:12:37,Thank you for your kind words :),2026-08-31 08:34:34,6.88.0
c500ef2d-adc0-4ec9-8a04-e6a3cdd01ed2,Hashita Singhania,https://play-lh.googleusercontent.com/a/ACg8ocIf6Qr5CjLK9FJvE-iG3WSLq9Fqif2IDiMC4OYb5wM-IakP2Q=mo,"EXTREMELY BAD. Rider delivered damaged goods, took extra money and ran off. Just because my business is not a GST registered one, they refused to compensate for damages or return the extra money which the rider took. Do not use this app if it's not registered, you won't get your money back if your goods are damaged in transit.",1,0,6.88.0,2026-08-30 20:52:24,Really sorry for the negligence and the overall experience. Please share the order details on help@theporter.in so that we may check this and assist you further.,2026-08-31 08:22:17,6.88.0
e1c62b28-5b01-49ae-96fb-e2838f4c6038,ANSHUMAN SINGH,https://play-lh.googleusercontent.com/a/ACg8ocIiJR-AG1LqsS-5S_F1Ai_1XjBa8bRAo27LIbPJZISSI8j-ig=mo,very bad experience,1,0,6.88.0,2026-08-30 20:21:25,Sorry to hear that. Please elaborate your concern on help@theporter.in so that we may assist you further.,2026-08-30 20:39:09,6.88.0
40bd638a-528b-416b-9fd1-88afdb6828d6,Aditya Gupta,https://play-lh.googleusercontent.com/a-/ALV-UjXIVrX8XXec4wPezmykZHd_6h0zJ8G4RC1oAraXVZcCmThymm5EEQ,Very good service,5,0,6.87.0,2026-08-30 20:15:02,Thank you for your kind words :),2026-08-30 20:36:24,6.87.0
94585c3e-f3a1-46dc-aad2-3bb68590496d,shardul mahadik,https://play-lh.googleusercontent.com/a-/ALV-UjU9vTeDZYZ8VEEA3Bo2Demry3tztvqMIUKW50psHbbVg8idv4T7cA,Good,5,0,6.87.0,2026-08-30 20:12:14,Appreciate the positive rating :),2026-08-30 20:27:00,6.87.0
d588a683-ba76-425c-bc79-9845c8728624,Mandeep Yadav,https://play-lh.googleusercontent.com/a-/ALV-UjXWy5HWBlSOy46XbKlbhk7kC4uabFIfz87xuaaQym0aaPeY-ixf,good 👍👍👍,5,0,6.88.0,2026-08-30 20:07:54,Thanks for the 5 star rating :),2026-08-30 20:17:35,6.88.0
94a53c5d-c924-4293-858d-fb9116fb8b4e,Samar Khan,https://play-lh.googleusercontent.com/a-/ALV-UjUz_swy-TnGeYPCknp46WfJoyalPV4xgGRkchShh3DSfcPFcjCneQ,good,5,0,6.88.0,2026-08-30 19:15:50,Appreciate the positive rating :),2026-08-30 19:33:52,6.88.0
21993ace-3ed3-443a-992d-f0131dc21578,Raju.L B,https://play-lh.googleusercontent.com/a-/ALV-UjWBvIOcoXQy0s8iqidQKr69W-2_IR8FEkIFHDzLg68KnHFKS2Fd,👍🏻,5,0,6.87.0,2026-08-30 19:12:03,Appreciate the positive rating :),2026-08-30 19:14:55,6.87.0
1ac7dbc0-2a15-482d-94f6-244f89d74f75,Mayur Wagh,https://play-lh.googleusercontent.com/a-/ALV-UjXH9e-b1tewveTjpk2wuW8Jhw_HLmmwCusEXDmpX81MsPZ7axMS,very good,5,0,6.88.0,2026-08-30 19:03:03,Thanks for the positive rating :),2026-08-30 19:21:32,6.88.0
972a2dbd-1cfe-414a-ac06-d65b684d68c0,Vishnu Karottu,https://play-lh.googleusercontent.com/a/ACg8ocLZ_SRlylLVj0RS-n_LQ3va8Fi6DoCvSBD_vLjV90sCxrm5T7M=mo,Bokked porter service and here waiting for more than 2 hrs but still not received the service. Took advance money for booking. Pathetic support staff service an no proper solution is provided. Vendor blames support staff ans support staff asks u to underatand. Its been hell of an experience.,1,1,6.88.0,2026-08-30 19:00:50,Really sorry for the experience. Please share the order details on packermover@theporter.in so that we may check this and assist you further.,2026-08-30 19:05:02,6.88.0
c52bd6e1-b437-495e-b6d1-69528c9fbc62,Amjad Saifi,https://play-lh.googleusercontent.com/a-/ALV-UjVrZURg2LqNkchuqvIzIaiQ5P4huMsy56832DzMFsbr8hfehEOu,good👍 सर्विस,5,0,6.87.0,2026-08-30 18:58:32,Thank you for your kind words :),2026-08-30 19:05:49,6.87.0
aa949a81-00b8-4dae-b850-11d96969ec27,queene Consimino,https://play-lh.googleusercontent.com/a-/ALV-UjVj24ySccQscd3xGVmuaR6MTeY7w7XgrE-bTmuwOXbAoMq4zcg,very responsible and helpful,5,1,6.88.0,2026-08-30 18:49:33,Appreciate the positive rating :),2026-08-30 18:56:28,6.88.0
1d60b805-d963-420a-bc09-7a14884327ac,Shamim Ahmed,https://play-lh.googleusercontent.com/a-/ALV-UjV2tIeUnQMagLW7eAc1XN2Rq_RkUcQnEXH8Vu3ceb52w_bIXPV4,osm,5,0,6.88.0,2026-08-30 18:42:13,Thank for the 5 star rating :),2026-08-30 18:56:04,6.88.0
6731506c-c2be-464e-80ef-e3e6c1d348a4,Vishal Chikte,https://play-lh.googleusercontent.com/a/ACg8ocKow2LRuRzrGwa1glIt_ctyzJPD14-l6nEgrVs5V9itO0QKrQ=mo,chhan service,5,0,6.88.0,2026-08-30 18:37:04,Thanks for the 5 star rating :),2026-08-30 18:42:04,6.88.0
0905f3a2-8a7a-4a8a-920c-d9738d36a7f1,Vinothkumar S,https://play-lh.googleusercontent.com/a-/ALV-UjU3qPFLWZRqXo3bh9HPGqgPkmjv59j2jesaxH7Ym0G9v8RklnhiEg,super hero,5,0,6.88.0,2026-08-30 18:25:23,Thank you for your kind words :),2026-08-30 18:41:18,6.88.0
057e7a9e-efe4-487a-b7c8-662edcbc3886,Abiamber Aisha,https://play-lh.googleusercontent.com/a/ACg8ocJ0QMyptzcBlzf5CAlJSbiMH78znZ19uI7i1GYUAqNRxStF3A=mo,good 👍😊,5,0,6.86.1,2026-08-30 18:24:36,Thanks for the 5 star rating :),2026-08-30 18:32:19,6.86.1
543700cd-44fc-4bf4-a57c-e6cd046a5096,Amit Kumar,https://play-lh.googleusercontent.com/a-/ALV-UjUDfTs8AmsUwR4UcR7byMWnTSnHBve-3r4R86tLJGXVLDLZEzqD,nice 🙂,5,0,6.88.0,2026-08-30 18:24:26,Thanks for the 5 star rating :),2026-08-30 18:27:55,6.88.0
18ce870b-48b4-4a6d-9f03-2c2dc5223721,Shivakumara hn Shivakumara hn,https://play-lh.googleusercontent.com/a-/ALV-UjUDZy59NV3rRZzNpd9kIA8UcECxPA6r3V-8rZc6j21PoQ5PDkI,super,5,1,6.88.0,2026-08-30 18:09:28,Appreciate the positive rating :),2026-08-30 18:26:32,6.88.0
ee99c8db-cbd0-4917-8e69-250187831bdb,Badal Rathore,https://play-lh.googleusercontent.com/a/ACg8ocIKnDkMR_CQBUM6M2aKhxZjnIxEcUl-9aMu8h_quy8AAd15qw=mo,very convenient app,4,0,6.88.0,2026-08-30 17:57:53,Thank you for your kind words :),2026-08-30 18:05:04,6.88.0
3217f886-e7c5-4a4a-81ba-8402fca67940,Santosh Dande,https://play-lh.googleusercontent.com/a/ACg8ocIaWdiJaxvY8qmr4iO0M-Ddoi7Xuy7oikpH_pjtp0GNNuFEvCdJ=mo,thanks very good service,5,0,6.88.0,2026-08-30 17:48:58,Thank you for your kind words :),2026-08-30 17:53:06,6.88.0
9a2412d2-e828-48d3-a0be-8ca7ab931d65,Chetan Rathod,https://play-lh.googleusercontent.com/a-/ALV-UjXEFgRhWxFlR8kCR9wbbgMliK8nkv79voithzbDH2-GA8BTriDr,best working porte,5,0,6.88.0,2026-08-30 17:36:52,Thank you for your kind words :),2026-08-30 17:51:32,6.88.0
a1747214-2a05-46e7-8413-bd9e621085f0,Sms Jaat,https://play-lh.googleusercontent.com/a-/ALV-UjW1njscS2Vf1aVtlWAxs6Tbnql7SOl87d9T5AI0UfqPMpnsIQ,rate bhut jayada hai aapki,1,0,6.88.0,2026-08-30 17:08:46,We value your feedback and have shared it with the team for further review and consideration.,2026-08-30 17:19:22,6.88.0
e77427b6-3d7f-4a4e-8d1a-4e8cfd24e223,vijeesh viswam,https://play-lh.googleusercontent.com/a-/ALV-UjUulBaSvlQIaMq0Bs3FJ36Gtykf-HTfJl8o5VDGU1aVcvyxEU8,poor management 😢.,1,0,6.88.0,2026-08-30 15:36:13,Sorry to hear that. Please elaborate your concern onhelp@theporter.in so that we may assist you further.,2026-08-30 15:51:26,6.88.0
d545ad62-9998-4e54-b6c9-aaf4f42e0cdf,Mahipal Singh,https://play-lh.googleusercontent.com/a/ACg8ocJhm2UG9GTSs8iGZk4k54AQwujQAnEgner7EjaQn_dpZWLDqg=mo,👍,5,0,,2026-08-30 15:36:00,Thanks for the 5 star rating :),2026-08-30 15:50:04,
b4565793-05da-4a5d-9b09-c6fdf8ef511b,Prashant Gaykar,https://play-lh.googleusercontent.com/a-/ALV-UjW6iXRu9ci3s7kKLzopVwY583j_3EcLAt25EwiBZeLtDQoIKhBXAw,nice 👍,5,0,6.86.1,2026-08-30 15:30:29,Appreciate the positive rating :),2026-08-30 15:50:46,6.86.1
d7e5674c-eb3a-43bf-bd9b-6c191129acf8,Manpreet jammu,https://play-lh.googleusercontent.com/a-/ALV-UjXuSEXR4E7Ag3393Bcw5nHFIUGbSN5iZM1WFlSaFj86DCO51Lzz,good service,5,0,6.88.0,2026-08-30 15:28:46,Appreciate the positive rating :),2026-08-30 15:48:11,6.88.0
d6feada8-9b23-42b7-aa16-fef293a1e36a,Supreet Raj,https://play-lh.googleusercontent.com/a-/ALV-UjVDcYJ83LHGIrLFZ88gwfk3j4QwB2vQyga9CXM9Fl4gr-jc8tI,The porter rider asked for Rs 200 when the actual cost was 105 only.,1,0,6.88.0,2026-08-30 15:06:07,Sorry for the partner's behaviour. Please share the order details on help@theporter.in so that we may assist you further.,2026-08-30 15:22:23,6.88.0
942c95ab-f49d-43b8-96d2-6e82a74ae350,tushar bhingarde,https://play-lh.googleusercontent.com/a-/ALV-UjXUXqtM8Owii2yOE2psn_Qm0sM99u-POvKdwXyFaaafNSItCBT7,Porter hires dangerous drivers. Beware. I booked a service but then cancelled it within a minute because of change of plans. The driver called me and started asking me in a very rude tone why I cancelled. I told him it's not his business to know the reason. Then he said it costs CNG and decreases their rating which made no sense because I had cancelled within a minute. Then he started asking for my address and threatening me to come to my place for confrontation. I cut the call after this.,1,1,6.88.0,2026-08-30 15:00:35,Really sorry for the experience. Please share the order details on help@theporter.in so that we may check this and assist you further.,2026-08-30 15:06:21,6.88.0
1679adc6-2d15-4dfb-9668-7d2ed86c3222,Gyaneshwari J,https://play-lh.googleusercontent.com/a/ACg8ocIY8o6ecGzF-hVRNK3SKd2dzpEpNNojOP7xF0-eUYdm2c5YgA=mo,good,5,0,6.88.0,2026-08-30 14:55:27,Thanks for the positive rating :),2026-08-30 15:05:03,6.88.0
44964ea0-930d-42f5-90ca-dfbfcd96ae39,Anil Nishad,https://play-lh.googleusercontent.com/a-/ALV-UjWYKUcjPScZDwcWGTN5s6z5euaxJULhyi3vCsSjWTY7Rr7Mq2Wb,good,5,0,6.88.0,2026-08-30 14:52:30,Thanks for the 5 star rating :),2026-08-30 15:04:33,6.88.0
54be9d6b-2666-49d6-a736-1db289546e53,Prakash Gautam,https://play-lh.googleusercontent.com/a/ACg8ocJHF9Ma1e6w4r6u85ru-eSNtyHjS30u_DomtWSaumcvZ3GP_g=mo,good aap,5,0,6.87.0,2026-08-30 14:45:23,Thank you for your kind words :),2026-08-30 14:53:00,6.87.0
c186ef07-84cb-4835-b49a-52e9a6f2305d,Ghousiya Begum,https://play-lh.googleusercontent.com/a/ACg8ocJWlh6WamZO3HDW-wPdCE64G_d2VwC_IPPFT7anzXcYQN5QCA=mo,Iam very thankful to porter and the facility they provide for us,5,0,6.88.0,2026-08-30 14:37:00,Thanks for the 5 star rating :),2026-08-30 14:42:44,6.88.0
a7a985ab-9a98-4a81-ad3e-5c14933e0e27,S Kamesh,https://play-lh.googleusercontent.com/a-/ALV-UjX1AVtQgubMBCKaYaRrP4Ui68EkSaktZuL7rgsvb_HvOzmJld8prw,Helpful Service.,5,0,6.88.0,2026-08-30 14:30:30,Thank you for your kind words :),2026-08-30 14:42:19,6.88.0
e49bb77e-2550-437a-8f6e-4916fafee626,Susmita Ghosh,https://play-lh.googleusercontent.com/a-/ALV-UjXXLJaNWk8JA7WmudIY0_RR3cA7ghbCuhy3_A0CW1CKI8U-M5V-,best delivery,5,1,6.88.0,2026-08-30 14:03:29,Thank you for your kind words :),2026-08-30 14:35:03,6.88.0
445664c6-2f0f-4ce9-96d7-8ddc1ebd62df,Rashi Chokhani,https://play-lh.googleusercontent.com/a/ACg8ocLeaVQPztewoS0GTBZYCwJmOPS1_c93wYSH_LMulknj8KVB3PM=mo,"Cant take location properly, it shows its is picking the right location,but doesnt do that in reality, both the locations that the app picks goes wrong, plus no option of changing later",1,0,6.88.0,2026-08-30 14:00:29,Really sorry for the hassle. Please reach out to us on help@theporter.in for any help needed.,2026-08-30 14:27:14,6.88.0
086e6947-f0bc-4a9a-a2fb-ce05498edd32,Manan Trivedi,https://play-lh.googleusercontent.com/a/ACg8ocIzcA-PgW-2b69gVO0sivaBYjp0jyL3axZxyHw7AH4tC2BX5HA=mo,I used this service 2 times and both times Person refused to come to home and instead asked me to come on main road near the house if i want to use this service.. So now .i have stopped using it now....,1,0,6.88.0,2026-08-30 13:50:14,Really sorry for the experience. Please share the order details on help@theporter.in so that we may check this and assist you further.,2026-08-30 14:25:38,6.88.0
0b4be0c5-3557-40a2-a020-5893f0bbd1fb,Ebin Karthi,https://play-lh.googleusercontent.com/a/ACg8ocL_gzY5zukirdd1gJwAHIA6NNSVjAEtQdUtAj1suihRTo8QyA=mo,veri good happy,5,0,6.88.0,2026-08-30 13:45:52,Thank you for your kind words :),2026-08-30 14:24:16,6.88.0
cd8af6e8-f9fd-4ee9-86db-e471e8ae815b,fawad khanche,https://play-lh.googleusercontent.com/a-/ALV-UjWIlZ8ms01jZ5E_VwRMGgq96hoAM0h8o2BH7Gt9275yTwykBy3yow,Good service helperful riders,5,0,6.87.0,2026-08-30 13:36:32,Thank you for your kind words :),2026-08-30 13:50:49,6.87.0
84350199-31fd-49b7-a9da-90a44c174595,Jagruti Rathva,https://play-lh.googleusercontent.com/a/ACg8ocLfXXH3MERePqZoVLCGHcYYw4Xzz1nNc8aL0Q6SnBbTxnlcYA=mo,very useful,4,0,6.87.0,2026-08-30 13:36:05,Appreciate the positive rating :),2026-08-30 13:42:38,6.87.0
b8549581-5d16-4f7b-bbc5-70f36178c5ac,kishorbhai patel,https://play-lh.googleusercontent.com/a/ACg8ocINCRf2mj4D4dlmfL4z7RJi68TipcPujgeyKTQKEG115-DH5Q=mo,good service,5,0,6.88.0,2026-08-30 13:22:38,Thank you for your kind words :),2026-08-30 13:38:58,6.88.0
5f27ba39-40ad-4ec8-9129-64d0a3945df9,PRASHANTH NANI,https://play-lh.googleusercontent.com/a-/ALV-UjXMvKrWVthkzJ0Zi32qpOg9EWMc0D1oTP8YDx2vh1CG8WhLCuDp,good,5,1,6.88.0,2026-08-30 13:22:08,Thanks for the positive rating :),2026-08-30 13:36:54,6.88.0
6f9e9d9b-5f21-47e8-aab7-2884b795812f,thota darni,https://play-lh.googleusercontent.com/a/ACg8ocJfqp7o9TD_r_C-oz7k5_yRyNT9u1eCGe7xGxOw9W8v2y75tg=mo,otp must be there,1,0,6.88.0,2026-08-30 13:16:36,We value your feedback and have shared it with the team for further review and consideration.,2026-08-30 13:38:34,6.88.0
6f8c74ba-49bb-46d9-9356-29be1ebf28a7,Mohammed Shafi,https://play-lh.googleusercontent.com/a-/ALV-UjUYFbkFg9y_it3ykfaK8LIZsO13_WfvKMCsiHZ8tsv7f4qpEbUX,nice,5,0,6.88.0,2026-08-30 13:15:27,Appreciate the positive rating :),2026-08-30 13:33:31,6.88.0
f42792c9-1569-4948-b08a-44f2c7fa4b01,Shajitha Banu,https://play-lh.googleusercontent.com/a-/ALV-UjVLLhAEfTgAauygL26rlb5AeNz5vG_8qdUf2YuZJ90HIFTuzEKP,Worst app ever. Forget about the service. there is no proper confirmation from the team. Never expected this kind of behavoiur. our work halted for 2 days and we are experiencing we big problems. Never recommend and relay on this app. dont expect a mail or message from me. HIGHLY Disappointed,1,0,6.88.0,2026-08-30 12:54:48,Really sorry you feel that way. Please share the order details on help@theporter.in so that we may check this and assist you further.,2026-08-30 13:11:12,6.88.0
55b062e9-118f-42da-b78c-ca410ea4c566,Durgesh Kumar,https://play-lh.googleusercontent.com/a/ACg8ocL98LrWM5G12sOR_QauhvUqDFMj6mNx-9bObAuld9MhtpltKQ=mo,good,5,0,6.87.0,2026-08-30 12:54:25,Appreciate the positive rating :),2026-08-30 13:09:19,6.87.0
6db66635-42d3-4ccb-8baa-fa541d095e9a,Nandu Chirana,https://play-lh.googleusercontent.com/a-/ALV-UjWesGOKZztRirJb59neJucuNtUAXpp58g4oH76-QBoIxIBOyKSZ,very good service,5,0,6.87.0,2026-08-30 12:38:29,Thank you for your kind words :),2026-08-30 12:42:25,6.87.0
1f3b98cc-465b-435c-b237-e189faa6fefe,Het Patel,https://play-lh.googleusercontent.com/a-/ALV-UjUd2epFTXepNfQ0KI5dNKGTPXUyLjSZXHSAVHKRj4aNpupMLIyb,thank you,5,0,6.88.0,2026-08-30 12:35:39,Thanks for the positive rating :),2026-08-30 12:42:05,6.88.0
bb709a09-c276-4434-9c23-11ab19b52c4d,Amin Hussain,https://play-lh.googleusercontent.com/a-/ALV-UjUQMzbZ688mnfUJvqSFAalHusqdfcCZdPrIda3dbNgH1bR-ug,Koi order nahi ha,1,0,6.85.0,2026-08-30 12:19:08,Sorry about that. Please reach out to us on help@theporter.in for any help needed.,2026-08-30 12:37:18,6.85.0
e62ed82d-2d76-41ca-9d64-0b8746bdafce,Anita Anita,https://play-lh.googleusercontent.com/a/ACg8ocIs1Nvkab7bmBwurH68BPyEcdXMzrVDddIvcTSMV1QYEQ79Fg=mo,worst ever packer and mover Service in my whole life. very bad experience.dont book packer and Mover Service from porter.thank me later.,1,0,6.88.0,2026-08-30 12:07:47,Really sorry you feel that way. Please share the order details on packermover@theporter.in so that we may check this and assist you further.,2026-08-30 12:36:05,6.88.0
9a30a520-37d4-4633-9eec-939b31ccd469,J D editing JD,https://play-lh.googleusercontent.com/a-/ALV-UjUtbhCfr2J49pP12RNEshrwCyG5AhJe7dRm54sLM10fL9i7_pLg,good 👍🏻,5,0,6.88.0,2026-08-30 12:04:12,Thanks for the 5 star rating :),2026-08-30 12:34:54,6.88.0
36b9757e-5a3f-419f-8df0-74b9100c49b7,Ankit Shah,https://play-lh.googleusercontent.com/a/ACg8ocLz4AeLoXulsYkL58xLhkFaYd4yv4WAepXi7zIBgnZIT-aJrw=mo,well service,5,0,,2026-08-30 12:00:49,Thank you for your kind words :),2026-08-30 12:31:04,
ac1e24a4-eb08-41e4-b20a-f16bd6ea3e2a,Rabindra Kamila,https://play-lh.googleusercontent.com/a-/ALV-UjVSCVlLOyasZrdKEQChpdmOFmHj_3nyOvtZntmadqSoVZGgMKvU,"Worst customer service, driver took double payment from me and receiver but porter didn't take any action",1,0,6.78.1,2026-08-30 11:51:31,Really sorry for the partner's behaviour. Please share the order detials on packermover@theporter.in so that we may investigate this and assist you further.,2026-08-30 12:30:05,6.78.1
df3d0b6c-e660-4e11-a237-4f94451efbca,Ghous Imran,https://play-lh.googleusercontent.com/a-/ALV-UjUxBgA7Krmj2h1XBDjJmPuzuh91QDy87zXdAlcATjKZ9jo_tvU2VQ,"worst service as all glass items have been damaged even after informing the driver to handle with care almost 7000products were damaged by him, but no company will take this responsibility no use of using this service instead throw them in garbage or you need to pay for the vehicle trip & throw the stuff",1,0,6.88.0,2026-08-30 11:44:07,Really sorry for the negligence and the overall experience. Please share the order details on packermover@theporter.in so that we may investigate this and assist you further.,2026-08-30 12:29:24,6.88.0
b833fff3-ce8e-4a27-866d-0e55c60fb5cd,Mohammed Gazali,https://play-lh.googleusercontent.com/a-/ALV-UjWzXVUJL694d8YH3vUbjOMiPSQ9_Hg7cZYrbOYvD7MXYGsS8nIj,"1. Before coming for the pickup, the delivery partner asks where he needs to come. Bro, just check the location. 2. Even before reaching the location, he asks what the package contains. Come here first and see it yourself. 3. After picking up the order, he turns off the GPS. You have no idea where the delivery person is or when they will arrive. 4. After accepting the order, he makes you wait for half an hour to an hour until he gets another order.",1,0,,2026-08-30 11:41:38,We are really sorry for the partner's behaviour. Please share the order details on packermover@theporter.in so that we may investigate this and assist you further.,2026-08-30 12:28:36,
d4939e01-08c2-4aef-a489-64097e551b0a,dinesh Piwal,https://play-lh.googleusercontent.com/a/ACg8ocITnfKk0IszydQOLKXFt2mcHg2Fijey5TJzIY2g_mFhSRJWNw=mo,good💯,3,0,6.88.0,2026-08-30 11:40:07,Can you please rate us with more stars if you like our services?,2026-08-30 12:26:21,6.88.0
bae08d25-2d35-4aee-b631-145a4ad2cb92,Daya Jadhav,https://play-lh.googleusercontent.com/a-/ALV-UjVqxo1WNuXNIJHAWcM5jWJQkDl5WzIPsZpjOXwB-kifHqJhoFpL,"Very disappointing experience with Porter in Pune. Partners don’t arrive on time and often act unprofessionally. The assigned partner passed the task to someone else, who asked about packed items/photos and then demanded extra money or asked me to cancel. When I raised the issue, support assigned another partner, but the same thing happened. Reassignment takes at least an hour, causing further delays. This feels like a recurring pattern rather than an isolated incident.",1,1,6.88.0,2026-08-30 11:38:47,Really sorry for the experience. Please share the order details on packermover@theporter.in so that we may investigate this and assist you further.,2026-08-30 12:27:47,6.88.0
a4dcae0c-a981-49f0-bcae-84ed05e2bba5,Jeetu Italiya,https://play-lh.googleusercontent.com/a/ACg8ocLeU0uaRdPuCbJDJNkszmdcTPZDuPOj5v0lPXb6V8ETOPSiVw=mo,good service,5,0,6.87.0,2026-08-30 11:28:29,Thanks for the 5 star rating :),2026-08-30 12:25:50,6.87.0
1320b867-9583-49d0-b3fc-160bc041c227,Md Ateeq,https://play-lh.googleusercontent.com/a-/ALV-UjUNUaK2EKKwgmxBzb-obsOHiS3sq9vxSY8Ta1Ftjp8veTe5S0kr,good job,5,0,6.87.0,2026-08-30 11:26:29,Thank you for your kind words :),2026-08-30 12:25:24,6.87.0
052e6c07-3a6f-4dcf-b5c8-d6f321f4ce8b,Prakash Rathva,https://play-lh.googleusercontent.com/a-/ALV-UjUw16rK271ehecGidI82Hwq4sL3v5-S_LDv443wTvivVwePqprXhA,very good service,5,0,6.88.0,2026-08-30 11:20:03,Thank you for your kind words :),2026-08-30 12:23:56,6.88.0
0d739641-8c77-4cce-bd24-ffad8d518798,J.M INTERIOR'S,https://play-lh.googleusercontent.com/a-/ALV-UjUgrTcfa92SL1-DscIwsgme6rd0Yd94JhUjilAT74oEzl7iI9cE4Q,good service,5,0,6.88.0,2026-08-30 11:14:40,Thanks for the 5 star rating :),2026-08-30 12:23:30,6.88.0
5c0488f6-2690-47f9-bedf-de76c49288a3,SAGAR GOWDA H L,https://play-lh.googleusercontent.com/a-/ALV-UjUIVgzXTcpW6XPRM2Kr4kjWLQ5Y9nEBB-_KC4LOQuaOtiQMNVB2,Good,5,0,6.88.0,2026-08-30 11:03:51,Thanks for the positive rating :),2026-08-30 12:22:21,6.88.0
e267bc2d-20f6-4616-a00a-9036a25db5a0,Hemant Pathare,https://play-lh.googleusercontent.com/a/ACg8ocIsrLq4HEhl5iqVtVPZc_YIl_fBCwu8XWZA3t48Kzcvi_VD1a-z=mo,very nice,5,0,6.88.0,2026-08-30 10:57:08,Thank you for your kind words :),2026-08-30 12:21:39,6.88.0
a516dc94-1761-45c4-ac1e-1a6a66a4b0f8,Kannan CM,https://play-lh.googleusercontent.com/a-/ALV-UjUA2WvqlZgtpSPQr7bu5oGp2hlCs75YDr4qvgnriF6bLVoLREs,ok,5,0,6.87.0,2026-08-30 10:41:11,Appreciate the positive rating :),2026-08-30 12:21:02,6.87.0
fa2c7190-ed6f-4aa2-9bea-d856b3752064,Abhishek Roy,https://play-lh.googleusercontent.com/a-/ALV-UjVWT-CQFNNpQFnukHPcc7RsjXXoS4wjt3anLrGOVf9PGGXSDCDs,nice,5,0,6.88.0,2026-08-30 10:30:53,Thanks for the 5 star rating :),2026-08-30 12:20:27,6.88.0
80201f16-db41-4390-8cdf-527382a2d21b,Nitish Kothekar,https://play-lh.googleusercontent.com/a-/ALV-UjX5OAmYMi4O3JfNukt1h0819mgkIkR0LDW7vO0FiCqz8ue_ntui,"Never use Poter Movers and Packers for housing shifting. No transparency in billing, I had taken the customer care executive word for granted and ended up paying 1k extra. à",1,1,6.88.0,2026-08-30 10:09:17,Really sorry you feel that way. Please share the order details on packermover@theporter.in so that we may investigate this further.,2026-08-30 12:19:45,6.88.0
82356703-1052-42e8-9d04-e1ccdfb57208,Santosh Dalvi,https://play-lh.googleusercontent.com/a-/ALV-UjXxqduNZtk4N09kipoJ7fN8GGC-Hs9rV0yH21Z2V9c6_3_MdGNaDA,"it's a scam , please do not book porter shifting. they will scam you by giving xyz reason. recently I had book shifting they vendor charged me 3k extra. instead go for nobroker packers and movers they are professional. please save yourself and your money by avoiding porter booking.",1,0,6.88.0,2026-08-30 10:05:20,We are really sorry for the experience. Please share the order details on packermover@theporter.in so that we may investigate this and assist you further.,2026-08-30 12:19:03,6.88.0
7869d4d6-1a57-4610-89c6-22cce1a49e48,Lakshmi Kalyani,https://play-lh.googleusercontent.com/a/ACg8ocKjXqucEFUeg5Zq3fwp1rhP-QHOdGHX92awtaEgmsbIhsYiE6UP=mo,very good and fast service 💯,5,0,6.88.0,2026-08-30 09:04:02,Thank you for your kind words :),2026-08-30 12:17:32,6.88.0
619a4393-5f78-498d-8991-6b4d98b8af82,Syed Ahamed,https://play-lh.googleusercontent.com/a/ACg8ocIIqhCruPBUgSp6JIiFBbhXTZqfPsuSeQGzO2L20QJXclz7=mo,good,5,0,6.88.0,2026-08-30 01:26:46,Thanks for the positive rating :),2026-08-30 12:13:45,6.88.0
707530e8-3c19-4d2b-b76d-7f4f29c7a9a9,Rupesh Wavdhane,https://play-lh.googleusercontent.com/a-/ALV-UjXi04uyPPpGdLl0lSMb5Bkmel8lwTFFwkA5ZLUCF_pdYnSyYIQ-,good,5,0,6.88.0,2026-08-29 23:08:13,Thanks for the positive rating :),2026-08-30 12:07:50,6.88.0
f203c395-d0d0-457b-a151-fe5f3d68c8c2,Shreyash Dhembare,https://play-lh.googleusercontent.com/a-/ALV-UjUKrgQoi2sb6HEK3Lof4Que_NqQqOaGTtU5thiht6QnobcVny8,"Today, there is no app in this world that can beat Porter, but Porter only thinks about the customer, none of their partners are happy, they don't think about the partner at all, thank you",1,0,6.86.1,2026-08-29 22:40:20,Really sorry you feel that way. Please reach out to us on help@theporter.in for any help needed.,2026-08-30 12:07:22,6.86.1
1d6be911-e4fc-4b05-b168-bdaad459de5c,Dhanalakshmi S,https://play-lh.googleusercontent.com/a-/ALV-UjWMZWuQAVaN6FPed_6yFCX7hO8tfFYojBuTjWd-AXrHYdI6OIA,use the best wayy🫳🫂🌞,4,1,6.88.0,2026-08-29 22:19:12,Thanks for the positive rating :),2026-08-30 12:06:42,6.88.0
4deafc96-e5f3-402f-af64-ac7fef60ffa2,SHIVAM YADAV,https://play-lh.googleusercontent.com/a-/ALV-UjXXEMWSjnbvn_UWrk7VWF4Jf_OcPzzpVyoRFm8dsicepv9QBcob,good app for transport,5,0,6.88.0,2026-08-29 22:15:21,Appreciate the positive rating :),2026-08-30 12:06:17,6.88.0
8a566733-ea31-4586-9b62-a7c6e14028fb,M N Duggal,https://play-lh.googleusercontent.com/a-/ALV-UjWDbCc5T6X1mMy1Ff-Ndc3E-8R19aXWUfszFmBbEU-fcVRYYyE,very nice guy Mr love kumar,5,1,6.88.0,2026-08-29 21:54:27,Thank you for your kind words :),2026-08-30 12:03:23,6.88.0
969e2e63-bbba-42f6-be23-c0149cf61df5,Rabab Magar,https://play-lh.googleusercontent.com/a-/ALV-UjXwTj8dSn5wRroWOuBwJuPgHgVm7RN4kOTddXuePwx-krOjqUm6,"The driver kept demanding extra money and literally threatened to dump my valuables on the road if I didn’t pay. Like, who tf does that? If the extra charge wasn’t mentioned beforehand, don’t randomly demand it and then threaten my belongings. Extremely unprofessional, pathetic, and honestly disgusting behaviour. do it better porter",1,0,6.85.0,2026-08-29 21:40:17,We are really sorry for the partner's behaviour. Please share the order details on help@theporter.in so that we may investigate this and assist you further.,2026-08-30 12:02:36,6.85.0
3b653703-e1bc-4aed-973f-969f789efbbf,Nadeem Ansari,https://play-lh.googleusercontent.com/a-/ALV-UjUxeCTc09lCeeitEETJOQ2H5FX8IZlPATCyoUkJ658Limp57imy,very good 👍,5,0,6.88.0,2026-08-29 21:31:56,Thank you for your kind words :),2026-08-30 12:01:47,6.88.0
1ad440a9-f727-442f-9d84-a404feb5314f,Rohan Gaichan,https://play-lh.googleusercontent.com/a-/ALV-UjWGwvTSQruYhRRayDMq-K2vOff9TfQkfQg2o4kHXd03KoFP0FzjeA,super,5,0,6.87.0,2026-08-29 21:25:24,Appreciate the positive rating :),2026-08-30 12:01:00,6.87.0
59079c67-cba6-47ed-a797-88907c89c208,VALEYADAV.V V,https://play-lh.googleusercontent.com/a-/ALV-UjUSVgrYkCLJDTZ5dAuHSU_uYt_keqH4qicFv30ENLtmgAJ-kpp1Xw,ok,5,0,6.87.0,2026-08-29 21:20:04,Appreciate the positive rating :),2026-08-30 11:55:07,6.87.0
f83a74d0-14ca-43c0-8ccb-502036c84812,SURESH KUMAR,https://play-lh.googleusercontent.com/a/ACg8ocIuMvDDHlsJ-51JmRN0twPrIPVpnOu7iM--ftjIgExalUsbOQ=mo,super 👍,5,0,6.88.0,2026-08-29 20:48:45,Thanks for the positive rating :),2026-08-29 20:55:44,6.88.0
330f8770-a995-4e7d-be88-c5aab6e2ed56,Azhar Iqbal,https://play-lh.googleusercontent.com/a-/ALV-UjVuP9rtVruntgfzuoIpwAa8vLLpARVAh-nY5AmlQteMmHlSj1s,good,5,0,6.88.0,2026-08-29 20:39:33,Thanks for the 5 star rating :),2026-08-29 20:45:00,6.88.0
f671b370-acd2-41cc-a42c-c2ab8064caf8,Dharmender Kumar,https://play-lh.googleusercontent.com/a/ACg8ocIudUH9THt_tZBvlXUBHKjX2KF2-dBzvZ6uqfEOy025nabigA=mo,nice 👍👍,5,0,6.87.0,2026-08-29 20:15:34,Thanks for the positive rating :),2026-08-29 20:25:51,6.87.0
2ad7b659-9767-4e4b-9329-7f81a984f0d0,Rudra Mishra,https://play-lh.googleusercontent.com/a-/ALV-UjV1SNZT56WkQ5CdoyL_Z2VUKmuP0nCo8Jh6m36286MCLSTX9jwz,good,4,0,6.87.0,2026-08-29 20:10:43,Appreciate the positive rating :),2026-08-29 20:15:07,6.87.0
276817b5-1f21-4606-98cd-d34807f24147,globax pharmacy,https://play-lh.googleusercontent.com/a/ACg8ocKllllazUF5fw_fFPhM2iVoWTACNO-foBsserXcvIZrY3esqQ=mo,verry good wrider,5,0,6.87.0,2026-08-29 19:49:17,Thank you for your kind words :),2026-08-29 19:58:53,6.87.0
7aa7d78f-b8a5-4116-8cf1-2995bd227726,Shaik Shaik,https://play-lh.googleusercontent.com/a-/ALV-UjUrAaBvmeFD8NB_PI6yLXlCaJXumyxlmR-lS_7hAyS64MHZ2PQM,ok,5,0,6.88.0,2026-08-29 19:47:26,Appreciate the positive rating :),2026-08-29 19:53:33,6.88.0
2119c9f4-0477-4433-a4d5-ecc1e99041b7,Shalini,https://play-lh.googleusercontent.com/a-/ALV-UjVXv79J512irS5sqiUjm6FhN5FftnRVAiAsrK3rAQPWIn57ez94BA,very bad experience they don't have good driver so poor service bad app if you can privately book do so don't use this app so disappoint.,1,2,6.88.0,2026-08-29 19:21:14,Really sorry to hear that. Please share the order details on help@theporter.in so that we may assist you further.,2026-08-29 19:26:18,6.88.0
dfeba8d2-483d-480d-88be-23f3fbe6ea29,unique enterprises,https://play-lh.googleusercontent.com/a-/ALV-UjWue1bAqcKMgrBTSDTKxbEhr9MXeLspAWTuZNlW9TXeE3-eK4WbpA,jyada mahanga hai,1,0,6.87.0,2026-08-29 19:08:03,Sorry you feel that way. Please reach out to us on help@theporter.in for any help needed.,2026-08-29 19:17:43,6.87.0
6b202e6c-ba29-4628-9a62-f7145d222b25,Sumiya Banu Sumiya Banu,https://play-lh.googleusercontent.com/a/ACg8ocJmv2ZyXgO26S8wteNxVM32blVF0QKydvq6bXBYD53wlD_lVw=mo,good man,5,0,6.88.0,2026-08-29 18:47:58,Thank you for your kind words :),2026-08-29 19:15:04,6.88.0
c29e1e3d-cd92-476a-adf2-cea8f03fcac8,bala kishan,https://play-lh.googleusercontent.com/a/ACg8ocJ7IUm8cEKT37lWgw6oAaLtIu-aKBji25h5kNXmM14RlgfFxw=mo,good service,5,0,6.88.0,2026-08-29 18:44:07,Thanks for the 5 star rating :),2026-08-29 19:15:33,6.88.0
eace8903-aac3-4611-b10a-15f5dc36c839,Subham Sharma,https://play-lh.googleusercontent.com/a-/ALV-UjXKSla6UmvQUk0AclI0gheM15jeeVUMLYYTqMzapi2jbzlr2Rs,awesome delivery app,5,0,6.88.0,2026-08-29 18:43:41,Thank you for your kind words :),2026-08-29 18:53:57,6.88.0
76abf618-2fc7-47f5-9d42-d3b0334be845,Darji Jayesh,https://play-lh.googleusercontent.com/a-/ALV-UjVEpUMft0bkgKM9dXUY5svwRcfmhpj9xyD5s-ZX5vFnV0i2ODI,good 👍,5,1,6.88.0,2026-08-29 18:36:16,Thanks for the positive rating :),2026-08-29 18:43:07,6.88.0
2821c410-5bff-436b-95b8-c9de6f03b62d,Samuel.E,https://play-lh.googleusercontent.com/a-/ALV-UjUFWUztNGAK-C5h-TaQ_CijmSUKclQ7-8tZTsiOrufYImMVsI6Z,good,5,0,6.87.0,2026-08-29 18:16:21,Thanks for the 5 star rating :),2026-08-29 18:34:33,6.87.0
1e0c10c2-44d0-4519-bddb-cab360933b84,Junaid ali,https://play-lh.googleusercontent.com/a-/ALV-UjWMyR7RUktxHbFMHrITFWAlGFurojVv3ID6luC_aUyAkInNHM-YsA,very nice 👍,5,0,6.88.0,2026-08-29 17:53:22,Thank you for your kind words :),2026-08-29 18:07:10,6.88.0
6ab37d8e-3ab2-4310-b88e-8cd618655585,Rakesh Sales,https://play-lh.googleusercontent.com/a-/ALV-UjUroF1kQXfH9cvDLPtQZcKn-sj_vrZiWZXjdUlfewxdDf-ATbEH,good,5,0,6.88.0,2026-08-29 17:40:20,Thanks for the 5 star rating :),2026-08-29 17:48:10,6.88.0
68e7f92c-e2a9-465e-93e2-04d80d58ade6,kitabi yusuf,https://play-lh.googleusercontent.com/a-/ALV-UjUM7THHIR1MRAEorshfQEAPNjWiZ_rKHFSlkrQs665ylSWJ2m9wZQ,good driver,5,0,6.88.0,2026-08-29 17:29:42,Appreciate the positive rating :),2026-08-29 17:30:56,6.88.0
b95ed5c7-5c11-42c6-9fda-6fc7b25b1118,Wajid Hasan,https://play-lh.googleusercontent.com/a-/ALV-UjXPfpUxj_9YCCKHBEvfv10iBSQFTD4a5RnDinNSdBn0B5eHXkHgpA,good person,5,0,6.86.1,2026-08-29 17:19:54,Thank you for your kind words :),2026-08-29 17:30:12,6.86.1
7567df83-6f5c-4fad-a078-0571dd663312,Mohit Sharma,https://play-lh.googleusercontent.com/a/ACg8ocLr-v3o2K3aCnyhNtO5K5QeHaMQM1j_zLAACH9gDI4cJf19eQ=mo,good 👍,5,0,6.88.0,2026-08-29 16:56:19,Thank you for your kind words :),2026-08-29 17:20:36,6.88.0
be6eb733-e5bb-48c2-807c-cc3131873532,Prashant Biradar,https://play-lh.googleusercontent.com/a-/ALV-UjWc_lFnkk1OlUOVl_kRVOHLv6f324pJ4B9c3zQ_5509o418-JH9,good 👍,5,1,6.88.0,2026-08-29 16:46:21,Thanks for the 5 star rating :),2026-08-29 17:15:04,6.88.0
ac711239-436d-44b4-bdc5-188e7fff3f5f,Ariculatus 214,https://play-lh.googleusercontent.com/a-/ALV-UjVcW0QnAAYGwu1zpcL2WVbaVnDtP9fDQe8FY3lEeR4lh6Fa9w,It is crashing. App turning itself off without showing any reason.,1,11,6.88.0,2026-08-29 16:45:28,Apologies for the experience! Could you please share your contact details with us on help@theporter.in so that we can get in touch with you and resolve the issue.,2026-08-29 17:13:42,6.88.0
f029bd2b-0522-457c-a529-0e9b1b348aa8,ram raam,https://play-lh.googleusercontent.com/a-/ALV-UjW6JBO70xt2my78bH02OvOGnVtjkLceO7zr79K7oWDdWaNHngA2,very super work,5,0,6.88.0,2026-08-29 16:37:09,Thank you for your kind words :),2026-08-29 17:05:19,6.88.0
3fad861c-569c-4bf4-935b-1aa161de873e,Syed Nawaz,https://play-lh.googleusercontent.com/a/ACg8ocIXZ5_wVo6FcNdwqEfN1bgcZZDTJmRAwbHwISKsQolIlCkZSw=mo,good delivery app,5,0,6.85.0,2026-08-29 16:35:44,Thank you for your kind words :),2026-08-29 17:12:04,6.85.0
9d425789-ab3e-46c4-8062-2fee022f42d2,PADMAPRIYA J,https://play-lh.googleusercontent.com/a/ACg8ocK3Jk9iFPvjldzwXqwXX8uc88qgrZlRXBrZI-lGFWTNoUfZ6w=mo,good service,5,0,6.88.0,2026-08-29 16:26:30,Appreciate the positive rating :),2026-08-29 16:36:54,6.88.0
e864d5ad-a513-4536-9806-c25e773209a5,Kaaviya Shree,https://play-lh.googleusercontent.com/a/ACg8ocLApxVQKpXLZnx9zk41C-JLVUuKx8NgHDxwds0tUQEG5bxZgA=mo,Good delivery behaviour,5,0,,2026-08-29 16:23:26,Thank you for your kind words :),2026-08-29 16:36:19,
c8cb3c61-5e16-412a-996f-a63703f0893f,MUTHU KRISHNAN,https://play-lh.googleusercontent.com/a-/ALV-UjUe3YK0ZON0ihPCRq-5EpxNDmwu5_Q4pHvoX8zSmzrsZfLm8VYYmQ,"worst experience - if your looking for a reliable packers & movers, this is not the one. lazy and irresponsible team.",1,0,6.87.0,2026-08-29 15:44:36,Sorry you feel that way. Please elaborate your concern on packermover@theporter.in so that we may assist you further.,2026-08-29 16:29:57,6.87.0
a9b312c3-beb6-4d1a-94fb-9014feb2cfa5,Antony Sajeeth,https://play-lh.googleusercontent.com/a-/ALV-UjWPMMQ1Vaz3tRF7u2zFJdABY2oPKCW0cPx-YM88Zn9U6haAxlqqBA,good 👍,5,0,6.88.0,2026-08-29 15:42:35,Thanks for the positive rating :),2026-08-29 16:26:43,6.88.0
a85b1d3c-520e-4a86-9f49-1a91340b97d8,Sana Sayyed,https://play-lh.googleusercontent.com/a-/ALV-UjVX3z0cB-ZS7fC8dstr3eItaFQOu_oMHDZAIMJDEmix0kmnplF4,"whenever we book this ride, it's always cancelled i totally disappointed 😑",1,0,6.88.0,2026-08-29 15:38:47,Sorry for the experience. Please reach out to us on help@theporter.in so that we may assist you further.,2026-08-29 16:18:02,6.88.0
e02cf485-f40a-4afd-a454-6bf062646ab4,Bittu Sharma,https://play-lh.googleusercontent.com/a/ACg8ocJ8OmxJp9O5QyWzoENOv7uuyP13OrKog20cgXz-wyjcA25vhw=mo,mast jordaar,5,0,6.88.0,2026-08-29 15:34:59,Thanks for the 5 star rating :),2026-08-29 16:03:50,6.88.0
27144a28-72ed-45fa-a1e0-1af8d19fa346,Royal AC,https://play-lh.googleusercontent.com/a/ACg8ocKGDwZ6Xi1vuUtXHpqojuh43Z6HLMi0gtB2Oie1gDC9oGC6ow=mo,Good Job 👍,5,0,6.87.0,2026-08-29 15:22:01,Thanks for the positive rating :),2026-08-29 15:30:55,6.87.0
71177bb3-071a-4ca2-ad6b-5d262f5290b7,Md Tauhid Md Tauhid,https://play-lh.googleusercontent.com/a/ACg8ocItb1OI4fm0mUlfntM2lbvK2s6vjTTzN9uftc3z3VZ8bFID2A=mo,"very bad Service Riders use multiple applications simultaneously and accept 3–4 orders at once, which results in significant delays in delivery.",1,0,6.87.0,2026-08-29 14:55:18,Really sorry for the experience. Please reach out to us on help@theporter.in for any help needed.,2026-08-29 15:09:29,6.87.0
6ce36fcd-780d-422b-90e7-c921d8fc00a2,Aditya Chaudhary,https://play-lh.googleusercontent.com/a-/ALV-UjWxB-Z1UIFdTIdKOR4SW1S890feOjfCUYoK5nOVUW35l1o4Wxmt,The agent kept the package and showed it delivered and there's nothing that the customer care can do about it.,1,0,6.87.0,2026-08-29 14:54:13,Really sorry for the partner's behaviour. Please share the order details on help@theporter.in so that we may check this and assist you further.,2026-08-29 15:08:40,6.87.0
42c8ba17-867e-4840-bca4-af98f51ec663,Prem Chouhan,https://play-lh.googleusercontent.com/a-/ALV-UjWnXGhmdaDPl2m2p2wvnvOpxoOFVFAaSZcjjP6yzzb8cANVTtDM,good 👍.,5,0,6.88.0,2026-08-29 14:45:53,Thanks for the 5 star rating :),2026-08-29 15:07:19,6.88.0
8da1a7a5-6168-4071-a3a1-59425e257112,subhash chander,https://play-lh.googleusercontent.com/a/ACg8ocIHAXYkp7j3uxt8aNuxVnhJo_tGd1dqIXJPOBEQgnJ83-beSQ=mo,every thing is good 👍,5,0,6.87.0,2026-08-29 14:45:51,Thank you for your kind words :),2026-08-29 15:06:55,6.87.0
fe81d6e5-f34d-46df-836b-a89a464ef4e3,Riyaz Khan,https://play-lh.googleusercontent.com/a-/ALV-UjU6zjEj9hgHLxcd4uPYYdS4lSDL_yprk682pmR3F4cvquMYzPLV,nice 👍,5,0,6.87.0,2026-08-29 14:14:50,Appreciate the positive rating :),2026-08-29 14:36:23,6.87.0
8d958289-476b-439b-863a-7eff363cb88c,Piyush Dand,https://play-lh.googleusercontent.com/a-/ALV-UjUxPLYam2ufeqq8Z6OrxR3-3qrOaliIGNzW1-lH5JVSWtC-K-fk,very quick response,5,0,6.88.0,2026-08-29 13:57:29,Appreciate the positive rating :),2026-08-29 14:15:58,6.88.0
df8deef2-53b6-4fd0-b80c-cbd2fb4f9c6c,Vipin Kansal,https://play-lh.googleusercontent.com/a/ACg8ocJ4KEUgSXMXuq7lrHGa0QnT62WNgbMjTBZ7rLPC24B0PvXatA=mo,MISBEHAVING BY CUSTOMER CARE,1,0,6.88.0,2026-08-29 13:49:39,Sorry to hear that. Please reach out to us on help@theporter.in for any help needed.,2026-08-29 14:13:49,6.88.0
ba32d3e6-08f6-44f3-8e4e-99b956ecedc5,Sultan Kings,https://play-lh.googleusercontent.com/a/ACg8ocL3OrCKfZiQPbhXxAvwTr9q4t4_1mqmW7eTL854HF2XfYRZ7w=mo,👍,5,0,6.86.1,2026-08-29 13:45:53,Thanks for the positive rating :),2026-08-29 14:13:18,6.86.1
588fd7a1-7ff6-4238-94ca-094b1f29e31b,Datta jadhav,https://play-lh.googleusercontent.com/a/ACg8ocLQeV9360ReB8TeZeaFGv4rsTdy97Ntb8nBntyecXtTcimPEA=mo,very good and fast,5,0,6.87.0,2026-08-29 13:39:54,Thank you for your kind words :),2026-08-29 14:11:33,6.87.0
b388ef50-b2ff-452a-a6b6-9360d5402200,Pradeep Baghel,https://play-lh.googleusercontent.com/a-/ALV-UjXt-L47rwGJ6u0fYhLvMiTRQdBaZGfT-sq7KwzeSTLxa9qbqCfl,thank,4,0,6.88.0,2026-08-29 13:39:08,Appreciate the positive rating :),2026-08-29 14:11:09,6.88.0
a688e2b4-7d7c-4097-a847-199ec67b3a9c,Paragtextiles BR,https://play-lh.googleusercontent.com/a-/ALV-UjXwTizUEsTV_eqaWfb_rJi8XR_XiN7Jfmav2LfUu83TUby_0EXo,very good app and also very helpful,5,0,6.87.0,2026-08-29 13:37:06,Thank you for your kind words :),2026-08-29 14:10:46,6.87.0
08231f5b-397c-40d0-864d-6cb5c52e47da,Om Sah,https://play-lh.googleusercontent.com/a/ACg8ocL1GEYVoEuht5bbMwkYI6r6BFWXhGtcY2xutX05mCmlYGQeFg=mo,good,5,1,6.88.0,2026-08-29 13:20:41,Thanks for the 5 star rating :),2026-08-29 14:10:03,6.88.0
142625e2-6cfa-4024-9689-b44de9b1301a,Rajesh Rathod,https://play-lh.googleusercontent.com/a-/ALV-UjXEiRukrCXpNIyTaF73CuujPfCzVSG0HqQ9A37d617A8p2mS4NJ,nice 👍,5,0,6.83.0,2026-08-29 13:17:53,Thanks for the positive rating :),2026-08-29 13:45:15,6.83.0
db74a961-6c69-46dd-80f0-fdadbe1f1d3b,rohit goel,https://play-lh.googleusercontent.com/a/ACg8ocJFxHMVUUFpb38sWskay7Jfw_MHgnWLpJs81qttJE0C7fSkMIXO=mo,so easy n fast service,5,0,6.87.0,2026-08-29 13:09:59,Appreciate the positive rating :),2026-08-29 13:22:17,6.87.0
2603d452-3de8-4890-88eb-9519bcd4cd64,Hemant Kashyap,https://play-lh.googleusercontent.com/a-/ALV-UjVF7_TqCdt4BkZebC7opdQasnSdy14TOSw486qYun7j0EIfreSsiQ,aap best porter,5,0,6.88.0,2026-08-29 12:54:51,Thank you for your kind words :),2026-08-29 13:17:56,6.88.0
2fa4c587-a71f-4212-a9d3-dc15caf62735,Siva Muthu,https://play-lh.googleusercontent.com/a/ACg8ocIN2DwHyKmUqsfLUMALgF8D9Y_ePE9X8g_rcvIp70pYUfI8cj0=mo,super service,5,0,6.88.0,2026-08-29 12:53:27,Thank you for your kind words :),2026-08-29 13:17:11,6.88.0
3bd810ea-161e-45ab-b586-223e76cd4916,Mayuresh Sorap,https://play-lh.googleusercontent.com/a/ACg8ocL-mR9YYt_6z6Zww7AkIGLnIZmeXWuId1Z14BQOPuhLe5AVKVI=mo,pathetic service no customer support india startup like this lala company,1,0,6.88.0,2026-08-29 12:36:37,Sorry to hear that. Please reach out to us on help@theporter.in for any help needed.,2026-08-29 13:12:46,6.88.0
dbc8b355-e901-4abd-8864-af7eaeae7b5e,roopesha ks,https://play-lh.googleusercontent.com/a-/ALV-UjXJKFZebtuT1N0B5hUMx11ivsAT4-pQ2hOdz-4xLDJzV0yWwx2P,Helpful,5,0,6.88.0,2026-08-29 12:31:59,Thanks for the 5 star rating :),2026-08-29 13:12:09,6.88.0
a0aba0ae-cfc9-45de-85d9-cb27667a423f,inder kumar,https://play-lh.googleusercontent.com/a-/ALV-UjWI6maKesFhuFQZY3oWVk9RslVtxELMMTl3Ij2CJnb1w7Y3CJY_tg,good,5,0,6.87.0,2026-08-29 12:19:37,Thanks for the 5 star rating :),2026-08-29 13:05:20,6.87.0
9c21e44a-a0a1-47b5-9d1b-1909437f998e,Ketan Patil,https://play-lh.googleusercontent.com/a-/ALV-UjV4-lpIO7XLsJ_Ik_xWNz4Qp2k-Fsvn5L9YPrTAAQV0wEPxpB2W,"good services provided by porter...hassle free cancellations, good customer care support.",5,0,6.85.0,2026-08-29 12:10:57,Appreciate the positive rating :),2026-08-29 13:01:36,6.85.0
e3efc361-6346-493d-aeb3-e0d0dbb93213,Deepak Kumar,https://play-lh.googleusercontent.com/a-/ALV-UjXxxD8UQXf36rXnG-7wR5OipIWx0hiETjm_oYomwR_p3gI1ZXqg,very good,5,0,6.88.0,2026-08-29 12:10:39,Thank you for your kind words :),2026-08-29 13:00:35,6.88.0
7439ed6f-6393-47e0-8741-9777dba588b2,Sumit Yadav,https://play-lh.googleusercontent.com/a/ACg8ocKGoJvmYZNjmb6SY0CTAp_mEeHAZq_pafOWoO2mR39i3DqY7g=mo,wonderful 👍,5,0,6.87.0,2026-08-29 12:07:26,Thanks for the 5 star rating :),2026-08-29 12:59:37,6.87.0
b9d203c3-448e-484c-ac76-59beb3f6d6ad,Sunil Budhawnt,https://play-lh.googleusercontent.com/a-/ALV-UjXx6mrmDPrIasuDdUMEVgxn4maMRUJfdeNTOORdp14VeXoX4K-x,very good,5,0,6.88.0,2026-08-29 11:53:17,Thank you for your kind words :),2026-08-29 12:57:13,6.88.0
a0580fa2-9d25-462c-9679-49867cd06c4e,Sahil Mulani,https://play-lh.googleusercontent.com/a-/ALV-UjUJcEW_OvAIEbpvaLsbHA9aAQJV9Eb-BCPZ_6E2fCCGoHvZB5U,good day😊,5,0,,2026-08-29 11:34:29,Thanks for the positive rating :),2026-08-29 12:56:41,
cfc50e3d-d2b2-430b-bd78-95339c0f8d57,Shyam Menon,https://play-lh.googleusercontent.com/a-/ALV-UjW3ZLeJN4LcCEiyD0Z11PKrLMG7iRbumW2MMJP-GStL-hP4H-aWPA,excellent service. but you should allow nri s to get stuff picked up from their parents place and get it delivered or vice versa. You do not allow access outside India which should be allowed,5,0,6.83.0,2026-08-29 11:18:37,We value your feedback and have shared it with the team for further review and consideration.,2026-08-29 12:53:15,6.83.0
7bb9dcde-7bd3-4342-aafb-edb670ce7a5c,Gurinder Singh,https://play-lh.googleusercontent.com/a/ACg8ocK-gEqpAHD6-YC88OQAlhSthxrmwSxkCmtkb2DuiHCC5GtA=mo,Porter mein customer ki galti nahin Hoti Hai galti portar per Jo gadi chalata Hai uski hoti hai local gairon ka rate kharab Karta Hai portar,1,0,6.60.0,2026-08-29 10:40:27,Sorry to hear that. Please reach out to us on help@theporter.in for any help needed.,2026-08-29 12:48:45,6.60.0
fe81949a-fa80-49de-b737-826016efbe8f,khushi yadav,https://play-lh.googleusercontent.com/a-/ALV-UjUSE-BPggd0jh6wIFbNi_vNQQk54953r3fVT_j0wsd0HEevCKf-,"really bad experience, the delivery partner delivered my product to an unknown person and now not picking up my call. The team is also not able to resolve my issue as they're ready to give only 100 rupees for my goods as according to them my goods must have been used as it was edible. extremely disappointed.",1,6,6.88.0,2026-08-29 10:38:54,We are truly sorry for the partner's behaviour. Please share the order details on help@theporter.in so that we may investigate this and assist you further.,2026-08-29 12:47:54,6.88.0
f73da427-5d48-4626-b59f-f410d33546ac,Navika,https://play-lh.googleusercontent.com/a/ACg8ocIjevYySWhq0Qqubx0J6DokqrdrHHimQ6XbeyPgBYf3ZgIfHw=mo,I need more offers,5,0,6.88.0,2026-08-29 10:13:40,Please reach out to us on help@theporter.in for any help needed.,2026-08-29 12:45:51,6.88.0
6a9dbab3-11ab-45d5-801f-e14c3ed991a7,Akram Pasha,https://play-lh.googleusercontent.com/a/ACg8ocKjwTSBLO72Qyp0GRswbzjVVUAzs_u5aA_8KXDkN2BwNOTpaw=mo,very good,5,0,6.87.0,2026-08-29 10:01:33,Appreciate the positive rating :),2026-08-29 12:42:23,6.87.0
b8bf3e40-38af-4e2c-a665-b979fdcb8c9f,Pushpa Devi,https://play-lh.googleusercontent.com/a/ACg8ocLSA9hc0uEcnp79EM7ULJVKC_5hgJVwhiZ81_jfegNrVclR5g=mo,good,5,0,,2026-08-29 09:39:33,Thanks for the 5 star rating :),2026-08-29 12:40:19,
4130aa37-c2a2-414c-b9a3-cf71d3ef8a87,Ismail Shaik,https://play-lh.googleusercontent.com/a/ACg8ocK3d2aNeWigv7ORTIjnrET40_puevEDtmARvqEmoY-F1vKGhA=mo,good,5,1,,2026-08-29 08:43:13,Appreciate the positive rating :),2026-08-29 12:38:12,
bd8019b6-76bb-4a6f-8fb6-a5f639328485,Zafrulla zafar,https://play-lh.googleusercontent.com/a/ACg8ocJPSjVl7X94gkmpczzdA6GFOus8D1afO5EG1Wry1iLPJiZ_g88=mo,okay thanks sir,5,0,6.87.0,2026-08-29 08:40:36,Thank you for your kind words :),2026-08-29 12:37:09,6.87.0
69da0e8e-d3ca-4e6f-a873-6c49f7760e37,Mustrack Courier,https://play-lh.googleusercontent.com/a/ACg8ocK4L5TqgSHrTV9nyPrvCbR9iR4F0EMEgENxyBKAWc2cXal5sA=mo,good,5,0,6.87.0,2026-08-29 01:15:48,Thanks for the positive rating :),2026-08-29 12:27:38,6.87.0
e314b111-e738-4ef2-ad35-15a963ae631f,Venu madhuri B,https://play-lh.googleusercontent.com/a-/ALV-UjWdUAnf6Y63cv_Fm-KnWOrwJuRyg8uc2KoGaHLTXblHt9tb7w4,reasonable price our partner is good in shipping and i think shipping is various person to person because shipping partners is not porter they are third party,5,0,6.87.0,2026-08-29 00:19:30,Thank you for your kind words :),2026-08-29 12:25:46,6.87.0
cc8799d6-ded5-457f-b679-500e5c4c7b29,Md sahil Sahil,https://play-lh.googleusercontent.com/a/ACg8ocLDiSxXj0O5ofMMba28Rock7J-I-CohtDwriCGIN3qKcQjTJg=mo,"Very Poor Service – Hidden Charges & Missing Earbuds Extremely disappointing experience. The fare was agreed at ₹1,100, but I was charged ₹1,620 without a clear explanation. There were also additional charges such as toll tax, which were not properly communicated beforehand. On top of that, I accidentally left my earbuds in the car. When I contacted the driver and asked about them, he denied having them. However, I am absolutely sure that I left them in the car and strongly suspect that",1,6,6.87.0,2026-08-28 23:32:34,We are really sorry for the overall experience. Please share the order details on help@theporter.in so that we may investigate this and assist you further.,2026-08-29 12:21:32,6.87.0
a81193cf-5924-4805-918c-043a61b403c3,juned mansuri,https://play-lh.googleusercontent.com/a-/ALV-UjXqfNCMUoXNZwwV88ClnvZDQJWb0thHO045O4nxZ92EohPltIBfkg,Potter is the name for fast service in a short time. ઓછા સમયમાં ઝડપી સેવાનું નામ એટલે કે પોટર,5,0,,2026-08-28 23:22:05,"Thanks for taking the time to share your thoughts, Juned. We are happy to know that you had a good experience with Porter! :)",2026-08-28 18:29:03,
cb87d9dd-2aa8-4928-8c07-5f9d25b8f43f,Sunil Kumar,https://play-lh.googleusercontent.com/a/ACg8ocKgN_fmieSppi0AsOGu3pjoFudQeHrOqCm3KdKCqIDwkSzlHw=mo,Good,5,0,6.87.0,2026-08-28 23:11:12,Thanks for the 5 star rating :),2026-08-29 12:15:53,6.87.0
e4ad9765-5e5c-4bcf-a951-8d8f3dd13478,Idrish Ali,https://play-lh.googleusercontent.com/a-/ALV-UjWVPbuMTpXjY72oZHLIYzaCPm_sHB6KPOv96JQWPSHKyN12T1kG,i am happy porter the All service,5,0,6.86.1,2026-08-28 22:57:58,Appreciate the positive rating :),2026-08-29 12:13:57,6.86.1
1a5b9d82-9c9f-4b9b-8196-65da456dafef,Kailas Shinde,https://play-lh.googleusercontent.com/a/ACg8ocJwAdCQxlqe_ZLfPeq9jzBaNzuqEep9GKsOuUotv3_cOlqL=mo,order recived,5,0,6.87.0,2026-08-28 22:42:31,Thank you for your kind words :),2026-08-29 12:12:10,6.87.0
6ab25d9d-1c27-454b-8d4e-b78e2eb2e9fa,Mystery Man,https://play-lh.googleusercontent.com/a-/ALV-UjVWGCUNTTICqS-REvQrkhkiT8mCBikJ9Z1TaqKNFs4z-LEw-oZJ,prompt & perfect...!!,5,0,6.87.0,2026-08-28 22:41:28,Thanks for the positive rating :),2026-08-29 12:12:36,6.87.0
2a0e8d76-51b5-4f20-9ed7-e2e9488c246a,pradip ahire,https://play-lh.googleusercontent.com/a/ACg8ocL0Y5qvNX2OqQVkC0h-vj778AghFa6OousrC82Qgr2ESDKLIQ=mo,Nice Service,5,0,6.88.0,2026-08-28 22:28:53,Thank you for your kind words :),2026-08-29 12:10:17,6.88.0
fcc64779-bb01-4b99-bb58-e390dbc49e4b,Sukhdev Daiya,https://play-lh.googleusercontent.com/a-/ALV-UjUPfDwLBkhjZDYk55PD-KTRoMHqxT2ROZJ1FHt7tZhzy8MzYZGE,Good 👍,5,0,6.87.0,2026-08-28 22:26:15,Appreciate the positive rating :),2026-08-29 12:10:44,6.87.0
c1013a82-3b47-434a-8ac2-336bce2f26e1,prashant nale,https://play-lh.googleusercontent.com/a/ACg8ocL9Lh6-ZhkP9SaqrHDYngHx0IlJWl_dH1x9agxXWwOF0EMyTw=mo,very good,5,0,6.85.0,2026-08-28 22:23:31,Thanks for the positive rating :),2026-08-29 12:07:09,6.85.0
9f2b75d6-b2e0-49c6-bece-986f024e2eac,Vijay Gupta,https://play-lh.googleusercontent.com/a-/ALV-UjWfkTUcnBGhnVhxBGED9Ln7XlJHmWYTSPFggz-VstewkCPnYQ-6jA,very bad poter choro ko bharti kar rakha hai mera समान lekar bhag gya driver aur poter wale ne kuchh nahi kiya,1,0,6.88.0,2026-08-28 22:19:01,Sorry for the experience. Please share the order details on help@theporter.in so that we may assist you further.,2026-08-29 12:06:14,6.88.0
e46271a1-75b8-45e6-a2d2-c97cfd92db4e,ANKY REDDY Srinivas,https://play-lh.googleusercontent.com/a-/ALV-UjXCHS6Ie2RhoaO62CK-V-mjmD2ttSCUQ2zObsRxZGkDa0POjLBy_A,awesome,5,0,6.87.0,2026-08-28 22:00:37,Thanks for the 5 star rating :),2026-08-29 12:02:40,6.87.0
5172fbaa-1b0e-4151-83ff-a9d4d4f80e63,V,https://play-lh.googleusercontent.com/a-/ALV-UjUqBzz_r6iS6qzAPIB46-IDKiD6ldKreAZzflKUFcRxk1Hnv7BA,good work,5,0,6.87.0,2026-08-28 21:32:01,Thank you! We value the positive review and are happy to hear that you enjoyed our service.,2026-08-29 12:00:55,6.87.0
9d617e93-c707-48ac-a687-c42bebe7f683,John Burns,https://play-lh.googleusercontent.com/a/ACg8ocKGtekngiEH4aOAl_W-MYwAl2yyax9UEmjVc6ct-_TCwLc5ksTQ=mo,"Excellent service, amazing delivery experience for some items we forgot in our apartment. The driver collected and delivered 30kms away within 1 hour and at a fantastic price. Highly recommend",5,0,,2026-08-28 21:13:42,Thank you for your kind words :),2026-08-29 12:01:28,
60a3a6a2-2375-46c1-a20e-20debc8d6949,Dharam Pandit,https://play-lh.googleusercontent.com/a/ACg8ocL_gvBCzdaLHEBljRUEFTacMcbsC50Ky0adA_shWvc2MEcu8Q=mo,better,5,0,6.88.0,2026-08-28 20:46:21,"Thanks for the ratings, Dharam! This motivates us to keep serving you better with every order.",2026-08-29 12:00:17,6.88.0
45d3e63a-77db-4041-bb65-ac10f02b3b01,Naren Der,https://play-lh.googleusercontent.com/a/ACg8ocLVpmfLr7WV6KK_BQ6SNuCoAXHAsgx5BwyzUpvtwDUJZWM2iA=mo,very good,5,0,6.87.0,2026-08-28 20:40:46,Hey! It is delightful to hear such positive words and it’s always a pleasure to provide a smooth experience :),2026-08-29 11:59:16,6.87.0
7da67a3b-66f5-4c9f-a181-0839b3c5e4b8,kirti taneja,https://play-lh.googleusercontent.com/a-/ALV-UjWruIMiEmE_HjhP6BxttTSSGbmfEgxSmHLHthc8SsH7cQ_dIjsGsQ,This is the best service i can get through an app.. totally satisfied thanks a ton Porter,5,0,6.87.0,2026-08-28 20:37:33,Wooohooo!!!!!! Your comment has elated us. We will keep on delivering our services above and beyond your expectations. Look forward to your continued patronage and support.,2026-08-29 11:58:28,6.87.0
07c3a194-f1d6-42df-91c9-404c859c0423,Saju Malik,https://play-lh.googleusercontent.com/a-/ALV-UjX5HxkPugVUubn28qMCA_e167-dO36LK9QCT057Sj3HLTVh92I,Good service 👍👍,5,0,6.85.0,2026-08-28 20:23:58,"Appreciate the review, Saju! Your satisfaction is what drives us, and we can’t wait to serve you again!",2026-08-29 11:52:58,6.85.0
0fa888dc-f3f2-4996-b72c-f671ddca4e70,Sridhar Karra,https://play-lh.googleusercontent.com/a-/ALV-UjUBJTbEP4fv4GgMydZZKX5qIkwINr5Dpqf0VNL6bRdfQv6ZR8R2gQ,Good and supportive response from Younus Shaik and very helpful,5,0,,2026-08-28 19:59:41,"Thanks for taking the time to share your thoughts, Sridhar. We are happy to know that you had a good experience with Porter! :)",2026-08-29 11:51:36,
b59345da-e5d6-4f8a-ad1f-7a6beb4b251b,Lakshmi Katavarapu,https://play-lh.googleusercontent.com/a/ACg8ocK73uJD2M_1tuxilxQlJoWVW_nHTfGt1w7UVgHft-7oAQ7qLQ=mo,yu na 😁 I have to go to the airport in begam I am ki vastha ki vasthv ki or lg gya h kya,2,0,6.88.0,2026-08-28 19:20:00,Hey there! We would like to discuss your issue and request you to kindly write to us on help@porter.in for further assistance.,2026-08-28 19:53:15,6.88.0
81682f40-81d1-4369-afe5-fb0725a6c7bf,Yogi Shaik,https://play-lh.googleusercontent.com/a-/ALV-UjVW0aMs6j1t3X26XfLt90oOpBy7f-bTxzYU9LuYf51zguF1ohXB,good one,5,0,6.87.0,2026-08-28 19:12:33,"Hello, we're happy we met your expectations :) Thank you for your positive feedback.",2026-08-28 19:51:39,6.87.0
36fac1c7-0ecb-4e48-bb53-66a622111948,Paba Mane,https://play-lh.googleusercontent.com/a/ACg8ocKjAReh7aSXnDJ8wZqUS7Nkiehuj8XZGC3th2ORzXgRHY6OAg=mo,exlant,5,0,6.88.0,2026-08-28 19:11:29,Hi! Thank you for giving us a perfect score. It is a delight to see us matching up to your expectations.,2026-08-28 19:51:09,6.88.0
931b8d90-b205-462f-9638-d1676720be07,sushilkumar,https://play-lh.googleusercontent.com/a-/ALV-UjX2mzLp70Stl2ryfhIq6THBhsGsRL9KUNDEDn_o0zWpyGK1tlVV,very nice service thank you..,5,0,6.87.0,2026-08-28 18:36:21,"Thank you for your very kind review, Sushil! We are happy to know that you had an amazing experience with our service.",2026-08-28 19:44:30,6.87.0
4532a326-a83c-4b50-8684-bcb3da76e4ec,Deba Mistr,https://play-lh.googleusercontent.com/a-/ALV-UjWf2VaXC7OXPX_gtYVIeDcq65L2fSGypnwHUd0ZjUvMJ0IrBHc_,good,5,0,6.88.0,2026-08-28 18:31:27,"We are so happy that you enjoyed your experience with us, Deba. Thank you for choosing Porter! :)",2026-08-28 19:43:52,6.88.0
464ed26a-9262-4287-93b5-cc330da0e6db,Pradeep Gm,https://play-lh.googleusercontent.com/a-/ALV-UjUoSDiH_kxnP5pc8g4Lq0AmZ4cjG0caPif4exOr82oei4IRvCg,good bhai,5,0,6.87.0,2026-08-28 18:04:16,"Hi Pradeep, thanks a lot for your rating & feedback. Your appreciation means a lot to us. Hope you continue to enjoy our service.",2026-08-28 18:28:01,6.87.0
5cc7df53-7a48-4132-b13f-493b726d510a,chandra chandra,https://play-lh.googleusercontent.com/a/ACg8ocLsOSVaWdwxRMvGexRROYYdF_I6ZVpy3DU29_X4j1rJ8MXgjw=mo,good,5,0,6.87.0,2026-08-28 17:37:49,"We are so happy that you enjoyed your experience with us, Chandra. Thank you for choosing Porter! :)",2026-08-28 17:49:03,6.87.0
042c32ce-77e2-4830-8524-bd10168b7db5,Jeanetta Baptiste,https://play-lh.googleusercontent.com/a-/ALV-UjUO8OH0yjVB4uuy0WDHedonRrjceZFNUWZle3YAFy6b_3er74tT,Riders are very Polite and arrive on time,5,0,6.88.0,2026-08-28 17:19:35,"Thanks for taking the time to share your thoughts, Jeanetta. We are happy to know that you had a good experience with Porter! :)",2026-08-28 17:26:49,6.88.0
193233b6-b9d7-4735-8de3-cc6aa4631179,Vcpl Service,https://play-lh.googleusercontent.com/a/ACg8ocKsxIeMoDA6lcDTpfA7feNv1buylfXY1LHKr-W31z0LGeWRGw=mo,porter app is 👍 😊,5,0,6.87.0,2026-08-28 16:59:21,"Hello, we're happy we met your expectations :) Thank you for your positive feedback.",2026-08-28 17:11:01,6.87.0
e55dc6d1-4571-4dd1-882a-9a8b8a1ac784,KP GOLA,https://play-lh.googleusercontent.com/a-/ALV-UjVZdpF0BMSqhve9FZj2LGi2Jat7tqA-kTNOiFQeR5Gw-_6tEJC_,best parson you best diravar,5,0,6.87.0,2026-08-28 16:38:32,Thanks for taking the time to share your thoughts. We are happy to know that you had a good experience with Porter! :),2026-08-28 16:43:23,6.87.0
1d6edf35-acf2-4dcb-9182-97b6cc820395,Sumit Nagar,https://play-lh.googleusercontent.com/a/ACg8ocJ32EEVuBNQ7QqDvET1gSyhG3pMQwmSJbZbShlgE_ZrAv2Aiw=mo,good service,5,0,6.88.0,2026-08-28 16:36:03,"Appreciate the review, Sumit! Your satisfaction is what drives us, and we can’t wait to serve you again!",2026-08-28 16:42:05,6.88.0
961f5c80-3a6f-4c67-af3b-e4a327d19529,Aziz Nani,https://play-lh.googleusercontent.com/a-/ALV-UjVF_U1BTHxQzZqf8AxZA078pjA3v4HvXXaa33fNOT2AO2UpHcg,gud,5,0,6.86.1,2026-08-28 16:13:44,"We are so happy that you enjoyed your experience with us, Aziz. Thank you for choosing Porter! :)",2026-08-28 16:15:05,6.86.1
f2dd6a0a-f62e-4899-85e9-010b2027e2b4,Gomathi Johnpeter,https://play-lh.googleusercontent.com/a/ACg8ocL52ZrS2waqHr6eAgdM1LhIsUT2-EHiAlgCRfZWQkgJ3zEv-A=mo,"Good experience. The packers and movers team worked well 👍, but I don’t think it was good value for money. The initial quoted amount was ₹6,500, but in the end, I had to pay around ₹9,000.",5,3,6.87.0,2026-08-28 15:25:51,"We regret your disappointment, Gomathi! Please share your order details at packermover@theporter.in so that we could look into this right away.",2026-08-28 15:41:41,6.87.0
92589efe-39af-4f07-a467-93959344f6d3,m ramesh,https://play-lh.googleusercontent.com/a/ACg8ocIiaZcHewoUudl5bM-NSx6twmqh6rgiiY3AkODUHk8aV_SiQA=mo,ok good,5,0,6.87.0,2026-08-28 15:24:21,"Thank you so much for your encouraging star ratings, Ramesh!",2026-08-28 15:39:43,6.87.0
f1fcadba-fc83-4de5-8568-ddccd4902e17,Akash Vishwakarma,https://play-lh.googleusercontent.com/a-/ALV-UjWUgc2DggTkEIgADAjg5szXPygboE3h9Oyoo9nWJW1dn6MgkCqHLw,very very good service...!!,5,0,6.87.0,2026-08-28 15:15:02,"Thank you for the lovely feedback, Akash :) We are glad we were able to meet your expectations!",2026-08-28 15:34:37,6.87.0
8f73e623-4de5-4d4d-8b3e-d218339c61b2,RISHIKESH KUMAR,https://play-lh.googleusercontent.com/a-/ALV-UjVPKRdMuvL99GHJW67CBprenkcqujhPo0UWamFpraeghNP9ygPR,owsam,5,0,6.87.0,2026-08-28 15:12:35,Hi! Thank you for giving us a perfect score. It is a delight to see us matching up to your expectations.,2026-08-28 15:32:10,6.87.0
150680d2-c5a7-46db-a79d-9ff9c35c30f2,Murthylmb Hanumanth,https://play-lh.googleusercontent.com/a-/ALV-UjVpQKVFwsfenWS2Yof6ZFb3GqwtVCDDqh58RTI_qbl0C_mUUNhv,good,5,1,6.88.0,2026-08-28 15:05:29,"Thank you for the lovely feedback, Hanumanth :) We are glad we were able to meet your expectations!",2026-08-28 15:31:43,6.88.0
a31c7b5d-015c-4a80-9054-a8d112dad5ba,Santu Darshan,https://play-lh.googleusercontent.com/a-/ALV-UjWqxsIWkXqsysjG69zXBWc8J9eKqCxo2ODyJL9_Pq6VgYYaE9GFqQ,superb,5,0,6.85.0,2026-08-28 15:02:07,Hi! Thank you for giving us a perfect score. It is a delight to see us matching up to your expectations.,2026-08-28 15:30:48,6.85.0
5a7c9c75-a28d-46a8-8d3e-c1316a383ce9,Sahil Baile,https://play-lh.googleusercontent.com/a/ACg8ocJvvt3uZX6yRgqdnIUWYPp5wDd868XTny8ERYUq5pLn5cbUyg=mo,This App is fraud delivery boy had picked my order and didnt drop it to my location very untrusted app do not use this app .,1,0,6.88.0,2026-08-28 14:58:37,"We're sorry to hear about your negative experience. Your feedback is crucial, and we'd like to better understand your concerns. Please email us at help@porter.in so we can work towards a resolution.",2026-08-28 15:27:33,6.88.0
577b7bab-2a18-46e4-98d7-b236fed3fe75,Priyanka Chaddha,https://play-lh.googleusercontent.com/a/ACg8ocL8iX4Nf43AHGp8KDUUvaCAaRvYNrT07bI8x0aL8D2hN4O2=mo,best service thanks fardeen bhai🙏,5,0,6.87.0,2026-08-28 14:44:49,"Thanks for taking the time to share your thoughts, Priyanka. We are happy to know that you had a good experience with Porter! :)",2026-08-28 15:26:30,6.87.0
3087886b-1e99-46f4-95e7-06cca8bab719,Sonu Ahirwar,https://play-lh.googleusercontent.com/a-/ALV-UjXTxZMhKJG4M6yxt5siuKKJScdosWsJ4DVr4cqxlBiJPAkjByDU,km to high price paid,1,0,6.86.1,2026-08-28 14:33:22,"Hey! Unfortunately, we are unable to understand your exact concern. Please shoot us an email at help@porter.in with your details & our team will connect.",2026-08-28 15:23:06,6.86.1
5eaa2964-cc43-4c8d-845e-9acd4bb3de2c,Shiva Kumar,https://play-lh.googleusercontent.com/a-/ALV-UjW5yuOQ5c4ohobTYanOq68y43SgPbgmO5fz4JFuo06ceboUfndq2A,okay,5,1,6.88.0,2026-08-28 14:31:49,Hi! Thank you for giving us a perfect score. It is a delight to see us matching up to your expectations.,2026-08-28 15:23:45,6.88.0
a6198ee9-54b7-4597-8842-ae87269709fa,Anu Vishnu,https://play-lh.googleusercontent.com/a-/ALV-UjVHpbymqzYVBjyoNnXS967RCRlQJlkC6oYfc-d4JX6raDX96K0,good service,5,0,6.88.0,2026-08-28 14:14:26,"Thank you, Anu. We value the positive review and are happy to hear that you enjoyed our service.",2026-08-28 15:14:30,6.88.0
3265df66-f065-4bcd-9d32-05aec2387872,Amirapu Radhakrishna,https://play-lh.googleusercontent.com/a-/ALV-UjUdSCWl1DmjA2rVCfI2Wd9_kSgaTyJ89jNkJhEKZG7mZ98r2aDncg,Good,5,0,6.87.0,2026-08-28 14:13:50,Hi! Thank you for giving us a perfect score. It is a delight to see us matching up to your expectations.,2026-08-28 14:52:33,6.87.0
3f952090-6f54-40e6-9626-78696cdb01ce,Yashasvi Khatri,https://play-lh.googleusercontent.com/a/ACg8ocJ0cRQV521l7YFyH0HgDabxvr-Pb--0kXfDNi5k03sPJL53Qg=mo,this is the worst app 1) It takes too much time. 2)The address path shown on the map is not followed by the driver. 3)No support,1,0,6.85.0,2026-08-28 14:06:23,"Hi Yashasvi, please help us understand the issue you are facing in depth. Please share the detailed issue by writing to help@porter.in. We'll ensure to look into it with utmost priority. Thanks!",2026-08-28 14:48:02,6.85.0
eec9b76c-49f1-4de1-84ec-3dc4553a38d6,GOPI NATH,https://play-lh.googleusercontent.com/a-/ALV-UjXLgKbXw2FupP2eQLcsPRlnwIexHIr_SGW4QDt_gFM78Tyo8Sdr,good,5,0,6.87.0,2026-08-28 14:04:36,"Thank you for the wonderful review, Gopi. We are happy to know that you had a good experience with Porter! :)",2026-08-28 14:48:41,6.87.0
afe86706-491e-471c-b218-bb000e40c8f2,ravi teja,https://play-lh.googleusercontent.com/a/ACg8ocKb7XZLTjObifLMtl5aTtH0msTvbi4Bl6E_KK8p0nQqOgiySA=mo,worst experience,1,0,6.88.0,2026-08-28 14:02:47,"Hi Ravi! Your feedback matters to us, and we apologize for any inconvenience you faced. Connect with us at help@porter.in to share more details about your experience. We're committed to resolving your concerns.",2026-08-28 14:38:43,6.88.0
a3546193-41c3-441b-a046-305df616c1c8,praful gavale,https://play-lh.googleusercontent.com/a-/ALV-UjUK4fRZMkif2NtV9yBcpiuCkGYGDxoIUhCLspGCSaeyBHzvx6Dr,Good service,5,0,,2026-08-28 13:59:13,"Thank you, Praful. We value the positive review and are happy to hear that you enjoyed our service.",2026-08-28 14:37:06,
6cd5fd53-7c47-45e4-8703-11b7843c2b9d,Eye Care Opticals,https://play-lh.googleusercontent.com/a-/ALV-UjWluGFVlj3ZJmxGo4NchjQQNy7WVqgHf8Gt63123X3Hnc1TZl9I,app is not working some time due to insufficient of workers,2,0,6.86.1,2026-08-28 13:58:52,"Your inconvenience is highly regretted. We would love to provide you with a vehicle instantly, unfortunately, due to the very high demand for our services in certain vicinities this issue may occur, where vehicles are unavailable. However, your feedback is valuable, and we are continuously working to build a strong supply.",2026-08-28 14:36:11,6.86.1
f7760a60-aea8-4573-94c7-3d7ad173936e,Kannan C,https://play-lh.googleusercontent.com/a-/ALV-UjWNKnAo2irw_1XLUoW1ss1GataPoaEd3-cAgkIrDwGpT96qk5Uf,Good,5,0,6.87.0,2026-08-28 13:35:11,"We are so happy that you enjoyed your experience with us, Kannan. Thank you for choosing Porter! :)",2026-08-28 13:44:16,6.87.0
7ca59215-d995-4e50-97e5-0ea25089506a,Gaurang Thakkar,https://play-lh.googleusercontent.com/a/ACg8ocIbPA7W7lc6bvFi9H6ZJOuWijBCtVpMu84qmwaR9aU5huanEA=mo,thank you,5,0,6.87.0,2026-08-28 13:31:43,Hi! Thank you for giving us a perfect score. It is a delight to see us matching up to your expectations.,2026-08-28 13:46:05,6.87.0
ca61c2e4-b92d-4ed5-82bf-b8f82505144c,Jagdish Sheregar,https://play-lh.googleusercontent.com/a/ACg8ocJl0B3pl5hAhGGyGEzeWArRqF7mjiTKRi5e6Gj1gZfzKDXTGA=mo,"booked for one two drivers came, and customer care no call back or could not connect.",1,0,6.88.0,2026-08-28 13:27:42,"Hey! Unfortunately, we are unable to understand your exact concern. Please shoot us an email at help@porter.in with your details & our team will connect.",2026-08-28 13:38:28,6.88.0
6ebe17b4-d40f-4d36-8a8b-c2f500ae1c81,jaiswal ashutosh,https://play-lh.googleusercontent.com/a-/ALV-UjWgwHIt8yZ_gGqCWwQynPGkdSH-8pKzS4gSpUq9PjxrER5UTz0,good delivery,5,0,6.87.0,2026-08-28 12:59:03,"Appreciate the review, Ashutosh! Your satisfaction is what drives us, and we can’t wait to serve you again!",2026-08-28 13:04:03,6.87.0
0854ccad-0f93-4c3f-ae76-60614de7e1fe,Ramlal Soni,https://play-lh.googleusercontent.com/a/ACg8ocLwNVzs18jxbs-BkmxBeSLwhvY01QG7g7S0jaqUMvaiNjdXUA=mo,laajavab,5,0,6.87.0,2026-08-28 12:56:10,Hi! Thank you for giving us a perfect score. It is a delight to see us matching up to your expectations.,2026-08-28 13:04:41,6.87.0
29ec05f8-4d97-4740-9845-a858c7742eea,Tanu Bhati,https://play-lh.googleusercontent.com/a/ACg8ocIvz8EH8oZAor0YU9vFOFwu1W9ooPHpadr2Y8KZr_ny7He4qQ=mo,Good,5,0,6.87.0,2026-08-28 12:51:11,"We are so happy that you enjoyed your experience with us, Tanu. Thank you for choosing Porter! :)",2026-08-28 12:55:09,6.87.0
63ff0a70-9edf-49eb-b6ed-4504705dec6c,Ramu “Rama” K R,https://play-lh.googleusercontent.com/a/ACg8ocI-FEXvcPMqscIiE7amqbQ54nNDL1NeqR_ynV6Jc9vGpslqlAnC=mo,good 👍,5,0,6.87.0,2026-08-28 12:46:49,"We are so happy that you enjoyed your experience with us, Ramu. Thank you for choosing Porter! :)",2026-08-28 12:53:44,6.87.0
78b594d7-2194-49b7-adc7-701b6bf1b325,Ramkunwar Gurjar,https://play-lh.googleusercontent.com/a-/ALV-UjURivGZ9a3nTr8gcvmezCjP14eDludQVPj59kYhSeTIkvi9q3Z_,thanku,5,0,6.88.0,2026-08-28 12:38:48,"Really happy that your interaction with Porter was positive, Ramkunwar. We look forward to serving you again! :)",2026-08-28 12:42:27,6.88.0
3de81223-6354-4719-9b0e-2125cf8e1ebe,Priyanka Paul,https://play-lh.googleusercontent.com/a/ACg8ocJdB0Lhp7YuuyNaQCRIwKQmKvjbJkppF3bIoCV_mAb2Vcnh4WM=mo,very helpful app,5,0,6.88.0,2026-08-28 12:23:34,"Hi! Thank you for giving us a perfect score. It is a delight to see us matching up to your expectations. Hope to do more business with you, do refer us.",2026-08-28 12:41:36,6.88.0
c5c8c5e4-00f8-4b0a-ad0a-5114d7a30410,Somit Singh,https://play-lh.googleusercontent.com/a-/ALV-UjX0Ob2YoXeFNRomUyRUzjkKTKUppG8UKu3cbiwyrHCbm0412BnR,good 👍,5,0,6.87.0,2026-08-28 12:20:14,"We are so happy that you enjoyed your experience with us, Somit. Thank you for choosing Porter! :)",2026-08-28 12:40:49,6.87.0
2fb70ca8-10bf-4518-9b26-d1249dd31fef,Nithish Kumar,https://play-lh.googleusercontent.com/a-/ALV-UjUG-yi7hY8E6G3okgi3M6Fw2kExYirUEjVN6f3XbKUEQhnPpDio,good service,4,0,6.87.0,2026-08-28 12:19:58,"Hi Nithish, thank you for the positive review. We request you to let us know more about your experience by writing an email to help@porter.in so that we can make our service worth 5 stars.",2026-08-28 12:39:28,6.87.0
242019c9-072a-4411-b42a-eef4f43302a4,Brijesh Katara,https://play-lh.googleusercontent.com/a-/ALV-UjX9QcZeVzN4SWpyB7DqnrAuJx6Qzx9OxTyXGt6L-pj5O0P4ijvS2g,"every time i give parcel it takes almost double then usual time (30mins distance takes almost 1hr or 1.5hr) even without traffic don't know whose fault application map or driver. even after giving pickup details why would driver call for given details simple address. worst service, I'll use rapido next time.",1,0,6.87.0,2026-08-28 12:07:32,We sincerely apologize for not meeting your expectations. Share your thoughts with us at help@porter.in so we can address the matter,2026-08-28 12:37:22,6.87.0
be47fd34-7367-4c37-ae3a-1017b853a366,Ansari Swaleha,https://play-lh.googleusercontent.com/a-/ALV-UjUXPIKjWnO_lxVV8aOAMmdHUojGTRmGPmKDhYYDEho3MQ1VKtVQQQ,I love the Portar fast transportation and very helpful for urgent transport and love of the drivers passion ❤️,5,0,6.88.0,2026-08-28 12:05:13,Your satisfaction is our inspiration and reward.,2026-08-28 12:33:28,6.88.0
fcb53558-4617-4cea-9587-33bc3e4b548d,Puneet Kumar,https://play-lh.googleusercontent.com/a/ACg8ocLe-DRZprC4Sg3NuPqu_FnsPkhlu3rzRXC1jbM2jVn_CGqSsg=mo,not a great experience with house shifting team..... please avoid,1,0,,2026-08-28 12:04:56,We regret the difficulties you faced and want to make amends. Kindly contact us at help@porter.in to share your feedback,2026-08-28 12:22:42,
7c37715b-e63e-4f58-bea0-5c4f1f63cd7e,Rhea Fernandes,https://play-lh.googleusercontent.com/a-/ALV-UjVpt6zBoE4Crv236GUzaJNNqt2XFcZmpls2bDQEzqVe1RysmXBQ,"Very Professional and good,polite drivers.",5,0,6.87.0,2026-08-28 12:01:38,Your feedback inspires us to keep improving every day.,2026-08-28 12:21:18,6.87.0
1851dde8-84a7-4048-ad49-bebcca948e0b,AMAN SHARMA,https://play-lh.googleusercontent.com/a/ACg8ocLf75qU_FQixmtCxqNce1bkadsQYqvmoFG4G0pt9cku_VWSVAHp=mo,"uselesss app ,same place se mere ghar parcel lane ka last time 111 rs. liya tha or ab 126 rs. liya",1,2,6.88.0,2026-08-28 11:59:54,Our sincere apologies for the inconvenience caused. Write to us at help@porter.in so we can work on providing you better service,2026-08-28 12:18:27,6.88.0
f16a6873-0115-4e35-bc36-ac4c16ed6758,Smita Nikam,https://play-lh.googleusercontent.com/a-/ALV-UjUL8MQh6s6Z6H2yNhbJFHKG3j9XhTsD0TGqnS8Ms5pd178aJoV6,good Job 👍,5,0,6.88.0,2026-08-28 11:52:14,Thank you for your continued support and kind feedback.,2026-08-28 12:13:19,6.88.0
8b9a055f-080a-4b1d-ad68-73f3ee81e54d,Amit Parihar,https://play-lh.googleusercontent.com/a-/ALV-UjVTvFNAeTEHeACOBMI_TJSKBUsycxW0eW2bQyWrCTYTeJjBmjWyLA,Good person,5,0,6.87.0,2026-08-28 11:50:01,Thank you for choosing us and spreading positivity.,2026-08-28 12:03:10,6.87.0
e35aaddc-1fa3-4830-97f9-de231f8cb53a,Jitendra Soni,https://play-lh.googleusercontent.com/a-/ALV-UjWZqjMabxZeu2ZIHyh_9wObkfvyk7mni8rXubfdpInVTG18t_t1,great 👍,5,0,6.87.0,2026-08-28 11:49:11,Thank you for recognizing our efforts and sharing your experience.,2026-08-28 12:02:37,6.87.0
48786a8a-fc5e-4dba-94a3-375e3e1a29b3,Rohit Maurya,https://play-lh.googleusercontent.com/a-/ALV-UjXwdBVPcPCe-vjOGhh6t3S5WUJ6Y85KP4mq3B8FUQC7k7_p8qZC,nice app,5,0,6.85.0,2026-08-28 11:34:27,It’s customers like you who make our work so rewarding.,2026-08-28 11:44:48,6.85.0
94677ded-6680-4e13-8a29-97a2d7bc2839,Saravanan Ravi,https://play-lh.googleusercontent.com/a/ACg8ocKuhCW01y8V_vr-9vNSTnb_xgYbEmiMwsIxMXZA66D3R8d4XA=mo,"⭐ 1 STAR – Worst Experience! Please think twice before using Porter. I had a terrible experience with my 2nd delivery request. My item was damaged during delivery. I contacted the driver and customer support for refund/compensation, but received no proper response or resolution. Instead, I was simply told that the responsibility is mine as the sender. Seriously? Where is the accountability? Very disappointing service. I will not recommend Porter.",1,0,,2026-08-28 10:18:22,Our sincere apologies for the inconvenience caused. Please write to us at help@porter.in so we can better understand and resolve the issue,2026-08-28 10:32:58,
26b03290-11c4-485e-8de7-df321864e7e0,Payal Gahlot,https://play-lh.googleusercontent.com/a-/ALV-UjUumE5V5dCtyaN7vTdGC6bDCCJUI_SCEXzhF1WWZQOq3XxbWGQ,excellent 👌 work,5,0,,2026-08-28 09:30:52,Your review reflects the dedication and passion we put into our work. Thank you for your recognition and for sharing your great experience,2026-08-28 10:32:37,
5512f971-b2da-45c9-ac4d-372538096ad1,Srishti Golchha,https://play-lh.googleusercontent.com/a/ACg8ocLGbjXSxgEg8uPzbcBsR2oej5-66jD1m-rw6aCSj_1xyO1JUw=mo,the support services is too bad. And the drivers are also fraud they take money twice,1,1,6.88.0,2026-08-28 09:03:01,We apologize for any difficulties caused. Kindly send us your feedback at help@porter.in so we can improve our services,2026-08-28 10:31:54,6.88.0
34f46355-fb38-4d60-8564-bf3a8af29e61,Ankush Kavathekar,https://play-lh.googleusercontent.com/a/ACg8ocL98n40jmwhMlBl8j-48HgVABqnxUIB9-C21LNSi4dL8mNdmg=mo,"Your case 76620302 has been closed. If you are not satisfied with the resolution or for further queries, reach us via the support chat on your app. Thank You - Team Porter",1,0,,2026-08-28 08:17:51,We are sorry to hear about your experience and want to make it right. Please email us at help@porter.in so we can provide a resolution,2026-08-28 10:28:18,
82510973-c27f-4369-a9f6-f7f29033d47a,ashokkumar shankar,https://play-lh.googleusercontent.com/a-/ALV-UjVkOZ-DFvDkQDmkQHF5DQFBmMC_28RM8L1Zzdz8yqn0gBQIijFG,porter better for catering purpose,5,0,6.87.0,2026-08-28 07:52:59,Your review validates our commitment to excellence. Thank you for the recognition and for your incredible feedback,2026-08-28 10:26:28,6.87.0
30084223-6b95-44be-8fb0-51ad78594b25,yuvraj m,https://play-lh.googleusercontent.com/a-/ALV-UjVawO1X4nt-jOEaFeXFtiyoMO_Jh-1QWRAC41cZXO1eqevIZCk0rQ,good 💯,5,0,6.86.1,2026-08-28 07:39:51,Your review is a beacon of encouragement for our team. Thank you for recognizing our work and for your kind words,2026-08-28 10:25:15,6.86.1
5d0a400c-45b4-4f56-aa95-709867353f68,Aman Siddiqui,https://play-lh.googleusercontent.com/a/ACg8ocKCcLZbWNJbryJt_1hwKvQ1W-ardmnGDmfJIWgrES5nTYfr_g=mo,porter Customer se request hai ki parcel porter se na bheje jaise apna pahele chalta bae si hi bhejo ye froud application hai isme aapka parcel aapko nahi milta hai to porter company koi jawawdari nahi rahe gi please porter customer se meri personal request hai ki porter me parcel na bhejo. porter parcel 📦 company froud mera parcel gayab hua hai porter office ke chakkar katne pad rahe hai please isse bachlar rahe dhanyawad. porter froud hai. isse dur rahe dhanyawad.aman bhai,1,0,,2026-08-28 06:07:58,We regret any dissatisfaction and want to resolve this matter promptly. Please share more details with us at help@porter.in,2026-08-28 10:23:00,
ccd26c3b-965e-461a-94da-f6ae0b0211db,Talib Khan,https://play-lh.googleusercontent.com/a/ACg8ocJjUPLugHYAmZ-hrt4knSDSBefLIkgp1qu1Fqfb-n6x2rkdcg=mo,good Driver,5,0,5.98.2,2026-08-28 02:24:01,Your review made us smile. Thank you for taking the time to rate us and for being such a great customer,2026-08-28 10:22:04,5.98.2
3cd77f43-e38e-4ec8-9c86-57d674aa0988,Rajan Jha,https://play-lh.googleusercontent.com/a-/ALV-UjVHdQxrrw-y6gqLJZo6RNwPAildH27cmVOMEa9e75vtYQEPI3Ya,Driver asked me to pay extra amount & I've given now customer care put me in conference with Driver so that next day Driver can come to my home & do fight with me as he knows the address. brilliant 👏🏼 immediately disconnected the call & uninstalled this app. Kudos 👏🏼 to customer support team. they could have asked me about transaction details but they've just connected my call in the middle of the night with Driver,1,0,6.87.0,2026-08-28 00:37:39,We sincerely apologize for not meeting your expectations. Share your thoughts with us at help@porter.in so we can address the matter,2026-08-28 10:16:07,6.87.0
7734f3bc-fc27-4020-8dbf-7a10dc423b2a,Ajay Kumar,https://play-lh.googleusercontent.com/a-/ALV-UjW6Wb4w1WMZ-r8el02iRhOZweBqa_DYbYzSKo8YeMyqJT6LChro,comfortable delivery 🚚,5,0,6.87.0,2026-08-28 00:33:05,Your kind words inspire us to continue excelling in all we do. Thank you for your 5-star rating and amazing feedback,2026-08-28 10:15:42,6.87.0
d5a47ec0-1aa4-47d9-b542-05ffa68f63d7,Mukesh Khata,https://play-lh.googleusercontent.com/a-/ALV-UjUyGT68gFXYrEAFRXdtSJuoNxQO38yigg7u1XJvJncESWxswJmg,veri good,5,0,6.88.0,2026-08-28 00:06:23,We’re so pleased to hear about your experience. Thank you for the glowing review and for letting us serve you,2026-08-28 10:15:22,6.88.0
3a1a4fbb-cc7f-41ce-a080-d94db521231a,Ishwar Pawar,https://play-lh.googleusercontent.com/a-/ALV-UjU5_qONkIkLCaDomiMyyn_eXjkQhDH716SlAj_La0aNm6KX9l9B,good service,5,0,6.88.0,2026-08-27 23:56:50,Your review is a treasure to us. Thank you for being such a wonderful customer and for your thoughtful rating,2026-08-28 10:14:54,6.88.0
8d5ec90e-bc3c-4e11-9653-07d195ebe352,Bandhara Raj,https://play-lh.googleusercontent.com/a-/ALV-UjWgZfSAjo78Lcl099KWlHyeJmAE0AnQqGLPshgPSzvkzKedVYd7,thank you,5,0,6.88.0,2026-08-27 23:28:00,We’re overjoyed by your feedback. Thank you for recognizing our efforts and for giving us 5 stars,2026-08-28 10:13:49,6.88.0
3a291e1f-ff73-4bb2-a098-2509c4f387dc,Arnav Sahu,https://play-lh.googleusercontent.com/a/ACg8ocLjNDMJUBJGC3alnXzlg-o4mH3iaWOeYRrwaT2WhZ_DYKgxlA=mo,it's better,2,0,6.87.0,2026-08-27 23:27:11,We are glad you liked our service and hope to earn a 5 star on your next visit.,2026-08-28 10:13:30,6.87.0
f105d05b-02cb-4bba-b6be-bf125c16f5b7,Chunki Khatun,https://play-lh.googleusercontent.com/a-/ALV-UjWuD5CvswnrNV6M2Ws6mWCR9nbT2GBgIU8EXMUCB9mxrsdfzos,good,5,0,6.87.0,2026-08-27 23:03:34,Your satisfaction is our greatest reward. Thank you for your generous review and for choosing us,2026-08-28 10:12:52,6.87.0
215931fd-ee03-4d11-b1fd-7200ee8bba7d,Zahid Khan,https://play-lh.googleusercontent.com/a/ACg8ocIvVv1KS-nqQ7kGAE1pVOuVLyjy94k270SQKLDDsJiBdvc7hQ=mo,👎😠 this app don't have any security or any think I tried it for first time and pay online before the delivery bus the rider doesn't come and just go without parseel to location and just take money it self 😠 and there is no number or information about delivery box totally worst app,1,0,,2026-08-27 22:44:40,We are sorry for falling short on expectations. Kindly email us at help@porter.in with more information to help us assist you,2026-08-28 10:10:45,
9fbc7dc5-4590-4da1-b3d4-661a6409e3a7,Just Reaction,https://play-lh.googleusercontent.com/a/ACg8ocL74zWXkiYtAJMTh6risSTIGtC0ATIhNC31Ep15y1VNVltvVA=mo,good,5,1,6.88.0,2026-08-27 22:34:22,Your 5-star review makes all the effort worthwhile. Thank you for your kind feedback and for letting us be part of your journey,2026-08-28 10:09:54,6.88.0
a50bdaac-f611-45e5-9403-d31a73287773,3024_Ravi Chanchiya,https://play-lh.googleusercontent.com/a-/ALV-UjU1774SszHvHCT4Pgtc1VhqjnYcLK-a7KJIWXROUskmnK83rZlrmg,"useless app I can't login it's showing you are delivery boy,",1,1,6.88.0,2026-08-27 22:29:56,Our sincere apologies for the inconvenience caused. Write to us at help@porter.in so we can work on providing you better service,2026-08-28 10:06:58,6.88.0
eee7ed22-ea99-49db-9838-b92b66df358b,jugendra Kumar,https://play-lh.googleusercontent.com/a-/ALV-UjWy23oeMqokSbsiUm5huAU6aXy3rOfFsplAtJaDap72jFlu_nUa0w,good service,5,0,6.87.0,2026-08-27 22:04:19,Your perfect rating means everything to us. Thank you for recognizing our hard work and for sharing your experience,2026-08-28 09:29:47,6.87.0
9e76392c-5d2c-4db4-9fec-fa079166d22f,Zeeshan Khan,https://play-lh.googleusercontent.com/a/ACg8ocIMJgC5EWEnFlJfGEN0pmaS691DPgaWn5i5zcbVy0iZsZqvkA=mo,good service,4,0,6.82.0,2026-08-27 21:51:13,We’re overjoyed by your feedback. Thank you for recognizing our efforts and for giving us 5 stars,2026-08-28 09:28:34,6.82.0
ea6af940-235a-47e5-8af9-06f2fe2e32c7,ARVIND GAUTAM,https://play-lh.googleusercontent.com/a/ACg8ocJHXS1CH3i-XIJmfNvl4fUK5emA_D5SJnJh5Ec0qdo_JNlR5Q=mo,very good 👍,5,1,6.88.0,2026-08-27 21:45:57,Your amazing review brightened our day. Thank you for your trust and for taking the time to share your feedback,2026-08-28 09:28:16,6.88.0
3eb132f6-63a5-4b72-96bc-a2862abaa7c8,Sunil Bhakar,https://play-lh.googleusercontent.com/a-/ALV-UjX9F1fYbLNTh9CA9bXYdJ9jhbSCdLdyIp613A_rbzrsHqL4UFmI,bahut achcha service Diya Is bhai ne bahut dhanyvad bahut achcha good luck is bhai ko jyada Se jyada rating dene,5,0,6.87.0,2026-08-27 21:34:47,Your review is a shining beacon of support. We appreciate your trust in us and your kind words about our service,2026-08-28 09:27:51,6.87.0
b31eede2-8c44-45d9-9e14-ea1bbfa43076,Prerna kukreti,https://play-lh.googleusercontent.com/a-/ALV-UjUEO_MLi0-q3myj2wFCFHP0sHZz81GizV_0zCpc09tmHJWTUAt8,their porter partners are not good.,1,0,6.87.0,2026-08-27 21:32:32,Our apologies for any inconvenience. Please get in touch with us at help@porter.in so we can address your concerns effectively,2026-08-28 09:27:30,6.87.0
095bd841-7bef-433a-9d86-48891c82a6cd,King Sparrow,https://play-lh.googleusercontent.com/a-/ALV-UjUELnVjwuIwFvvE2lvTXarm_vGL4WvG-UYM2snb8-H490jQZC4,there is scam going on instead of delivery personal someone else will come and pick your order,1,0,,2026-08-27 21:26:18,"Our apologies for the inconvenience caused. Kindly share more details at help@porter.in, and we’ll assist you promptly",2026-08-28 09:27:06,
b15214c1-9bc0-4e1c-b6c3-782962c0b00c,Kuragayala Abbai,https://play-lh.googleusercontent.com/a-/ALV-UjVu96ZvikaK__-hZdxMHkFAA-RvRZtQTXnZca_umV0C-w-aFkuj,very good driver,5,0,6.87.0,2026-08-27 21:07:51,Your kind words are music to our ears and fuel for our passion.,2026-08-28 09:26:30,6.87.0
c8624bde-b316-4571-917d-24686721357d,Jitesh Doshi,https://play-lh.googleusercontent.com/a/ACg8ocLR8ZhYn0ihxDBZNL9IlFOWAPAe5nvHxQSpBdj2fDgRfdvdNA=mo,This New Version has Critical Issues. It Does Not Allow to Book REMOTELY from other Physical Locations which used to Happen with Earlier Versions,1,0,6.87.0,2026-08-27 20:31:39,We regret the challenges you experienced and appreciate your feedback. Please connect with us at help@porter.in to help us assist you,2026-08-28 09:23:58,6.87.0
6d75923c-0efd-4ca3-828a-b26149c75fcc,Mahesh Purohit,https://play-lh.googleusercontent.com/a-/ALV-UjVxb4X_k1GJUBKZRMA0vPKcQ5Srjj928TVrOAkBzANpqETx6FEyRA,nice,5,0,6.87.0,2026-08-27 20:30:43,Your happiness inspires us to keep reaching for new heights.,2026-08-28 09:23:35,6.87.0
f0638d23-36bd-4497-82d1-788c3f8f8da7,Shahid ansari,https://play-lh.googleusercontent.com/a-/ALV-UjXgOwbBLk34T2tWixwAvman3iIfCqE8kLHR2xz0LleigPuu3fORXQ,good time,5,0,6.87.0,2026-08-27 20:28:44,Your support is the reason we strive to be our best.,2026-08-28 09:23:09,6.87.0
3fcb06b1-4509-4b36-ae2f-4c343b277357,Hirenkumar Prajapati,https://play-lh.googleusercontent.com/a/ACg8ocKfoYKc_0In8prq31MPsduUA4fWnelckyqh2IZfGCK_D4HpnO0=mo,Very good and effective service.,5,0,6.87.0,2026-08-27 20:28:37,Your encouragement keeps us moving in the right direction.,2026-08-28 09:22:20,6.87.0
9505a2ce-6c77-4ee0-838a-3d8568880061,R.S Pandat,https://play-lh.googleusercontent.com/a-/ALV-UjUELgSTMc5k-pQKKT89FV5iZ7h4SzgqZ-_ExeeJ7hZKd_bZHMg-,very good,5,0,6.84.0,2026-08-27 20:14:39,It’s always a delight to hear from our satisfied customers.,2026-08-28 09:22:03,6.84.0
81f20c10-8083-42b0-82ab-0a6e447826ce,narendra trivedi,https://play-lh.googleusercontent.com/a/ACg8ocKbgEZIA0qWGZkANoPkNTGB5cPbfI4Mxih4zygncEq48bNwhA=mo,Fast Service,5,0,6.88.0,2026-08-27 20:08:36,We can’t thank you enough for your kind words and support.,2026-08-28 09:21:37,6.88.0
1fc112d2-4310-43ab-bd26-204ed22b57a1,Ambresha Dolly,https://play-lh.googleusercontent.com/a/ACg8ocI3eKYcySOTouhEDzzI83K3mD8C8r4CQPksILzmtXeLFd6kOQ=mo,better,5,0,6.88.0,2026-08-27 20:08:11,"Your satisfaction is our ultimate goal, and your words confirm we’re on the right track.",2026-08-28 09:21:16,6.88.0
e7427cae-5ea7-46f4-8e3b-f94e9d42f2f0,Balo Navadiya,https://play-lh.googleusercontent.com/a-/ALV-UjWqXjBs_e6dML9aL2J1-Suyuo49hvm8Dgjahps-YGoq6sHc0ysl,thank you,5,0,6.87.0,2026-08-27 20:06:28,We’re over the moon to hear your praise.,2026-08-28 09:20:58,6.87.0
ae097b95-9910-4669-ae50-a3cab9fbb5f7,Gaurav Lodhi,https://play-lh.googleusercontent.com/a/ACg8ocLjQtLQqkoBytzALBGt3aK8xbMcHEeNV_1EFRQa2x69qZZ1ZQ=mo,"good service,🤗",5,0,6.88.0,2026-08-27 19:58:53,"Your satisfaction is our ultimate goal, and your words confirm we’re on the right track.",2026-08-28 09:18:19,6.88.0
19dbc892-eed3-4a5e-80d0-b63873f0a260,Vishal Yadav,https://play-lh.googleusercontent.com/a-/ALV-UjXx9kFeURmMyBvVjghqa6-xLQ1dTZq0VCLfZUvfjgh9jw4pyc9j,🤙🏻,5,0,6.88.0,2026-08-27 19:58:09,Your satisfaction brings us immense happiness.,2026-08-28 09:17:57,6.88.0
6f98f985-1cb8-44a8-ae9e-a986d8fcfccd,Patel Ashwin,https://play-lh.googleusercontent.com/a/ACg8ocITULw2-AZzNOwPNq1cMWJ4CuYnQF6jxgks-KYDddC_FfFQNw=mo,Nice Service and system,5,0,6.87.0,2026-08-27 19:50:29,Your review is the highlight of our day. Thank you for the trust you’ve placed in us and for your thoughtful feedback,2026-08-28 09:17:17,6.87.0
19fc637f-cdd2-4563-bfe3-9b6916588cd6,Kushay Hathiyari,https://play-lh.googleusercontent.com/a/ACg8ocKaBkGxd0rkD8KOXp6a6HJ-Yt3DRI0wf-5GarlhTV8Rvtmymg=mo,worst app..take too much time to open it,1,0,,2026-08-27 19:46:05,"We regret any dissatisfaction caused. Please connect with us at help@porter.in, and we’ll work towards rectifying the issue",2026-08-28 09:16:45,
a852a08c-d52a-4c5f-8d10-f1fea45edd8f,Narendra Soni,https://play-lh.googleusercontent.com/a/ACg8ocK32EECtX8kpccN_8GVPmvR3R2tq5dTZY_iZvQ2UWDmcIpYvQ=mo,"App is excellent, but in emergency not able to do booking due to unavailability of drivers",3,2,6.88.0,2026-08-27 19:24:17,"We’re committed to making things better, and your feedback helps us do that—thank you.",2026-08-28 09:13:48,6.88.0
83c1bdb6-fabe-4f92-b9ee-f57b01f3caa9,B Bhagya,https://play-lh.googleusercontent.com/a/ACg8ocJh6-iXKdIcMmiGpy7qjgN3pmf69wv9Z3DCMG_0JzjoC-XOwA=mo,nice,5,0,6.87.0,2026-08-27 19:22:44,Your kind words are a wonderful reminder of why we do what we do. Thank you for the fantastic review,2026-08-28 09:13:24,6.87.0
5716e9b9-365f-4bcc-a6b4-2ecf34764bfe,Anirudh Uttarkar,https://play-lh.googleusercontent.com/a-/ALV-UjV37HaQNFr23_vLYc9svsQFEUe2vx4vmg948zoebDwcLbmfJnQ,price is very costly,2,0,,2026-08-27 19:21:40,We’re deeply sorry to hear about your experience and want to make things right. Kindly contact us at help@porter.in to provide more information,2026-08-28 09:13:05,
30271f42-585e-4734-aafe-2ef2b9b5b090,Ashoke Taru Dash,https://play-lh.googleusercontent.com/a-/ALV-UjV_WzYR1ZbLMn8BgiKNhzftUJPqlz3TZ3cajzdsfbjUPUHXm14O1w,very convenient and nice service,5,0,6.87.0,2026-08-27 19:13:44,Your happiness is our greatest reward. Thank you for the thoughtful review and for believing in our service,2026-08-28 09:10:41,6.87.0
f7024135-685e-41c6-aad9-b8e7ff255dc2,laddu Mudiraj (Ginka),https://play-lh.googleusercontent.com/a-/ALV-UjWhuFK5cLROyhpyVHrQInLMg__bizFRO16ntLoDqzGIq3-1TLo8Ng,worst experience drive asked for extra amount and talked to customer service they also support drive only,1,0,6.87.0,2026-08-27 19:11:27,We’re sorry for the trouble caused and appreciate your feedback. Kindly contact us at help@porter.in so we can address your concerns,2026-08-28 09:10:21,6.87.0
e8a5b90f-2ab8-4889-8764-dcabbaa84502,Yogesh Karme,https://play-lh.googleusercontent.com/a-/ALV-UjVwnQLi6CCZSTDe6BvxycJgCNorSnpvNZLkucIZhhf_CrCwoL0RXw,nice 👍,5,0,6.85.0,2026-08-27 18:58:36,Your support makes all the difference.,2026-08-28 09:08:47,6.85.0
c9f8a10f-fbfe-4243-ac63-9997bb10afb9,NAYAN SHAH,https://play-lh.googleusercontent.com/a-/ALV-UjVn1ymCddvbv3jTXnvBxXchMWb7BM-kjUAYzUBaf49o0Al2aB0,very usable very good service also Porter and peter rider,5,0,6.87.0,2026-08-27 18:53:59,It’s such a joy to know we’re making a difference for our customers.,2026-08-28 09:08:18,6.87.0
1aab0480-3190-48dd-9283-9c73b5b1b229,Mr Kanhaiya Pandit,https://play-lh.googleusercontent.com/a-/ALV-UjUwungRWih0bT_l2C0jKHqoSWtQpAE1eAaB_udVK825p1ceFGss_g,good,5,0,6.88.0,2026-08-27 18:47:46,Your kind review is a reward in itself.,2026-08-28 09:05:54,6.88.0
8776908b-8c25-4fbb-b8c6-3fdc120c740d,Aman Yadav,https://play-lh.googleusercontent.com/a/ACg8ocKSxwXa5heZ1nmPh3ufJsIe7zLc20Eh-CzZl80kVdz-PG32vw=mo,it's a helpful app for fast delivery of goods and drivers are also of good nature ❤,5,0,6.72.2,2026-08-27 18:47:39,We’re truly humbled by your kind words and encouragement.,2026-08-28 09:05:33,6.72.2
2ccbdcd2-9ea7-45ac-8e8a-e559f0531e36,Sheetal Vishwakarma,https://play-lh.googleusercontent.com/a/ACg8ocIHy8QeqBO_Jb8dAdt8I3y394sYJmmmm4FylCaa5FzuEB8URw=mo,nice,5,0,6.87.0,2026-08-27 18:38:08,We’re over the moon to hear your praise.,2026-08-28 09:02:39,6.87.0
9b03d40a-d974-44e4-9928-4c9bfa4d1510,Pravin Singh,https://play-lh.googleusercontent.com/a-/ALV-UjW849Fxu3lfq2cJqENv9LnuE8lLTjWpZ-jxpAc6crVkq0qTC7Ka,best app,5,0,6.87.0,2026-08-27 18:29:42,We’ll continue to work hard to provide you with the best possible service.,2026-08-28 09:01:19,6.87.0
b8bc9f78-7c63-4e4a-87f6-56e26c120d99,Binoj Nair,https://play-lh.googleusercontent.com/a-/ALV-UjWpTKZcWT7kmhKdWH4j3vuDM_zEf0JsTxP64BJsO8dcwANRs-8U,excellent service,5,0,6.87.0,2026-08-27 18:26:17,Your perfect rating reminds us why we’re here. Thank you for your trust and for taking the time to share your experience,2026-08-28 09:01:02,6.87.0
8f83cd74-0d14-4168-931c-e461a73dc259,Kamlesh Vyas,https://play-lh.googleusercontent.com/a-/ALV-UjWGogsXvTBVAH86OQ9OqRKsa8RTa5hOxrudD2cbiporQuPiaBi5mw,👍,5,0,6.87.0,2026-08-27 18:19:11,"Your satisfaction is our top priority, and your encouragement motivates us to keep striving for excellence.",2026-08-28 09:00:43,6.87.0
84cebe3f-41ea-48ce-8137-cd7ee6d587e6,Deep Kmr,https://play-lh.googleusercontent.com/a/ACg8ocIITNGXgM3pD6kdmmUuFgQk3Avn8V4BeIqCZxBOwBhXAp4c=mo,superb,5,0,6.88.0,2026-08-27 17:59:10,Your review celebrates everything we work hard to provide. Thank you for your support and for sharing your happiness with us,2026-08-28 08:59:54,6.88.0
c5ca34e4-8671-4252-b46d-8c74a3edd72e,mohfw_xyz india,https://play-lh.googleusercontent.com/a/ACg8ocIHtCKrRc_Va2m8Havs4UW7iEpqjhjGHEqKJtaBhPTh5e0U9Q=mo,safe and secure,5,1,6.88.0,2026-08-27 17:57:09,Your support keeps our passion for excellence alive. Thank you for the wonderful feedback and for believing in us,2026-08-28 08:59:35,6.88.0
c99c9e5d-32f5-43ef-bef8-11ded16178c7,MANJU SHARMA,https://play-lh.googleusercontent.com/a/ACg8ocIIeSPbimFq18eBT5DyuEwSpJTzH-sgdGAvGBf4nM3rvegl2Q=mo,asking the money of parking extra,1,0,6.87.0,2026-08-27 17:44:46,Our sincere apologies for the inconvenience caused. Please write to us at help@porter.in so we can better understand and resolve the issue,2026-08-28 08:59:01,6.87.0
af436ef9-f6dd-4cc7-98dc-09d731cbf46a,Mukesh Yadav,https://play-lh.googleusercontent.com/a/ACg8ocI6zKBOg8uvDEfwNkTu4SIF2tYxFU3oTN9fs52p4iwhLMAkgi8=mo,Good Service,5,0,6.87.0,2026-08-27 17:44:41,We truly value your feedback and loyalty.,2026-08-28 08:58:44,6.87.0
4b287888-e843-4174-9a75-8d99282c208d,YESHWANTH GOUD,https://play-lh.googleusercontent.com/a-/ALV-UjWSEBHnsPtJg08fEsx4MBI3kTGFm9_5hlAzZ8TrF888hQCI40qnig,worst,1,0,6.88.0,2026-08-27 17:43:43,We regret any dissatisfaction caused and are committed to improving. Please email us at help@porter.in so we can resolve your concerns,2026-08-28 08:58:25,6.88.0
3473cb68-475d-492f-ba3e-195c5ba343aa,HARDEV CAR WASH,https://play-lh.googleusercontent.com/a-/ALV-UjWargbZ_Eo7b6UHFS1NnmJLtIVVKOs9VDtWg38yVlcaDRAXIj23,Good Work,5,0,6.88.0,2026-08-27 17:28:00,Hi! Thank you for giving us a perfect score. It is a delight to see us matching up to your expectations.,2026-08-27 19:59:32,6.88.0
cf609e10-8887-4460-a56e-ac58868435d0,R harish Harish,https://play-lh.googleusercontent.com/a-/ALV-UjXGEQyXjRAtRvIFcLn7KP3_unlwwwCYUDgyEFo-2ytn2QX9bgVT,good,5,0,6.88.0,2026-08-27 17:21:08,A perfect score is what motivates us to keep delivering our best.,2026-08-27 17:26:38,6.88.0
3a637280-90d5-4f74-b120-ec270aecb4ef,Danish Khan,https://play-lh.googleusercontent.com/a-/ALV-UjVE-ReooTxYoiau9sDdabEx6lXC_skanbFS1CbWttfcsv3YGxCC,nice work👌👌,5,0,6.86.1,2026-08-27 17:13:23,"Thank you, Danish. We value the positive review and are happy to hear that you enjoyed our service.",2026-08-27 17:25:20,6.86.1
df433da5-c0ef-4ffe-b15d-163a88119a50,Udhaya Kumar P,https://play-lh.googleusercontent.com/a-/ALV-UjX8RvjC_CzSZ04nspAW-zfXfKXUZda6AZm4EqNAaenlV0-a0gBT_g,super,5,0,6.88.0,2026-08-27 17:10:05,Hi! Thank you for giving us a perfect score. It is a delight to see us matching up to your expectations.,2026-08-27 17:24:48,6.88.0
a4a4be7d-20a0-4f25-b9d2-aded6c59835a,Dhananjay Ambekar,https://play-lh.googleusercontent.com/a/ACg8ocLvG5aYv-4waL7qCE6D1IxA0n6EBa0x7pZGpi9Y9YRMfokK-oQ6=mo,very bad experience. diver took 2 hour break in between. and support is useless. and here the ratings are all paid.,1,0,6.87.0,2026-08-27 17:09:51,"We apologize for any frustration caused, Dhananjay. Your feedback is taken seriously, and we'd like to make amends. Please email us at help@porter.in.",2026-08-27 17:24:16,6.87.0
10316742-ac3c-4f6f-9996-c5f55d045610,ROSHAN KV,https://play-lh.googleusercontent.com/a-/ALV-UjX6UV5S05hR-u0iy-6ltEMhB0Tv89qsivcaO_aXJHkrn9eL8E72,good 💯,5,0,6.87.0,2026-08-27 16:57:56,"Hello, we're happy we met your expectations :) Thank you for your positive feedback.",2026-08-27 17:03:57,6.87.0
1eea50eb-18f0-40d3-8fa5-17c26fc67364,Paresh Tarsariya,https://play-lh.googleusercontent.com/a/ACg8ocIuupd49HeUPdWLdycDnw3zmCSqLJQMorDjGNLW0x-JsqtfWw=mo,Very Good Service,4,0,6.87.0,2026-08-27 16:34:47,"Hi, thank you for the positive review. We request you to let us know more about your experience by writing an email to help@porter.in so that we can make our service worth 5 stars.",2026-08-27 16:49:00,6.87.0
1b6cf71c-92df-4741-915e-14c8005d7dcf,Sartaj mansuri,https://play-lh.googleusercontent.com/a-/ALV-UjUHHSrrl17quQThqpEq8fUNlG6zppjui5P41ySOhLGxU-HU7-0t,Good,5,0,6.87.0,2026-08-27 16:30:45,"We are so happy that you enjoyed your experience with us, Sartaj. Thank you for choosing Porter! :)",2026-08-27 16:48:06,6.87.0
34b1ab99-1348-4299-a40d-cee19101a572,suresh paruchuri,https://play-lh.googleusercontent.com/a/ACg8ocKZ7vHIq_5Sy0AVIqndCYOzVlJCtC1THX88ulO5kgaqP5OGRA=mo,good 👍 service,5,0,6.87.0,2026-08-27 16:18:38,"Appreciate the review, Suresh! Your satisfaction is what drives us, and we can’t wait to serve you again!",2026-08-27 16:47:16,6.87.0
4afb60f6-e27a-487c-bee1-60ce601c58f0,N RAMESH,https://play-lh.googleusercontent.com/a-/ALV-UjXzpFwXw0ejONxmF5386KC5awQgjj9l2GOhrtkAHLaFPYiiayx6,nice,5,0,6.87.0,2026-08-27 16:07:26,"Thanks for the ratings, Ramesh! This motivates us to keep serving you better with every order.",2026-08-27 16:46:04,6.87.0
43d91e12-efdd-46c7-b053-c4d72dcc6b56,Shree Enterprises,https://play-lh.googleusercontent.com/a-/ALV-UjVidAyra6x2li7_jSylN4T1P8c3_WtrMMB9gKeGWWP7g1mI12L9,excellent service on-time delivery,5,0,6.87.0,2026-08-27 15:49:50,"Hi, thank you for sharing your experience with us. Looking forward to serving you more goodness in the future.",2026-08-27 16:21:59,6.87.0
c1dda61e-94b3-44d0-8786-bced3c86870e,Badal Behara,https://play-lh.googleusercontent.com/a/ACg8ocLxN8tBOZ0YhB18stkVToWkOfQYos5ikUvrf_G7k8kuHDV4VA=mo,Good 💯,5,0,6.87.0,2026-08-27 15:32:34,"We are so happy that you enjoyed your experience with us, Badal. Thank you for choosing Porter! :)",2026-08-27 16:13:55,6.87.0
b172b0e4-0755-4c30-97cd-efd2dca013d3,Anubhav Shukla,https://play-lh.googleusercontent.com/a-/ALV-UjV2oaiaJU5RWK7be2NjQbUQMJP5E_YW5RA_xrpl3UQna50agJjj,good boy,5,1,6.87.0,2026-08-27 15:27:53,"Thanks for taking the time to share your thoughts, Anubhav. We are happy to know that you had a good experience with Porter! :)",2026-08-27 16:12:27,6.87.0
1ceaa981-c630-4245-8c8f-daa21a72ec8a,Prahalad Purple,https://play-lh.googleusercontent.com/a/ACg8ocLqtVC4hnXZUWyecwufX4vJoeFQl43hr3xyCYQPMfFxCkSsrA=mo,"Reliability & Quality of service has decreased phenomenally. The app has its uses because of its monopoly, but the billing is unreliable these days. After the completion of delivery of the products, computation and bill settlement there are sudden wallet deductions due to unexplained rate changes. And we have to struggle with the support center for information which they don't provide. This is not a reliable model.",2,5,,2026-08-27 15:26:55,"We regret your disappointment, Prahalad! Please share your order details at help@porter.in so that we could look into this right away.",2026-08-27 16:11:32,
2654a728-4612-43e3-8009-ce42bcff2f53,Kapil Kale,https://play-lh.googleusercontent.com/a-/ALV-UjXNdBvgHl5Hc3omohhdhI0Sits3DPNBEVFogiYWEyyUNFnKti3V,good,5,0,6.87.0,2026-08-27 15:22:54,Your satisfaction fuels our passion for providing top-notch logistics services!,2026-08-27 16:09:39,6.87.0
b1c1162d-fb9d-4323-8822-c6d1db77a7e0,Kareena Aparnathi,https://play-lh.googleusercontent.com/a/ACg8ocIlhoveCVEj68MtuDeGc8lQcUegAvm-K2MPuMe8w3dkVW0LQg=mo,thank you,5,0,,2026-08-27 15:15:53,We appreciate your generous rating; it helps us grow.,2026-08-27 16:08:13,
e273b70c-86a6-4d23-b8fe-95110b7ed58d,vanith kumar,https://play-lh.googleusercontent.com/a-/ALV-UjURdU89uOzwq9uSiFmhWaZZ5LRkHTnfKsjI2c7jf9VQldDVoac,good person,5,0,6.83.0,2026-08-27 15:11:59,"Thanks for taking the time to share your thoughts, Vanith. We are happy to know that you had a good experience with Porter! :)",2026-08-27 16:04:18,6.83.0
fb48bb4e-9595-4ed2-82df-0666a2367681,Saravanan A.,https://play-lh.googleusercontent.com/a-/ALV-UjXAXVM0S2uRZ3g8eHd9WvLRHYNy6WmROO-jqbBR0-DsAc0xCJaA,okay 👍,5,0,6.87.0,2026-08-27 15:06:02,A perfect score is what motivates us to keep delivering our best.,2026-08-27 16:03:35,6.87.0
37614a79-283a-4818-bb37-d81140411994,Scpl Purchase,https://play-lh.googleusercontent.com/a/ACg8ocIn4Jni5yayMni712qeIekHwSac9RyA0WBBn99P-4ZIiLfC=mo,good application,5,0,6.87.0,2026-08-27 14:58:54,Hi! Thank you for giving us a perfect score. It is a delight to see us matching up to your expectations.,2026-08-27 16:02:24,6.87.0
f3a48da7-3b30-4909-a420-8734600eec53,usha gautam,https://play-lh.googleusercontent.com/a-/ALV-UjU7hZzW9dA8alAtkLFMQ_Qqqf9AVAbHOv5MUiGSpI3oyMr69iE,Good,5,0,6.87.0,2026-08-27 14:36:39,"We are so happy that you enjoyed your experience with us, Usha. Thank you for choosing Porter! :)",2026-08-27 15:56:18,6.87.0
ee1145b9-4795-4ff1-a282-12889ec0e205,kk mishra,https://play-lh.googleusercontent.com/a-/ALV-UjX9MmZ27wnZqoCC8S5TSVmvAOebgJ8oXEKygzi1ghGKGRP3nFVTQA,Good option for the type of facility 👌🏽,5,0,6.87.0,2026-08-27 14:27:43,"Hi! Thank you for giving us a perfect score. It is a delight to see us matching up to your expectations. Hope to do more business with you, do refer us.",2026-08-27 15:47:12,6.87.0
9b308c0f-e308-4b99-9e54-59b33eeb422b,Bahurani,https://play-lh.googleusercontent.com/a/ACg8ocIrxLZpi4AJXcaA22u0VsXjc-E9QEPF8MVj5w23S9EjiS3tCg=mo,good service,5,0,6.87.0,2026-08-27 14:10:57,"Thank you, Bahurani. We value the positive review and are happy to hear that you enjoyed our service.",2026-08-27 15:44:48,6.87.0
4048fbc0-1a12-403e-aa92-b99cc407ebb7,Anuj Sharma,https://play-lh.googleusercontent.com/a-/ALV-UjX_Ne24DTkDUef2DXKuIH06V0eHXRPcZP8We6MLf9DOeyZpgJfc,good delivery,5,0,6.85.0,2026-08-27 14:09:33,"Appreciate the review, Anuj! Your satisfaction is what drives us, and we can’t wait to serve you again!",2026-08-27 15:44:12,6.85.0
445cac44-72d8-408b-a314-a005947f86d5,Perfect Spoken English,https://play-lh.googleusercontent.com/a-/ALV-UjX7rah_q7ub7NujXRFWLIu7KZ-kZwgO3ej_QD3xu8Yqd7Tc6mqm,they take the money in advance. and dont even bother to chk if the order is delivered to the correct place. my many parcels i purchased from shops r lost. i paid heavy amt from my pocket and all my packets dudnt reach to me. many time i tried to complain. but no result. be careful with porter,1,0,6.85.0,2026-08-27 14:03:29,"We're sorry to hear about your negative experience.
Your feedback is crucial, and we'd like to better understand your concerns. Please email us at help@porter.in so we can work towards a resolution.",2026-08-27 15:43:30,6.85.0
fbd2a39f-6103-4768-a434-1454a2cdfe38,Verma Saab,https://play-lh.googleusercontent.com/a/ACg8ocIGi5AgTEcOUWbCcZKu6x0oGgYtw6RYHqil1E2i4L3ILAqpcQ=mo,Good service for use in emergency situations not in regular mode because service prices are little costly.,5,0,6.87.0,2026-08-27 14:02:33,"Hi there! We consistently aim to offer competitive pricing while maintaining the highest service standards. Nevertheless, we highly value your feedback and have taken it into account for our ongoing evaluations.",2026-08-27 15:41:04,6.87.0
d5e2842b-0fe1-4537-8f2c-e0d50d1d9f67,VEDANGI RAORANE,https://play-lh.googleusercontent.com/a/ACg8ocLyIrbVsEUz256oCoUdY6EkqBIwbVJoK-eVh1REFvp02-0DAM8=mo,पोर्टर तुम्ही मुंबई महाराष्ट्र मध्ये सुद्धा काम करता .. तुमचा ड्राइव्ह ना मराठी येत नाही का ते मुद्दाम मराठी बोलत नाही माहित नाही .. तुमचा कस्टमर केअर मध्ये कॉल केला तर ते लोक आम्हला उत्तर देतात की समोरचा मराठी असेल नसेल .. तर तो का आणि कसा बोलेल . का आणि कसा बोलेल म्हणजे याचा अर्थ काय ???? ह्याचा उत्तर द्यावा तुमचा लोकांना सुद्धा मराठी शिकवा आणि कस्टमर केअर ला सुद्धा बोलण्याची पद्धत शिकवा ...,1,0,6.87.0,2026-08-27 13:44:49,,,6.87.0
9a8b750b-d5b2-4269-b56f-21a5ca558ae7,Devansh Mehar,https://play-lh.googleusercontent.com/a/ACg8ocIvgFG7xyLN4vqhMFY7ub9A4QFW6FIW3TrS8wX_0ujhYS_Mnw=mo,best app for dilevery any product nice app,5,0,,2026-08-27 13:31:15,"Hi! Thank you for giving us a perfect score. It is a delight to see us matching up to your expectations. Hope to do more business with you, do refer us.",2026-08-27 13:51:03,
37ff1582-666c-4c06-b0c9-680cb7a4809a,Satveer Singh,https://play-lh.googleusercontent.com/a-/ALV-UjWHZGHbwVOW9s_m-kd0I4kuT_Q-s79s8sCtPPTqP8Jf0Raf0tM,ok,5,0,6.87.0,2026-08-27 13:31:04,Hi! Thank you for giving us a perfect score. It is a delight to see us matching up to your expectations.,2026-08-27 13:52:05,6.87.0
0aee910b-73a0-4f15-81a0-c76f0513b56d,Jyoti Singhania,https://play-lh.googleusercontent.com/a-/ALV-UjXanZOKymvFDuhLxxcVAqNFLVbjmuCsc7YIu9VrOXn4MOqt4I6rEQ,helpful and nice person,5,0,6.87.0,2026-08-27 12:55:43,"Hi, thanks a lot for your rating & feedback. Your appreciation means a lot to us. Hope you continue to enjoy our service.",2026-08-27 13:29:57,6.87.0
7f82803a-d464-4f61-996c-d946c9b13f19,Soundarajan G,https://play-lh.googleusercontent.com/a-/ALV-UjULzpBU64owahgW2T_jfur7-2PiK6PsXZxnE4cytWAt3_OUedGg,"Please do not use the electrical uninstallation and installation services through this app. Based on my experience, they are sending unprofessional and inexperienced technicians to carry out the work. They may quote a lower amount for installation, but this can result in poor workmanship, additional rework, equipment damage, and serious safety concerns.",1,5,6.86.1,2026-08-27 12:41:25,"We’re truly sorry to hear about your disappointing experience.
Could you please share your order details and contact number at packermover@theporter.in? We’ll escalate this to the concerned team and do our best to ensure a satisfactory resolution. We look forward to your response.",2026-08-27 13:27:22,6.86.1
465d0dd0-e208-463d-854f-50503208c2b1,Vakatar Sanjay,https://play-lh.googleusercontent.com/a-/ALV-UjUG-wG2Wo0eBayEsKz4oN6lcEJBMA-DupJQ5wvdzD0qbq6xFUAB,supar fast,5,0,6.87.0,2026-08-27 12:34:43,"Hi Sanjay, thanks a lot for your rating & feedback. Your appreciation means a lot to us. Hope you continue to enjoy our service.",2026-08-27 13:25:01,6.87.0
9fd6c003-0432-4dfe-819e-95cda42341ac,GB personal,https://play-lh.googleusercontent.com/a/ACg8ocIlovP3VfO-01-MshYWtK_1_Qs0EYF1YcoEVmh32Zil65IMxA=mo,This app works correctly. Picked up material correctly.,5,0,6.88.0,2026-08-27 12:24:51,"Hi! Thank you for giving us a perfect score. It is a delight to see us matching up to your expectations. Hope to do more business with you, do refer us.",2026-08-27 13:23:48,6.88.0
2b7eec26-cbf1-4e73-b2c8-03bae5ed9e76,tushar vaja,https://play-lh.googleusercontent.com/a-/ALV-UjV0oLnuQL_InlVKvgQOzS68p3J-U4COK5a1D_58KortAZ707rEG,good service,5,0,6.87.0,2026-08-27 12:15:05,"Thank you, Tushar. We value the positive review and are happy to hear that you enjoyed our service.",2026-08-27 13:22:27,6.87.0
f37700f1-2522-4725-8da3-78657017233e,Nishikant Desai,https://play-lh.googleusercontent.com/a-/ALV-UjX6GAeVflM5CvzSUMWibvPBWrDJ8J9c8kheOZ-LS1qYl_FgA25D,good,5,0,6.87.0,2026-08-27 12:04:24,"We are so happy that you enjoyed your experience with us, Nishikant. Thank you for choosing Porter! :)",2026-08-27 13:21:19,6.87.0
abc64960-c9bd-4397-8f75-ea9ec96caba1,Suraj Pathre,https://play-lh.googleusercontent.com/a-/ALV-UjXbKkGRiZ0zDh60jJ7EsNjyRDNN795NkuTT0r4wvrPSjXC1URI,nice,5,0,6.84.0,2026-08-27 11:42:32,"Thanks for the ratings, Suraj! This motivates us to keep serving you better with every order.",2026-08-27 13:18:48,6.84.0
246098eb-09a0-4a68-9523-15e143d55dbb,Ramesh Dalvi,https://play-lh.googleusercontent.com/a-/ALV-UjV2RHWlfpWXRjAkvvZ6djXtW2R8Obz6VkVHJXsblbqEIZjo6xbQ,good,5,0,6.87.0,2026-08-27 10:48:19,"Thank you for the lovely feedback, Ramesh :) We are glad we were able to meet your expectations!",2026-08-27 13:01:36,6.87.0
95cf9234-5de2-45aa-94e6-fcb1e98e08a8,Rajendra Singh,https://play-lh.googleusercontent.com/a/ACg8ocJBLvqJXWbfBO4uQ3lV0Leh-oIjLaOMmrv0dBr3w16vVr4VfQ=mo,nice 👍 service,5,0,,2026-08-27 10:23:58,"Appreciate the review, Rajendra! Your satisfaction is what drives us, and we can’t wait to serve you again!",2026-08-27 13:00:58,
7d1a2ca6-b3e0-4bc4-b9d1-8ae4478f5727,Ponnanna M S,https://play-lh.googleusercontent.com/a-/ALV-UjUFpeHlGnV1TreLBGw754rQuZKX6jVHpkzb-wsQ4RaKcnIIWiA,I had used for shifting and had a pleasant experience,5,0,,2026-08-27 10:05:31,"Thank you for the wonderful review, Ponnanna! It’s reviews like this that keep us pushing forward to become better at what we do! :)",2026-08-27 12:59:21,
be9fd291-4cd5-4a73-9fd9-531e1b5de62e,nandhagopal gopal,https://play-lh.googleusercontent.com/a/ACg8ocJcuR-RkbAU0SZquACYCC6Yd9wmz0e8nFAiWtLb_KI7yCvB4w=mo,good,5,0,6.87.0,2026-08-27 09:58:21,"We are so happy that you enjoyed your experience with us, Nandhagopal. Thank you for choosing Porter! :)",2026-08-27 12:58:23,6.87.0
07522277-53f7-49f6-bbf5-19883e3926c2,Bhaskar Kuruva,https://play-lh.googleusercontent.com/a/ACg8ocLk1QaUqKAnlUYhEFg9bGmeMAZ9yd63Xnz-lRRsTQKD2SIOEw=mo,nice app,5,0,6.86.1,2026-08-27 09:40:57,"Hi! Thank you for giving us a perfect score. It is a delight to see us matching up to your expectations. Hope to do more business with you, do refer us.",2026-08-27 12:45:50,6.86.1
f3fa9751-ef7d-4dd4-8675-5ecd3f2e47bc,ANISH MANSURI,https://play-lh.googleusercontent.com/a-/ALV-UjXLILpN8a3WpnxKoM-ejsczkHFkOabtJGean8X4c1p6SCKF7HL8,delevery men complete ✅,5,0,6.85.0,2026-08-27 09:39:05,"Hi, thanks a lot for your rating & feedback. Your appreciation means a lot to us. Hope you continue to enjoy our service.",2026-08-27 12:45:23,6.85.0
1f2667dc-3026-47c6-b294-9602ce6a50cd,Deepak Prajapat,https://play-lh.googleusercontent.com/a-/ALV-UjXNPDadjiHjIRnC3WMgyucJzbcthKmzyTC5fzOE9LGIWJzTsv8G,fast delivery aap nice work I'm happy 😊,5,0,6.86.1,2026-08-27 09:15:36,"Hi! Thank you for giving us a perfect score. It is a delight to see us matching up to your expectations. Hope to do more business with you, do refer us.",2026-08-27 12:44:27,6.86.1
ac95d906-a5cc-4474-b4c4-8fd7d0cf7296,Chetan Joshi,https://play-lh.googleusercontent.com/a/ACg8ocJnv_B8z4NTqCU5qSP9owQTdl3Al5zWGzgY73lwy2A20YeHFw=mo,good person good service,5,0,6.85.0,2026-08-27 08:43:36,"Thanks for taking the time to share your thoughts, Chetan. We are happy to know that you had a good experience with Porter! :)",2026-08-27 12:37:04,6.85.0
2998e77b-a3ef-4416-9d27-a98e9c27fe41,Akhil Vishnu,https://play-lh.googleusercontent.com/a-/ALV-UjWhbQMXGPsVTyrGExJedpJ3u3hEK_FF1mHEYNeuzdCssSqpAL_B-w,always no porter available,1,0,6.87.0,2026-08-27 08:29:57,"Your inconvenience is highly regretted. We would love to provide you with a vehicle instantly, unfortunately, due to the very high demand for our services in certain vicinities this issue may occur, where vehicles are unavailable. However, your feedback is valuable, and we are continuously working to build a strong supply.",2026-08-27 12:34:17,6.87.0
0d28dea6-1217-48ba-a48d-ef92dd00de9d,Kovai Laundry,https://play-lh.googleusercontent.com/a-/ALV-UjVn1f0C5q9fnqrbgB6lDVilQykXNB12md_j-hv4ZBn01s9v22w,lots of time two wheelers options are closed but two wheelers porter person switch oned porter app and waiting for order near me but not showing option for two wheelers pls do update mistake in last 2 to 3 months why not showing two wheelers options,2,0,6.87.0,2026-08-27 08:20:00,Hey there! We would like to discuss your issue and request you to kindly write to us on help@porter.in for further assistance.,2026-08-27 12:30:43,6.87.0
3ca4c6a0-6583-40a0-bdc1-be5b4034e8d1,Noty boy,https://play-lh.googleusercontent.com/a-/ALV-UjWBlPY8OhBYUb2YhvOggcGzvY6UEzPmPlf_vqnxoUnVtVxYIl5rvw,good driver,5,0,6.87.0,2026-08-27 07:34:42,Hi! Thank you for giving us a perfect score. It is a delight to see us matching up to your expectations.,2026-08-27 12:26:05,6.87.0
3ea35702-ba29-4bc1-ad8a-7ccecd7ffd29,Subramanian Murugan,https://play-lh.googleusercontent.com/a-/ALV-UjXL_cO0hGe432umD4H41tTxDkVR-NBJBNvCWSV6glNHb7Ij6U7w,good,5,0,6.87.0,2026-08-27 07:29:27,"We are so happy that you enjoyed your experience with us, Subramanian. Thank you for choosing Porter! :)",2026-08-27 12:21:18,6.87.0
b022ad1a-1239-418f-81d5-6484a8a572bf,Hashim Amin,https://play-lh.googleusercontent.com/a-/ALV-UjWlgN56YbcORunGbdqRkVCwx1MDkamSkpfkXPBg-1lODDnCa_m51A,"Extremely unprofessional partners, pathetic experience. We should avoid making bookings from Porter and choose some local logistics service. A big No to Porter",1,0,6.87.0,2026-08-27 06:01:17,"Hi Hashim! Your feedback matters to us, and we apologize for any inconvenience you faced. Connect with us at help@porter.in to share more details about your experience. We're committed to resolving your concerns.",2026-08-27 12:12:11,6.87.0
7a01d474-06af-4164-9891-60644296c360,Peeyush Saxena,https://play-lh.googleusercontent.com/a-/ALV-UjVUJhBlAuD-ep0wXfv8BMY6lyXYfqtKaLzVHsuEYc2eUuue4pWBng,Good,4,0,,2026-08-27 04:45:57,Hi Peeyush! Happy to hear that you find the app good :) Please let us know the reason behind this low rating at help@porter.in. We'd be happy to improve our app based on your suggestions. Thanks!,2026-08-27 12:03:06,
67f89a80-14aa-46d2-ba44-460aeedf5f21,Suresh Susai,https://play-lh.googleusercontent.com/a/ACg8ocKyCa_AAludj3DT0rBug6vkQcBegCJW1hMGUh3IOPazJ2bZSA=mo,I'm very happy,4,0,6.87.0,2026-08-27 01:19:27,Your satisfaction brings us immense happiness.,2026-08-27 11:53:29,6.87.0
ae0fce25-b61b-4b41-b191-7a11ce85a1ce,Ashutosh Bajpai,https://play-lh.googleusercontent.com/a/ACg8ocIuYPfkJMr7JEkHtsjuIOZoazOx88cUiqcU2BUi3YAfq-3JPw=mo,"I don't know about others but they provide the worst service in lucknow. They don't even provide the support over a call, i think it's easy to buy ratings on playstore nowadays. thats the reason they're not bothered and they're not even trying and same with their delivery agents.",1,0,,2026-08-27 00:00:29,We are truly sorry for the unpleasant experience. Please connect with us at help@porter.in to help us make things right,2026-08-27 11:38:42,
5299e181-84ff-4709-a3c3-687b851965d6,Reema Panchal,https://play-lh.googleusercontent.com/a/ACg8ocL3QkKbj5hyDX7oNC2NW7_bxa6rJkEnyle04uyMiJdBHpXKFw=mo,it helps a lot .in emergencies....what a lovely experience every time....,5,0,6.87.0,2026-08-26 23:54:57,We’re lucky to have customers like you who appreciate what we do.,2026-08-27 11:38:18,6.87.0
e6bd77d9-45e5-457d-a899-2dce104e8f04,Hemant Singh,https://play-lh.googleusercontent.com/a-/ALV-UjX6TWuMFUzRQg0N089kj0jEXr_7UNv8k_5ciGwdsaKk9wXXTJspOA,good,5,0,6.87.0,2026-08-26 23:42:36,"You’re a valued customer, and your happiness is our priority.",2026-08-27 11:31:15,6.87.0
37110a2b-40e2-4e10-8a03-a255ecc4bf7a,Riyaz Ahmad,https://play-lh.googleusercontent.com/a-/ALV-UjVl5Clw6xDWmRkhmq7adsjcrGrYPdVWU1QZrCk5TDcAJtUzumo,good,5,0,6.86.1,2026-08-26 23:17:28,We love hearing how satisfied you are with our services.,2026-08-27 11:25:31,6.86.1
31ab082e-e683-4748-9c33-e113e790d7b3,Kalai arasi,https://play-lh.googleusercontent.com/a-/ALV-UjXcS50bMBVtpxkI82HIB1MrFGZM8WVKaL9NJjiYlJptgNwWbqA,good job,4,0,6.82.0,2026-08-26 22:46:39,Your generous review motivates our team to keep doing their best.,2026-08-27 10:37:34,6.82.0
cc1c01e9-2f5c-43c5-b483-a3e905fc3426,Sunny Kumar,https://play-lh.googleusercontent.com/a/ACg8ocIyrZB5GnQP6yAN9IiJBtyNj_ldRPPH_9_het-PkGSelVMrl9E=mo,very nice porter,5,0,6.87.0,2026-08-26 22:37:32,Your kind words encourage us to keep striving for excellence.,2026-08-27 10:19:13,6.87.0
7cfcdb3b-a03d-44b5-83ad-a1d72f64c6e6,Achal Pal,https://play-lh.googleusercontent.com/a/ACg8ocLPlGCcbt6KqwT2QJlLIVICxFlQxurLjpuztYH4hNPU9vzoBw=mo,good,5,1,6.88.0,2026-08-26 22:12:58,Your kind feedback brightens our day and lifts our spirits.,2026-08-27 09:45:10,6.88.0
3b75a532-4811-41d2-bc97-1824f5eefa46,Farin Shah,https://play-lh.googleusercontent.com/a/ACg8ocJrnrsNWB64FVVyzn-7z6jEjOcQI0ZteCb0peTQniLilylURw=mo,very helpful,5,0,6.87.0,2026-08-26 22:11:33,We’re grateful for the chance to serve such amazing customers.,2026-08-27 09:46:02,6.87.0
a3dedef5-70b4-4dcf-92fc-a975b6010e11,Bhargav Rabari,https://play-lh.googleusercontent.com/a/ACg8ocLUQJfDwBLtCXgrEW6jbKvsJmIt39I6CS1IEJewCPDD9SxEKw=mo,good 👍,5,0,6.87.0,2026-08-26 22:11:32,Your satisfaction brings us immense happiness.,2026-08-27 09:44:35,6.87.0
c1d5ad01-f9d5-4701-ab1b-add7338a3a68,Stylish Khushi,https://play-lh.googleusercontent.com/a/ACg8ocK0sDI__4LD_1CedJdEn-1rMVfTGul5Q5eYIY3pYU0DrdyQIw=mo,supr,5,0,6.87.0,2026-08-26 21:51:21,We can’t thank you enough for your kind words and support.,2026-08-27 09:42:41,6.87.0
3bbbafda-ca04-407b-b03d-e527d3f2d816,Yaduvanshi Ajay,https://play-lh.googleusercontent.com/a-/ALV-UjXtky0mByjfvQ8RGzDP842jDWVjWDNhVXfMbuTwJ5bl6S5iV9KA,good,5,0,6.87.0,2026-08-26 21:48:53,Your satisfaction is why we love what we do.,2026-08-27 09:15:22,6.87.0
53d8d789-9fa7-4184-a1b6-34687a331076,SATISH SURYAVANSHI,https://play-lh.googleusercontent.com/a/ACg8ocKrlpbcAqfIa3aYDWt_rk-RoyXsA7hivOXaShokh15Jk5hxTA=mo,very Helpful and quick service,5,0,6.87.0,2026-08-26 21:42:42,Thank you for your continued support and kind feedback.,2026-08-27 09:30:24,6.87.0
a8e2a76d-f10c-460c-8b0f-1db99c831cda,Pratibha Jawale,https://play-lh.googleusercontent.com/a-/ALV-UjVeMwDpgJUgWlBa-PCLakJvWKmSIhqIqkYjKz7Dr6HvZWHWvrYWzA,👍👍,5,0,6.87.0,2026-08-26 21:33:47,Your positivity is contagious and uplifting.,2026-08-27 09:02:38,6.87.0
df6cfa99-7228-403d-a32d-fd141889f3c9,ds pathologycare,https://play-lh.googleusercontent.com/a/ACg8ocKEs5vzuUSrkQAeCIoJp73bUASKz4vClEyrh3WBZRMGcYorTA=mo,app is good but last booking was so painful and headacheful submitted location was changed by itself after submission after that I called customer care to complain but you customer care executive was not able to solve my problem and keep asking for payment rather I didn't send tbe package,1,0,6.87.0,2026-08-26 21:04:43,We’re sorry for the trouble caused and appreciate your feedback. Kindly contact us at help@porter.in so we can address your concerns,2026-08-27 08:57:47,6.87.0
b8b874ba-17f7-4e35-adef-f93e6bd45b6e,Vikash Yadav,https://play-lh.googleusercontent.com/a-/ALV-UjXFWbEci5InX-fALeVtlfn93bV6D300n_sYxCjq3JMSIU3f6v6Z,veery good app,5,0,6.85.0,2026-08-26 20:13:28,Thank you for your kind words :),2026-08-26 20:22:17,6.85.0
ec548804-409b-4eef-87e5-5b0cdf300a11,Darshan Rajahuli,https://play-lh.googleusercontent.com/a-/ALV-UjWVW-hR417JbmSAaxgHvhmXEA9A6Xz9yelGc8DnaFsXM_do7Wk,nice service,5,0,6.87.0,2026-08-26 20:07:38,Thanks for the 5 star rating :),2026-08-26 20:21:49,6.87.0
259ec6e5-db43-4bfb-b068-e4d1409bf484,Sachin 1998,https://play-lh.googleusercontent.com/a-/ALV-UjWpEL6dLKwAOlVRVaSnzNuKmcgCbGslPTtTOuogLdtBOAH6QV1w2A,"good sarvice, helf full",5,0,6.87.0,2026-08-26 19:51:46,Thank you for your kind words :),2026-08-26 19:56:57,6.87.0
d9f66f07-bda1-4311-aa45-43d5b6894182,Nilesh Jadhav,https://play-lh.googleusercontent.com/a/ACg8ocLhRdFLNRAbJQRK_TT10LAlK9L25_Frbs87orNfpCI7Vm6nOQ=mo,useful,4,0,6.87.0,2026-08-26 19:50:42,Appreciate the positive rating :),2026-08-26 19:56:09,6.87.0
c3f0a4e5-1d4a-4468-a08e-11ae92252c52,MD OBAYDULLAH SHAIKH,https://play-lh.googleusercontent.com/a/ACg8ocKArDFIOvbsW1EUjOozyF1Cqj-2GTzjL9LF_t_lQHrpspL8TA=mo,excellent,5,0,6.86.1,2026-08-26 19:43:12,Thanks for the 5 star rating :),2026-08-26 19:55:44,6.86.1
a70e5618-961a-42c3-b8fe-c1f130c085a0,Sharwan Satija,https://play-lh.googleusercontent.com/a/ACg8ocLpZ6dnfSnv1fDMADxMMl6JFDzhByJsgX1RCx49Z14cRDSsZA=mo,your porter is very decent and before time handed over the item to my son at IMT Ghaziabad. thanks 🙏👍❤️,5,0,6.87.0,2026-08-26 19:25:51,Delighted to know about your positive experience :),2026-08-26 19:35:47,6.87.0
88f0828b-f9ef-418b-adc5-a2fc820a6373,CHANDRA K NAIK,https://play-lh.googleusercontent.com/a/ACg8ocLbkeUcW0EjYzX9hEZjeRnwlEficCJNU9ddNAyQs-gBg2dcxg=mo,Good,5,0,6.87.0,2026-08-26 19:14:29,Thanks for the 5 star rating :),2026-08-26 19:26:37,6.87.0
ddbffc5a-e022-402a-936b-247d30b2d9b0,Satnam Sandhu,https://play-lh.googleusercontent.com/a-/ALV-UjUiphTQbmcMVlW-ebFeX7a0mM4k0Lw5WVkPUA4daFWvpy8DHbtltw,good,5,0,6.87.0,2026-08-26 19:14:11,Thanks for the positive rating :),2026-08-26 19:25:40,6.87.0
2ff49331-f4f8-47b2-bef8-48ed40429feb,Prince Kumar,https://play-lh.googleusercontent.com/a-/ALV-UjV4kCxtnRBcaWwRsSnhFbpIEwFN4HGCZz0sYI1pkR2YorofxLLS,good service,5,0,6.87.0,2026-08-26 19:00:49,Thanks for the positive rating :),2026-08-26 19:21:15,6.87.0
a928b48e-aa54-49af-a944-d94f748667e6,Manjunatha T R,https://play-lh.googleusercontent.com/a/ACg8ocKES66vHueV2yICUoN5IwTU6vMUBRrDfynkPYOCHZGgf1BcC3xv=mo,Nice,5,0,6.87.0,2026-08-26 18:43:13,Thanks for the 5 star rating :),2026-08-26 19:18:13,6.87.0
b584a91e-c4f8-4234-ae46-f68feb3217c8,Rishab Goyal,https://play-lh.googleusercontent.com/a-/ALV-UjX30f0XKp5B1iuqJcCqJ4OIJkBiLevElpaqu3flwGuRb-f8SDhayQ,badhia,5,0,6.87.0,2026-08-26 18:41:36,Thanks for the 5 star rating :),2026-08-26 19:16:52,6.87.0
7f09957d-65c4-4bb3-893e-e2bbee2f7404,Shivam Gour,https://play-lh.googleusercontent.com/a-/ALV-UjX9h-nMozGqmbDU4M3DjWGDydOXtnWuAy7OqkceQMpnnL_ntPk,very affordable prices,4,0,,2026-08-26 18:29:21,Thank you for your kind words :),2026-08-26 18:31:34,
b18c6a3a-179a-4448-b9b0-7576bac3903f,Parth Dave,https://play-lh.googleusercontent.com/a-/ALV-UjXdMT4xz47h2NY3ZWBQAj8jNq9SM6GjFGGXs44vWtlo-BeafQf-8A,nice app,5,0,6.87.0,2026-08-26 18:28:27,Thank you for your kind words :),2026-08-26 18:31:01,6.87.0
9593741c-ff66-4abd-a684-da293227eb9a,MR DILKHUSH,https://play-lh.googleusercontent.com/a-/ALV-UjVv-qNz5_TXXCXwQ9JpvL0qhBBvidM83GW3rOaic27MuncxrdtS,thank you,5,0,6.87.0,2026-08-26 18:14:55,Thanks for the 5 star rating :),2026-08-26 18:25:49,6.87.0
711829ea-9fda-4a1f-a1a0-bab948223870,Jaydeep Panchariya,https://play-lh.googleusercontent.com/a/ACg8ocINJOxkHIRU4cgh2X22Fuk-HMxHzU_MvPJ34wAsEBEsT0bbig=mo,BEST SERVICE DHRUV BHAI,5,0,6.87.0,2026-08-26 18:12:03,Thank you for your kind words :),2026-08-26 18:16:13,6.87.0
d3a07c0a-9027-47fc-bf9d-06934f7a50eb,Ajay Bhoi,https://play-lh.googleusercontent.com/a-/ALV-UjVF3v8oH4ksgBTgZ_lFBc5fEe5832khI_8yV6x7JCSTKTRjBzN3,This one star is because I am not giving it to you of my own free will. I got a notification so I didn't like that I got a notification for a review.,1,0,6.87.0,2026-08-26 18:08:04,Sorry for the hassle. Your feedback has been shared with the team for further review and consideration.,2026-08-26 18:15:31,6.87.0
728c63ff-b39c-4b63-992c-8be68f4a3911,G Sundar,https://play-lh.googleusercontent.com/a/ACg8ocId179J7Cer0YkT3Sij_w8I80dFsBG3p7lJ9vJoI78k1MSEkw=mo,good,2,0,6.87.0,2026-08-26 17:58:32,Can you please rate us with more stars if you like our services?,2026-08-26 18:07:30,6.87.0
ad194db1-819a-4345-8cf8-80404e032942,ankit sharma,https://play-lh.googleusercontent.com/a-/ALV-UjVPh_Ddx252VZJoM4LzsC6xGgW7zXjnBatxwUxd6EuUrSz6uw7v,this is the best,5,0,6.87.0,2026-08-26 17:57:51,Thanks for the 5 star rating :),2026-08-26 18:07:58,6.87.0
dd36d2df-e680-48fa-b718-d1b77d488c4e,Rudraksh Hardware,https://play-lh.googleusercontent.com/a/ACg8ocKwNL6-2SC_cXUX68ONKCWfQnyRTyyFIaM08qy9WQuSdsqJEw=mo,great service,5,0,6.87.0,2026-08-26 17:54:28,Thank you for your kind words :),2026-08-26 18:05:02,6.87.0
41ec4d78-dd35-46bc-b4e1-5dd3f9348af3,AJAY MISHRA,https://play-lh.googleusercontent.com/a-/ALV-UjXwh14qO1cV12QsQaSDoHuZKkF335AboZjiHVLQdbYwzz5l3xtj,"polite behaviour, fast service, reliable and communicative",5,0,6.88.0,2026-08-26 17:47:18,Thank you for your kind words :),2026-08-26 17:54:21,6.88.0
1580a2cb-872b-49ad-b3fe-73b619f1e214,Nikita Sharma,https://play-lh.googleusercontent.com/a-/ALV-UjUDV-xBPEDQNVfP1JY7XD3g5qUZPX11FouxxhfMuYPijBnPNQ,its a much needed service and i use in busienss work also so its helping....there are some improvement possible but working,5,0,6.87.0,2026-08-26 17:43:46,We are always open to feedback. Please share it on help@theporter.in.,2026-08-26 17:55:11,6.87.0
2fa3748a-4220-40c2-af67-c5943ab2e923,Shriram Bejalwar,https://play-lh.googleusercontent.com/a/ACg8ocJXsM0Jns5WJ12l2DhlgFVDOdkw4UszQJJVOMd7yUyWzcSXhMY=mo,"The small truck booked for transporting my small table came in 5 minutes, the driver was very polite and helped in loading and unloading. Charges Rs.135 were very reasonable. All in all, a great first experience of Porter. Well done.",5,2,6.87.0,2026-08-26 17:39:17,Delighted to know about your positive experience :),2026-08-26 17:42:49,6.87.0
40caae71-a09a-4dda-a5cb-d125f0e8b025,Arban Singh,https://play-lh.googleusercontent.com/a/ACg8ocIIYCWDecR4sPLPH3vo-PT0RliF7OE6KLiFanjqWBKlxyBBOnk=mo,good work,5,0,6.87.0,2026-08-26 17:38:36,Thanks for the positive rating :),2026-08-26 17:42:13,6.87.0
230c35a9-978b-4cc5-8d5c-9226e9a536af,Swai,https://play-lh.googleusercontent.com/a/ACg8ocLUeaB_r_NBmNPNUW-zJr2QJjXnj_JZIOqavfvSwFnbtd0G7w=mo,very nice 👍👍👍,5,0,6.87.0,2026-08-26 17:10:50,Thank you for your kind words :),2026-08-26 17:21:16,6.87.0
16ceb180-d184-4199-8fbe-a81ccb922094,Radhe radhe,https://play-lh.googleusercontent.com/a/ACg8ocKMsRIGTmy8mjARmxo1huJF3HtxE8wLa0FRqb7We7LgsAVS=mo,good service,5,0,6.87.0,2026-08-26 16:56:06,Thanks for the 5 star rating :),2026-08-26 17:04:13,6.87.0
5f1fef96-64cd-4f84-bd46-e2752cac3428,Suraj Pawar,https://play-lh.googleusercontent.com/a/ACg8ocJ1QF0BvQDIj1ql5uppkAIZLU3QnyrdUOwa7g8ORi3mL7IqBw=mo,Great service,5,0,6.88.0,2026-08-26 16:55:09,Thank you for your kind words :),2026-08-26 17:03:44,6.88.0
9b719e22-bf50-4489-a0d3-ee408f0828f7,Bhati Bishnoi,https://play-lh.googleusercontent.com/a/ACg8ocKU-ZV44Nqj4lM5TLWorvDtyXJxMo0fQ1-fIyFppPYrGoHhXQ=mo,Nice service 👌,5,0,6.87.0,2026-08-26 16:49:52,"Appreciate the review, Bhati! Your satisfaction is what drives us, and we can’t wait to serve you again!",2026-08-26 16:53:03,6.87.0
e3a0f94e-5120-43be-9cb3-c5f0492cc0e7,Vishnu Mhaske,https://play-lh.googleusercontent.com/a-/ALV-UjWv39mI5DiCCt-B33F2Lo6Bh0ae6Ck_xKiaF6vKgobg-8HKLtKV,Good service,5,0,6.87.0,2026-08-26 16:43:00,Thank you for your kind words :),2026-08-26 16:52:46,6.87.0
a0d2614f-9483-45e9-a14e-4fa12b26d333,Kashi Ram,https://play-lh.googleusercontent.com/a/ACg8ocI3KRPT1Xg4ooMzDxJNYzNRIS0D_HS-_BdfSy9DzezobCfOZ2w=mo,p thank you Sona,5,0,6.87.0,2026-08-26 16:36:44,Thanks for the positive rating :),2026-08-26 16:43:53,6.87.0
1410f8b3-4644-4331-97cc-ccc2c4ec4963,Saumya Srivastava,https://play-lh.googleusercontent.com/a/ACg8ocJsywRJG0w7ZdZeKMUCb3CRkwlDRLmbXIKSx3DyqzyxGil29g=mo,good,5,0,6.88.0,2026-08-26 16:34:15,Appreciate the positive rating :),2026-08-26 16:43:24,6.88.0
81fee2f0-c341-4d00-9a24-bd90310bc154,santosh talawar,https://play-lh.googleusercontent.com/a-/ALV-UjU65pzEEpFaeSMdVZON7Pi3EqichnDdvVa89udTLAedgMDz_iXmPw,excellent communication,5,0,6.87.0,2026-08-26 16:24:46,Thank you for your kind words :),2026-08-26 16:26:34,6.87.0
da214e70-3364-435c-a27c-c1f0eecc9eec,Praveen kumar singh,https://play-lh.googleusercontent.com/a/ACg8ocJQP4rJCd87EpJ5nqvdT-O0K0OD9XsU4F5_Y6Bxz18s9abFKg=mo,"worst app and their customer service. first they will cancel if they are not able to provide service, and then block your account saying you canceled too many times. and then no direct calling number, they call back from spam number and disconnect without proper reply. Pathetic attitude towards customers. why block customers if you are at fault in providing service or driver.",1,2,6.87.0,2026-08-26 16:15:53,We are really sorry for the experience. Please share the order details on help@theporter.in so that we may check this and assist you further.,2026-08-26 16:27:44,6.87.0
e7f38ff0-f6e5-445d-b5f9-5ad24f6d0828,Premila NC,https://play-lh.googleusercontent.com/a/ACg8ocI4VTY3X9xMlVA_RvMZY2pNkwrsem7c8uffnwQNUel0EgngPw=mo,Good App,5,0,6.87.0,2026-08-26 16:13:01,Thank you for your kind words :),2026-08-26 16:15:36,6.87.0
f85328ae-772d-45f8-a8bd-9b94b3ccba1d,Apollo Robinson,https://play-lh.googleusercontent.com/a/ACg8ocJ_rHX16OLiTEnS3LLt9okaTB6A_x2-e6yz3VR4u71lrW8zig=mo,😍😍,5,0,6.87.0,2026-08-26 16:04:39,Thanks for the 5 star rating :),2026-08-26 16:15:09,6.87.0
fa362376-5c2a-4e4c-9870-c8c404ad0ee0,Deepak Shah,https://play-lh.googleusercontent.com/a/ACg8ocK9p_XAfXSUcHDM_PeYWWdbZrmrfZ7NOq6L3wTIEhilCnNc9A=mo,good service,5,0,6.87.0,2026-08-26 15:59:25,Thanks for the positive rating :),2026-08-26 16:06:33,6.87.0
55968678-9b17-4859-ad72-57a420b492b0,Baskar E,https://play-lh.googleusercontent.com/a-/ALV-UjU6DCbIDbFk9RI1YrPGlC0fz6qgst4emw4u6sOYbLW2sEnDJhlL,excellent service 👍,5,0,6.87.0,2026-08-26 15:53:59,Thank you for your kind words :),2026-08-26 16:06:04,6.87.0
cd3fb3df-1074-43e2-8d12-d181ad2a1d98,Rabinderkumar Ravi,https://play-lh.googleusercontent.com/a-/ALV-UjUaqWRT07ChPg1J49dyMW1OLg43iAZtnXo7SBc7RUh-cda_9xquMQ,good,5,0,6.87.0,2026-08-26 15:52:39,Thanks for the 5 star rating :),2026-08-26 16:05:36,6.87.0
8e478515-f500-4e08-8c23-2d952f69b941,Sandip Patel,https://play-lh.googleusercontent.com/a/ACg8ocKlQ8mH4gJv6ahMk_gWhUf4TXWVtNSfjcWvWOWUeaDQy6HqEw=mo,good service out side ahmedabad,5,0,6.87.0,2026-08-26 15:49:10,Thank you for your kind words :),2026-08-26 15:54:07,6.87.0
50839581-010b-4851-ae57-33b620ec33e2,Diya Sharma,https://play-lh.googleusercontent.com/a/ACg8ocJUqtpA7RTFB5_P0iGwU4yvJmMQLAmrHsbfRr_zW95VDZJJ_QI=mo,very bad experience. They always cancel your order and then there's no provision of transferring my wallet balance to my bank account. The customer care is just as bad they'll tell you that they have already transferred your wallet balance to bank account. but even after 48 hours no money was transferred in bank account. Been stuck on this app fir 3 minths and I can't even transfer my wallet balance.,1,7,6.87.0,2026-08-26 15:40:07,Really sorry for the experience. Please share your registered number on help@theporter.in so that we may check this and assist you further.,2026-08-26 15:43:30,6.87.0
fc1c568b-81a8-4a3e-b7cf-b4c361f45b51,Pradeep Sharma,https://play-lh.googleusercontent.com/a-/ALV-UjWD4Yqm56-hxc8t_RptUtiSAVC7Eh2K8tkVcWXmJWkw-3kapB7S,ok,5,0,6.87.0,2026-08-26 15:31:26,Appreciate the positive rating :),2026-08-26 15:41:53,6.87.0
2726d591-7200-4a53-b102-cd91926aaefc,Vivek Verma,https://play-lh.googleusercontent.com/a/ACg8ocIQsEN-MZvEWPhzQouJdZYFxZwVVuXhQm9mAhdaMBae293cow=mo,accha rider,5,0,6.87.0,2026-08-26 15:17:53,Thanks for the positive rating :),2026-08-26 15:29:09,6.87.0
125c2e2d-a1b1-46f1-ab46-81129f4625fe,Aarush Mittal,https://play-lh.googleusercontent.com/a-/ALV-UjXY7yvTbor8T6FS2jc0aK9k_0uYu2Amtm2pUzzZ2T1jh9HnYWS3,worst app I am using this app since 5 month I am facing so many issue and customer service never response so I will never use this app,1,0,6.87.0,2026-08-26 15:15:17,Really sorry to hear that. Please elaborate your concern on help@theporter.in so that we may check this and assist you further.,2026-08-26 15:27:06,6.87.0
6ac0569f-b753-4175-98f1-1de9038943cf,Anuj Yadav,https://play-lh.googleusercontent.com/a-/ALV-UjWMBeesZI28Jv7lrWT74FJw53O4HUYOTctDb3bPVYs0bLCEvKG3,good service,5,0,6.87.0,2026-08-26 15:15:10,Thank you for your kind words :),2026-08-26 15:25:54,6.87.0
397c789c-e84f-4ca8-819b-989916f97eef,Usha Murali,https://play-lh.googleusercontent.com/a-/ALV-UjUo8JeSsqu8c98iDxscfktjndt0rHIiBW1tS7K-aTbEliMsYf-j,Good service,5,0,6.87.0,2026-08-26 15:07:43,Thank you for your kind words :),2026-08-26 15:14:46,6.87.0
f873620d-165b-4ee5-a000-b77126b886f3,Virath Rajput,https://play-lh.googleusercontent.com/a/ACg8ocLA6PLSxbUQt5Qa8qFX-QV_1fpa520eXqiy8Vu0vJX8HytT-Umn=mo,good 👍,5,0,6.87.0,2026-08-26 14:59:41,Thanks for the 5 star rating :),2026-08-26 15:04:32,6.87.0
3a1e0e92-7b37-4ebd-8cc0-8e6b92609d8f,Mohd Ibrahim,https://play-lh.googleusercontent.com/a-/ALV-UjUT2i3QDWhLYyMGWDsNX-VfpVHRnvdQLfjl7c9_ie6-c4XkKV4,excellent job 👏 👍 👌,5,0,6.85.0,2026-08-26 14:55:08,Thank you for your kind words :),2026-08-26 15:04:03,6.85.0
7246236b-772f-48fe-98bb-4b1e3b6dd9fd,Selvam C,https://play-lh.googleusercontent.com/a-/ALV-UjXCllPxglpp1McNcQxP2EmFZHiQ0LAm48SyIstQExU8zG-l3apDjA,worst service and cheating,1,0,6.87.0,2026-08-26 14:51:15,Sorry to hear that. Please reach out to us on help@theporter.in and elaborate your concern for further help.,2026-08-26 14:54:57,6.87.0
58ef0499-3289-4a1a-9c5b-882a6d3db956,Bala Indian,https://play-lh.googleusercontent.com/a-/ALV-UjVP-bliznDS5zA1z8MoHWTlfhDkODFZwQUqggoRy9-ykICAwL0,very nice and good Service,5,0,6.87.0,2026-08-26 14:39:17,Thank you for your kind words :),2026-08-26 14:52:45,6.87.0
d74b173c-aff7-4c77-884a-1c2dc942853a,Suresh bhingradiya,https://play-lh.googleusercontent.com/a-/ALV-UjXsx2PD2a9ECFO4YyJu3b4lZT5Q_j1ZrWV0OsTDAVXsRm_SeP4,good,5,0,6.87.0,2026-08-26 14:36:47,Thanks for the 5 star rating :),2026-08-26 14:51:41,6.87.0
f5382e7b-e039-4c58-a547-3274c321a84f,ASHISH KALE,https://play-lh.googleusercontent.com/a-/ALV-UjXXv4NuflQ4gTHv61KqPLC8SXIUtslRxi8_IkUsF3Nmgw6p9vP5,first experience and very good,5,0,6.87.0,2026-08-26 14:29:24,Thank you for your kind words :),2026-08-26 14:48:19,6.87.0
91d8fb04-6bad-43d0-a6e6-c4547fa58015,Manju Mohan,https://play-lh.googleusercontent.com/a/ACg8ocKEUHVDDsXr1wzIfZZNEn6zxLhzVd2V2WYlqd435bFhezpMOuKt=mo,very convienent,5,0,6.87.0,2026-08-26 14:25:07,Thank you for your kind words :),2026-08-26 14:44:23,6.87.0
1d280f2f-7dc0-4c50-b88e-4bb8c9d8591b,sunil sharma,https://play-lh.googleusercontent.com/a/ACg8ocIMxpnqbjfBxdN3SvgrOiWTcvdNBmuEB5nQGkqmnXlfUXw8SQ=mo,👍,5,0,6.87.0,2026-08-26 14:10:14,Appreciate the positive rating :),2026-08-26 14:31:49,6.87.0
3f75a417-571c-4d62-9c97-098db147b9e1,Rishabh jain,https://play-lh.googleusercontent.com/a-/ALV-UjWNYx_2W5sxUZ7zfnKgi_p2ixJlpkPdsmppuaLqTjnYuNGaBkdX,"day by day porter become worst app in books facing issue in booking taking very long time to book any ride from last few days as compare to uncle delivery , wheeleyes and other apps",1,1,6.88.0,2026-08-26 13:59:58,Sorry for the hassle. Please reach out to us on help@theporter.in for any help needed.,2026-08-26 14:19:38,6.88.0
a69e5c85-3722-4e22-8720-8516bb105a07,Sivasandeep V,https://play-lh.googleusercontent.com/a/ACg8ocK1HbQF2K3x2MwXOPxcvAl0DoagP09SreewQ1J6SPP7m879NQ=mo,good,5,0,6.87.0,2026-08-26 13:33:18,Thanks for the 5 star rating :),2026-08-26 13:48:20,6.87.0
aa1bebb6-6be5-4d61-b499-4f822b5d320e,Sathya Narayana,https://play-lh.googleusercontent.com/a-/ALV-UjVb85LN0eqFwzG_fetgW88PtJP6NrpUvl_BHXsOkUmhqBJ_uwxt,easy process correct location direction very good👍,5,0,6.87.0,2026-08-26 13:29:48,Thank you for your kind words :),2026-08-26 13:46:33,6.87.0
96285a05-a5d9-4002-8363-b29e1e8487d7,Shaima Ameer,https://play-lh.googleusercontent.com/a/ACg8ocL5Csvp7wIol13tE2rVea9WNMg1MTjO3bFQSZBt3qzddNrc1g=mo,fast delivery,5,0,6.87.0,2026-08-26 13:18:50,Thank you for your kind words :),2026-08-26 13:45:57,6.87.0
a4af5674-1b8e-4d31-a282-c7847279bc76,ANMOL DEHYDRATION,https://play-lh.googleusercontent.com/a-/ALV-UjWSByG7TfCEDD0otNoL6jZ7Je-gnyLrMtYuVRCazI7WC2oT--m7YQ,good service,5,0,6.88.0,2026-08-26 13:13:13,Thank you for your kind words :),2026-08-26 13:36:39,6.88.0
636555f8-931c-4ec2-9de4-009e422ede03,arvind maurya,https://play-lh.googleusercontent.com/a/ACg8ocL6B7qO-fux-bwAyqSXeLFBNg20uPLozFLgU5et3BtoBKlsDw=mo,very good service,5,0,6.87.0,2026-08-26 12:44:56,Thank you for your kind words :),2026-08-26 12:53:13,6.87.0
c2fabb6c-5d35-4867-bfc4-614731d8533d,NSM,https://play-lh.googleusercontent.com/a-/ALV-UjVo3_rNQM2Sjd42PhXVNc2XZ0MKCum0ykbUTln1aBW6evgD_S-u,good service. unloading and loading was done without much hassle.,4,1,6.87.0,2026-08-26 12:22:51,Delighted to know about your positive experience :),2026-08-26 12:45:26,6.87.0
8570ebeb-87c5-45f9-8c75-59089155136f,Varun varun,https://play-lh.googleusercontent.com/a-/ALV-UjVSNWa2sRm6oXWezPIeOFn_SqxlKrXsEQ50-ps9ADZ9YwbwVQH1,good,5,0,6.86.1,2026-08-26 11:55:31,Thanks for the positive rating :),2026-08-26 12:44:57,6.86.1
92e5f692-7840-4795-8838-1f5f18783d5e,Nitesh Sharma,https://play-lh.googleusercontent.com/a-/ALV-UjUv6jBLE_6xASV2RoGDNXBBV5-X4C5_SlQqLrknOSdq5r7vE9aO,"what is point of providing platform when local drivers charge unfare , every driver you book ask for additional money",2,0,6.87.0,2026-08-26 11:51:53,Sorry for the experience. Please share the order details on help@theporter.in so that we may check this and assist you further.,2026-08-26 12:44:31,6.87.0
905d3147-e200-4ab1-993d-fe6da2ab3389,ramkishan,https://play-lh.googleusercontent.com/a/ACg8ocJWi7fubo0QE92aH_LpBjnj_p00stYLxyTL_RTCkjyXvSbRBA=mo,good,5,0,6.87.0,2026-08-26 11:31:16,Thanks for the positive rating :),2026-08-26 12:43:42,6.87.0
9b15f606-f41a-4a90-bac2-744e5e0bef3e,Mihir Maxoutking,https://play-lh.googleusercontent.com/a/ACg8ocIaY1Go2lgmxXgi0yH31KDhH3TZaO1J5tsjevDhf5YnCSYrig=mo,worst and fraud company customer support closing all tickets forcefully without giving any resolution this is called fraud please be alert before using your precious parcels from fraud porter instead of this use RAPIDO at least they reply and resolved on time,1,0,6.87.0,2026-08-26 11:18:40,Really sorry for the experience. Please reach out to us on help@theporter.in so that we may assist you further.,2026-08-26 12:43:18,6.87.0
6aea66d7-3e27-4e05-9e87-59af98ad10a2,Vivek Kasi,https://play-lh.googleusercontent.com/a-/ALV-UjUDmwxn53zOkGlgf3VD8CZ2nmBOhM-GGbZkhljalorxtTF3b5M,good,5,0,6.87.0,2026-08-26 11:16:26,Thanks for the 5 star rating :),2026-08-26 12:42:36,6.87.0
3b7a4a89-82db-4fe9-9c07-fba231ac8b43,SUNNY CHAVHAN,https://play-lh.googleusercontent.com/a-/ALV-UjVVBj25J2lO_l5RoipRYS1KuuzCzSqQxtD4gXdDutMFpwfroesDGg,good app and service fast time to time,4,0,6.87.0,2026-08-26 10:50:51,Appreciate the positive rating :),2026-08-26 12:41:09,6.87.0
7cd88b15-73b6-4aa1-924f-f0f23da69494,SHASHIKUMAR MADAGI,https://play-lh.googleusercontent.com/a/ACg8ocKTovM-6SrhQjzVAbxUaVPD7eM4q9S2Onx2uYzHymK9Z79KmQ=mo,good person,5,0,6.87.0,2026-08-26 10:49:59,Thank you for your kind words :),2026-08-26 12:40:41,6.87.0
8ea0c43b-4b0d-4bca-a649-2db2c05dc704,Sidhyesh tawde,https://play-lh.googleusercontent.com/a/ACg8ocLcbI76uHVddEA4XUrhCZpqHCmAoAcM7pWvwW6AzATIO-BR4g=mo,"cheaters , they take booking and later say the parcel is big .Even after the parcel is less in quantity .They ask for extra money after mentioned amount",2,0,6.87.0,2026-08-26 10:48:16,We are really sorry for the experience. Please share the order details on help@porter.in so that we may check this and assist you further.,2026-08-26 12:40:11,6.87.0
75a5d58b-aa34-4aa0-839c-813ebcc9e417,JKM Pharmacy,https://play-lh.googleusercontent.com/a-/ALV-UjWsqy5jJpdaaVOllxjCXQ6dqeWLeky-sEFeHY_2ByD_z6dbR10,good 👍,5,0,6.87.0,2026-08-26 10:41:20,Thanks for the 5 star rating :),2026-08-26 12:39:22,6.87.0
613d2e8d-159b-421c-9243-4d8e5416cb68,RAHUL SINGHAL,https://play-lh.googleusercontent.com/a-/ALV-UjWBwA9sBMf971c6lEw3BrZLyLPWfE8ZxiBH2eMaoD9b_fXXAU0xOQ,owner ko booking k alerts aane chahiye driver ko on kar k dedo toh yeh kaam nai karte.jissr gaadi khadi reh jati hai. gps linked hona chahiye truck k gps se. or owner truck ka bhada utha sake. must hona chahiye driver k bharose kaam nai hota.,2,0,6.18.2,2026-08-26 10:06:33,We understand your concern and value your feedback. It has been shared with the team for further review and consideration.,2026-08-26 12:38:33,6.18.2
46f25a51-e07e-41d4-bf58-6a4051155c17,Vahidul Shaikh,https://play-lh.googleusercontent.com/a-/ALV-UjXBD-9FgRFSgQ-WBTbTyEwut8rDta9_VbjJuCVoIWWGve-Hamdm,help full,5,0,6.87.0,2026-08-26 09:39:32,Appreciate the positive rating :),2026-08-26 12:37:14,6.87.0
2c781f5d-6eb9-4db8-95a7-056740264b7d,dilu Choudhury,https://play-lh.googleusercontent.com/a-/ALV-UjVsXgCTGbmpt1iqnHF0Hs7Tk4XECZIJ6WF7qDOvKYYoSW4TF2gR,good 👍,5,0,6.87.0,2026-08-26 09:28:22,Thanks for the positive rating :),2026-08-26 12:36:45,6.87.0
b91f275b-8ee9-4edf-a4fe-4b0d908d353e,Ram Sanehi,https://play-lh.googleusercontent.com/a-/ALV-UjW_oXWvRdHxI9Z7Sp0JQwEguyj_xtolF6k2UMFoHkUuPVN_kYl6,very good,5,0,6.87.0,2026-08-26 09:18:08,Thank you for your kind words :),2026-08-26 12:36:21,6.87.0
5ecdd7f2-eb1a-4527-87ad-85ebee216520,Titaa G Enterprise,https://play-lh.googleusercontent.com/a-/ALV-UjW0PdwyNQ0s7FKxUkJJ62xmSiLKelY9RsmpDrSNARgI-JHMKFoL,"why the hell , location search is not working,",1,0,6.87.0,2026-08-26 08:28:12,Sorry for the hassle. Please reach out to us on help@porter.in for any help needed.,2026-08-26 12:29:24,6.87.0
60d88ee4-f124-4865-9074-676efcbec77d,Varalakshmi Balakrishnan,https://play-lh.googleusercontent.com/a/ACg8ocKhHAdxi4DRyW1_fagP5WszOi4RiS0zlydZTCoCmhUI11t5oQ=mo,service is good and on time,5,0,6.87.0,2026-08-26 08:10:38,"Thank you for the lovely feedback, Varalakshmi :) We are glad we were able to meet your expectations!",2026-08-26 12:29:28,6.87.0
5728b55c-c8b9-4e53-b411-83beaa8b1324,Abdul Raheem,https://play-lh.googleusercontent.com/a-/ALV-UjUdN_1W_hutDMW4xUKQxxe2ZhmRbYgvvoUOe95rOhUE3fgGewY6,good aap,5,0,6.87.0,2026-08-26 04:45:03,Thank you for your kind words :),2026-08-26 12:24:27,6.87.0
3e063f88-ed19-4e41-8216-483455c2dda1,Sathis Kumar,https://play-lh.googleusercontent.com/a/ACg8ocJCrFqthVf_AEoE6lQ6LOQJsiVxWp9I8bf3hakMlafVz6Zziw=mo,very useful app transfer service for emargency time 👍🤗,4,1,6.85.0,2026-08-26 04:30:49,Thank you for your kind words :),2026-08-09 20:38:38,6.85.0
3edc7517-226f-40c1-a676-15b74bd6536a,PradeepBind Bind,https://play-lh.googleusercontent.com/a-/ALV-UjXPY12MvFkCAc4WdtPvXmjiF0j9GjDWBNGh7ov85j1A0_gZcQM,good 👍,5,0,6.87.0,2026-08-26 02:05:30,Thank you for sharing a 5-star rating with us. Your trust encourages us every day.,2026-08-26 12:24:00,6.87.0
ff4c7d7f-636f-44e3-ab4d-94ce1f126ba0,MaherBan ali Kojar,https://play-lh.googleusercontent.com/a-/ALV-UjVTqjzZPaxkaJ-2_y5L_7_UZ9ckC2jO_YONCMyaUIwc85fdufEO,Good,5,1,6.88.0,2026-08-26 00:53:51,Hi! Thank you for giving us a perfect score. It is a delight to see us matching up to your expectations.,2026-08-26 12:23:37,6.88.0
3537afa2-9028-451d-8aca-9ea2dd46c8c9,Jaiprakash Yadav,https://play-lh.googleusercontent.com/a/ACg8ocIYmwQHAgCj7am8UmUPCd9CjXKlkJdTYxRnlmNQD5tNDVnn7fKJ=mo,customer care se baat nahi ho pa rahi hai ye log chor hai,1,0,6.87.0,2026-08-26 00:12:28,Sorry you feel that way. Please reach out to us on help@porter.in for any help needed.,2026-08-26 12:23:06,6.87.0
38fd31ea-4779-4352-b708-c57f4cb9b51b,Zeeshan Ansari,https://play-lh.googleusercontent.com/a-/ALV-UjWxCNVBsvmKCp1MXhEF9PNndn5YitJlbD-a4xJhMekrlUIIXEff,good,5,0,6.87.0,2026-08-25 23:57:46,"Thank you for the wonderful review, Zeeshan. We are happy to know that you had a good experience with Porter! :)",2026-08-26 12:23:05,6.87.0
b8373c75-ce49-4985-9428-253eafa01f25,Naseem Khan,https://play-lh.googleusercontent.com/a-/ALV-UjX83FzyITi_i8FjMM_BPndNdH4JJUOi_wmVZl-7hkVQPyYJYHeK,good job 👏 thank you so much 🙏,5,0,6.84.0,2026-08-25 23:55:47,"Hello, we're happy we met your expectations :) Thank you for your positive feedback.",2026-08-26 12:20:00,6.84.0
22c6b676-6466-43da-b22f-c74896727d66,Akshay Kumar,https://play-lh.googleusercontent.com/a-/ALV-UjUgU3eGp8mcC3w8wgsRKbd7ONMlTjFmCR_B1sUt6qIyiJMsmR3h,owsome,5,0,6.87.0,2026-08-25 23:27:14,Hi! Thank you for giving us a perfect score. It is a delight to see us matching up to your expectations.,2026-08-26 12:18:39,6.87.0
f25d568c-5388-47c1-92e0-9860180ee29d,Sunesra Sadiq,https://play-lh.googleusercontent.com/a-/ALV-UjUB2MgqtfgCCr4nI7B22rpNQ4aZxzK6xsMkuKkLHUaDGWRN5i2w,"Booked Porter to shift household goods including a bed. The executor dismantled the bed but refused to shift the top part, claiming it was too heavy — this despite me offering to pay extra on the spot to get it done. They still left the top part behind and delivered only the bottom half, leaving the job incomplete. Very disappointing service — if a team can't handle an item, at least complete it when the customer offers to cover extra charges instead of just walking away with the job half-done.",1,4,6.85.0,2026-08-25 23:08:36,We are really sorry for the experience. Please share the order details on packermover@theporter.in so that we may check this and assist you further.,2026-08-26 12:18:36,6.85.0
c6b8ddaa-2255-47f1-948f-30eab68793c5,AASIF Ali,https://play-lh.googleusercontent.com/a/ACg8ocL2hDBfhCFjLl0zuJCMGN6LU5TDgtA4eluWs1quzcsKFFAdSg=mo,ok,5,0,6.87.0,2026-08-25 23:07:58,Thanks for the 5 star rating :),2026-08-26 12:15:50,6.87.0
a86b43db-4293-422e-a89e-ea2045c03597,Visva Kasavala,https://play-lh.googleusercontent.com/a/ACg8ocK7EmEn3S1BjrEW_pEPpNvQqNTr5sDFwl0eVfzeQD1byLxJCTk=mo,best experience,5,0,6.87.0,2026-08-25 22:48:14,Thanks for the 5 star rating :),2026-08-26 12:14:23,6.87.0
4725608d-6960-4c5c-b0dc-8db52852a120,KAMLESH CHAUHAN,https://play-lh.googleusercontent.com/a-/ALV-UjWAn8x4_qXDfFrg7UjbKqYjXz6SkX_PjqEG3uCWLSzXfBzfxaKVYA,nice,5,0,6.87.0,2026-08-25 22:40:48,Thanks for the positive rating :),2026-08-26 12:13:08,6.87.0
e576a5f4-98cd-4196-8dc3-2be0267808a8,krishan sorout,https://play-lh.googleusercontent.com/a-/ALV-UjV8B6CA8yKPvv3w7AGCzjWXGowmkCC446_VADqf9HEJGwg9PpDvUQ,good service,5,0,6.86.1,2026-08-25 22:23:18,Thank you for your kind words :),2026-08-26 12:11:17,6.86.1
a2da36f6-1a88-4513-9c82-fe920a15f8dd,Naresh Tinku,https://play-lh.googleusercontent.com/a-/ALV-UjVw6FkZidqQO2_yNHVJcTxt9WxHOYL5qGA5qe85EzPW4xM5ps_wsQ,good,5,0,6.87.0,2026-08-25 22:06:30,Thanks for the 5 star rating :),2026-08-26 12:09:39,6.87.0
9b1ab402-dd9e-4632-8c88-844fd47668b6,Sunil Kumar,https://play-lh.googleusercontent.com/a-/ALV-UjVhFM81ekJtQ_iLY9bL0tVPptgjMI9ug5JGD1Su-oKdEbLvqjBR,"Porter's service is terrible. ₹136 has been sitting in my Porter wallet for 15 days, yet despite filing complaints ten times, they are unable to refund the amount to my bank account. Every time, they claim the money will arrive within three days, but nothing happens. Therefore, no one should use this app.",1,1,6.87.0,2026-08-25 21:44:22,Apologies for the experience! Could you please share your contact details with us on info@theporter.in so that we can get in touch with you and resolve the issue.,2026-08-26 12:04:10,6.87.0
e26b1132-1d8b-48ed-86dd-49f4c8b7cded,Rahul Anand,https://play-lh.googleusercontent.com/a-/ALV-UjXCugn6Mo1_M28pYAoYSzQXgZHgmtrDzsq0JBsg2Fme1JlmgY-Y,bahut badhiya,5,0,6.87.0,2026-08-25 21:28:06,Hi! Thank you for giving us a perfect score. It is a delight to see us matching up to your expectations.,2026-08-26 11:47:39,6.87.0
ab78aac3-f310-4b1d-a80f-ac78a51eada8,sachin pawar,https://play-lh.googleusercontent.com/a-/ALV-UjUgIvPgsrM3q5XPUJIn3ViqIdAkqjmIleKm14wipvFyni1uzFI,Exlent Service Mr Sanjay I am happy,5,0,6.87.0,2026-08-25 21:25:31,"Hi Sachin, thanks a lot for your rating & feedback. Your appreciation means a lot to us. Hope you continue to enjoy our service.",2026-08-26 11:39:55,6.87.0
ed18acd7-6283-409a-a992-55716ff4731a,Rizwan Siddiqui,https://play-lh.googleusercontent.com/a/ACg8ocLgZn_5MgsC_huMkpSd8zZBmMyx4jtqhY3iUWJcV6XpHznqdg=mo,good,5,0,6.87.0,2026-08-25 21:23:05,"We are so happy that you enjoyed your experience with us, Rizwan. Thank you for choosing Porter! :)",2026-08-26 11:34:44,6.87.0
18d6e30f-7d54-41f0-a5c2-6ff7facf0ae3,Jdawood Basha,https://play-lh.googleusercontent.com/a/ACg8ocJqoX3AqoJyVZS9tSWdSOW03_8qT0o-a6xsAG7tleNNMY0LXw=mo,good,5,0,6.87.0,2026-08-25 21:17:25,"Hello, we're happy we met your expectations :) Thank you for your positive feedback.",2026-08-26 11:33:16,6.87.0
689ebf79-4d0d-4639-afe7-2dc6e0774a23,Sudheer G,https://play-lh.googleusercontent.com/a/ACg8ocJmrwvdyoH5_tLEk8lZy_fhfo-2xzd11S1sORszZ8ALSUSipW4=mo,excellent,5,0,6.88.0,2026-08-25 21:16:27,"Thank you for the lovely feedback, Sudheer :) We are glad we were able to meet your expectations!",2026-08-26 11:32:54,6.88.0
83857bbc-5049-4933-9a78-3aa20d555adc,Yusuf Karim,https://play-lh.googleusercontent.com/a/ACg8ocL4d7n2_eTTzHJRFQiOQQzMskv3iDx-HrkM0YQa8yjJN24mKw=mo,please do better for riders also,5,0,6.86.0,2026-08-25 21:13:18,"Hey! Unfortunately, we are unable to understand your exact concern. Please shoot us an email at help@porter.in with your details & our team will connect.",2026-08-26 11:03:24,6.86.0
cc779cb7-34bf-4aef-aa2a-a3dfd761550d,Kishan Hegade,https://play-lh.googleusercontent.com/a/ACg8ocKMuntjP4ns2clQ3HsG5k0sDwzR0qYo53vPgWdRjk-caiLKCA=mo,Tried booking a truck. The order got confirmed but the porter never got assigned.This happened 3 times.The customer support is terrible. You can't even talk to a support person as they have only enabled ai bot for chat and it is not helpful.,1,3,6.87.0,2026-08-25 21:02:42,"We regret your inconvenience, Kishan. Possibly the vehicles that you saw were not getting allocated because the concerned partners may not have been online. Please share your number or write to us at help@porter.in so that we could speak to you over a call and provide you with a satisfactory resolution.",2026-08-26 10:58:38,6.87.0
4303a2be-7190-415a-84a9-d337626219ad,Uday Gokhale,https://play-lh.googleusercontent.com/a-/ALV-UjXICfnhXT0dmAh3_Dn7tBr66_wJYnmcbC3Zw0tjBHYpT6yPnsTo-g,"Today's particular coutier person was very polite and prompt. In general , the Porter Service has satisfied me everytime I hired them to send the parcel. This service has gained quite a bit of momentum in the city of Pune and has captured a competitive edge against established services providing same service.",5,0,6.87.0,2026-08-25 20:52:52,"Thanks for taking the time to share your thoughts, Uday. We are happy to know that you had a good experience with Porter! :)",2026-08-26 10:54:51,6.87.0
17c74381-9a38-43f8-8507-a46f0da2be1c,Breaking news MP Breaking news mp,https://play-lh.googleusercontent.com/a/ACg8ocKhKQdpL3Nnz28X20Yn2pKxL9unOF7lkgXMpeniECKRIKDph2U=mo,super services,5,0,6.87.0,2026-08-25 20:52:44,"Hi there, thank you for sharing your experience with us. Looking forward to serving you more goodness in the future.",2026-08-26 10:53:17,6.87.0
01eea305-205e-466c-a942-3a10c6defbda,Niraj Garg,https://play-lh.googleusercontent.com/a-/ALV-UjXXDPOSj_aWIJ1xKnw3lXWOP0BI4nQXBZ7xHsiXiv-Af3F_IVE,good,5,0,6.87.0,2026-08-25 20:42:53,"We are so happy that you enjoyed your experience with us, Niraj. Thank you for choosing Porter! :)",2026-08-26 10:50:54,6.87.0
d2c9df30-f5c6-44c3-b6c6-285648a276c4,mustakim patel,https://play-lh.googleusercontent.com/a-/ALV-UjXa7AeHgucbkQ79y3F9o8I-_szqiBV_32miyPJmlK0pFtWe7fs,the best service in porter as compared repido,5,0,6.87.0,2026-08-25 20:41:15,"Hi Mustakim, thank you for rating us as the best in our industry, this is the experience we want our customers to go through every single time they think of Porter as their logistics partner.",2026-08-26 10:48:22,6.87.0
1a97cd4e-437b-419b-b0c8-0476b2c8c2a3,HITESH PARMAR,https://play-lh.googleusercontent.com/a-/ALV-UjWGo7_9BxOIvB5nTbsFdpt23pyW4ANYIE5UssLKWlTmV58CjCQ,very good 👍😊,5,0,6.87.0,2026-08-25 20:20:48,Thank you for your kind words :),2026-08-25 20:34:37,6.87.0
25cfbb9a-c301-492c-9c65-f680441e1d79,SHAMA PARVEEN,https://play-lh.googleusercontent.com/a-/ALV-UjW1qVHEgk1BuKGJNG--01SaYUjT0DERv18F1YyvKLLgajfLWAgi,good,5,0,6.87.0,2026-08-25 20:10:20,Thanks for the positive rating :),2026-08-25 20:22:07,6.87.0
62089ff4-a59a-4cb1-a47b-4c52c3e31b59,Janak Upadhyaya,https://play-lh.googleusercontent.com/a-/ALV-UjXCUOQTJc2W0R3-m4eJiu4fFw-LoWVRI1qKS_IblC2a24nihExD,good man,5,0,6.87.0,2026-08-25 19:52:26,Thanks for the positive rating :),2026-08-25 20:19:50,6.87.0
de15e3cd-3cc8-463f-a99e-2115c505f616,Vipin Chauhan,https://play-lh.googleusercontent.com/a/ACg8ocIH0Of8gRq1tCzfXxPKoCAj4RzejaW_PQ06vdsn0m_oGvni9Q=mo,👍,5,0,6.87.0,2026-08-25 19:47:32,Thanks for the 5 star rating :),2026-08-25 20:18:35,6.87.0
5e11f9df-c1f4-4a9a-9d14-e91375695e57,ankur gupta,https://play-lh.googleusercontent.com/a/ACg8ocK55iO60TwlpBkFdvaP7pd2wDHHtS2qyfXtE5maFJcd4bB2qw=mo,"worst service, they charge additional for wrapping, but will not wrap also they damage the product during transportation. their people are worst..",1,0,,2026-08-25 19:36:31,We are really sorry for the experience. Please share the order details on packermover@theporter.in so that we may check this further.,2026-08-25 19:48:56,
21679e2b-fe31-4f29-89da-2707d65129b3,Kishor Daf,https://play-lh.googleusercontent.com/a-/ALV-UjVGuD7Ok0EbXLaVF9IY-3h_UoL7a-JlS1AHMX--iXgFPXpDok1V,good for city used,4,0,6.87.0,2026-08-25 19:35:39,Appreciate the positive rating :),2026-08-25 19:43:32,6.87.0
79f3d346-b380-4d33-94a8-263ef1134b86,Nitin Choudhary,https://play-lh.googleusercontent.com/a-/ALV-UjVZbtQ6RgmR_GYRlzSi_I6jVEV-WEi76Rpo0_6OgNRrIBgNP_g,wow safely received my item,5,0,6.87.0,2026-08-25 19:28:15,Thank you for your kind words :),2026-08-25 19:31:01,6.87.0
9aac3516-0a64-4d7b-bcfe-86e819898fe4,Rakesh soni,https://play-lh.googleusercontent.com/a-/ALV-UjXF9BVkH2NS0JOMPmNeOjXesRWBGc-qh1yADCU5PVDNWdD5uyg,good,5,0,6.87.0,2026-08-25 19:10:02,Thanks for the 5 star rating :),2026-08-25 19:23:12,6.87.0
30b9428a-6b5a-46cd-9cdc-7b829b1b20f0,Alok Xaxa,https://play-lh.googleusercontent.com/a-/ALV-UjXy3007uaAj65fQ1P63U8tcYDp51t2D8ZxZVPbYxhkknP67_etLfg,time to pickup and delivery not properly asking in app.,3,0,6.87.0,2026-08-25 19:05:22,Sorry to hear that. Please reach out to us on help@theporter.in so that we may check this further.,2026-08-25 19:16:58,6.87.0
8f985484-4619-4be4-972b-fd108ebbea26,DEEPLINE Info,https://play-lh.googleusercontent.com/a-/ALV-UjXz6LSRqeA9QRkzIYUMw6DA2bn7oXrnX055TuaV9aR6DU9cHNtx,best service ever,5,0,6.87.0,2026-08-25 19:00:00,Thanks for the 5 star rating :),2026-08-25 19:06:26,6.87.0
aeccd289-af3e-40e1-9375-97ccafc8af95,Mehul Raval,https://play-lh.googleusercontent.com/a-/ALV-UjW3C8dCTIFF8MxgNzwNqWvb_w_wa6Xk2qoTtiVpAcUm_ZhlIaGl4g,good,5,0,6.87.0,2026-08-25 18:57:45,Appreciate the positive rating :),2026-08-25 19:04:31,6.87.0
698d8ac4-88d3-4ceb-8bca-11a537188e67,ANTONY RAJ,https://play-lh.googleusercontent.com/a-/ALV-UjVj60AuyroGzi7xlkjfCNYe_Nt-G01FjENGZej74QH0h-4Latnm,good,5,0,6.87.0,2026-08-25 18:50:49,Thanks for the positive rating :),2026-08-25 19:00:59,6.87.0
17827aa1-366c-4fe3-90c4-2cb22e41a1cb,Martin rao,https://play-lh.googleusercontent.com/a/ACg8ocJvvfEryJbFZSo3ZdFDRWgUXAFFtFZDemOeWIPYxg1rLRSZyA=mo,Quick & reliable delivery services.,4,0,6.87.0,2026-08-25 18:50:24,Thank you for your kind words :),2026-08-25 19:02:52,6.87.0
55de0dff-d91e-4e46-870a-cf29fa3dac75,shivanshu kumar,https://play-lh.googleusercontent.com/a-/ALV-UjVkJBMtg1SeKTubi3CUe7J66uW8uJf0PCbm5Trrj8aIpnytZUZH,well done 👍,5,0,6.87.0,2026-08-25 18:44:05,Appreciate the positive rating :),2026-08-25 18:53:00,6.87.0
d3546776-1686-485f-9912-ba965f044083,Mukesh Kumar,https://play-lh.googleusercontent.com/a/ACg8ocIyNJSXVXHVaqJPniJoNIE0gsumlR8g87QLFQ_Ze6qoAesR5Q=mo,good,5,0,6.87.0,2026-08-25 18:39:46,Appreciate the positive rating :),2026-08-25 18:43:13,6.87.0
3d407249-ab7e-4e1c-b09d-fb93c86b4d20,vikas sindhwani,https://play-lh.googleusercontent.com/a/ACg8ocLxj7DvchORRCMa1FnxQiRcZ8vLEz4topm3AQ0a4sJYWcAiFw=mo,good 👍,5,0,6.82.0,2026-08-25 18:37:34,Thanks for the positive rating :),2026-08-25 18:42:35,6.82.0
da8b75f8-8750-4770-87d1-64ede568b50f,krish Vyas,https://play-lh.googleusercontent.com/a/ACg8ocJaBg80blLybodvb1k8DffLPrM-6DGjvFUiSM4Y_6xwjkOEFQ=mo,nice,5,0,6.87.0,2026-08-25 18:32:53,Thanks for the positive rating :),2026-08-25 18:42:02,6.87.0
803ab606-562e-4ed3-b448-6c7b1a317ba1,Anju Sandeep,https://play-lh.googleusercontent.com/a/ACg8ocKCnYq3WP3ZygQRIAHpBBwvKIYUIVu6WJ0SZowACTdDFucj3A=mo,nice app,5,0,6.87.0,2026-08-25 18:22:55,Thank you for your kind words :),2026-08-25 18:26:25,6.87.0
0b675456-ff92-4950-8389-bbfde1e1597b,Abraz pasha,https://play-lh.googleusercontent.com/a-/ALV-UjVgDISCZmo_dg9bN71mTrAUBkBDJGNem-zckS1umxdy3g9ZEw,good,5,0,6.85.0,2026-08-25 17:48:00,Thanks for the positive rating :),2026-08-25 18:06:49,6.85.0
be607d59-15b1-4452-811e-ea5de8480044,Pushpa Dada,https://play-lh.googleusercontent.com/a/ACg8ocIAjXvkYQHHJ9XiiTpA3XugXc_cMLxraUUqgsbIxa8tv5QKuA=mo,great app,5,0,6.87.0,2026-08-25 17:28:20,Thank you for your kind words :),2026-08-25 17:45:04,6.87.0
4cc8d53d-36fa-4601-98db-f0be558c930b,Muzammil Alam,https://play-lh.googleusercontent.com/a-/ALV-UjVcOOUB-nOdcSRO8ViiPDpqXmdu-ILbLCtK5-VHLjqAy4nK8EXH,who has porter partner application app so he didn't register the porter app it's vary bad . Porter partnera also has the right to book Porter app,1,0,,2026-08-25 17:19:43,We value your feedback and have shared it with the team for further review and consideration.,2026-08-25 17:44:31,
d161b32e-efb9-4f81-a29a-f68f91d1ec1d,Vinit Sharma,https://play-lh.googleusercontent.com/a/ACg8ocI2cg74Is8vuAFICRdEclywafcI0vNR_XY_DSeNVq-73uYXtg=mo,good,5,0,6.87.0,2026-08-25 17:15:28,Thanks for the positive rating :),2026-08-25 17:30:22,6.87.0
3711e7e8-0615-41aa-972b-bb870c954b2d,Rajratan Jaiswar,https://play-lh.googleusercontent.com/a/ACg8ocLRpEtmDDf3ye7UDE-y80dfszlFEHKn583-3CKhEtTfVpTNxt8=mo,Porter is suitable with reasonable price for arranging all types of Pickup and Delivery,5,0,6.87.0,2026-08-25 16:52:21,Thank you for your kind words :),2026-08-25 17:06:46,6.87.0
ae31c37b-15ae-459e-a72d-e6a094cda42b,Mauli Jadhav,https://play-lh.googleusercontent.com/a/ACg8ocI027EjvMOGhLBCoNvtEBgPrgEBU_11Wt_O4AAsgwXyO8TC5w=mo,nice,5,0,6.87.0,2026-08-25 16:39:01,Thanks for the 5 star rating :),2026-08-25 17:05:51,6.87.0
76919960-2687-44db-9a94-d02f26c8f197,Pallav Verma,https://play-lh.googleusercontent.com/a-/ALV-UjUDyM_Gc_I_iZDEoubu0LqXp88ZfUxekshSduDXtV3AsZwAmWHO5A,Pathetic Customer Support,1,0,6.87.0,2026-08-25 16:30:03,Sorry you feel that way. Please elaborate your concern on help@porter.in for any help needed.,2026-08-25 17:05:20,6.87.0
bf992df0-acf2-409c-a910-7ab34dd5c501,Satya Patro,https://play-lh.googleusercontent.com/a/ACg8ocLp5NZT-AeRwrSzx4VeTfPy15hUlNdeR3RVzLQWV_ivDyoZbg=mo,very good Nice,1,0,,2026-08-25 16:26:00,Can you please rate us with more stars if yo like our services?,2026-08-25 17:04:09,
85a9d766-1bd2-4fd7-bca1-bb2007c38738,Ayub Taibah,https://play-lh.googleusercontent.com/a-/ALV-UjXGghmJUU_dcE64s7H-Ne7zvebtc4OIz4utY7maV8Xq70LL3nb4_w,ok,5,0,6.87.0,2026-08-25 16:08:46,Appreciate the positive rating :),2026-08-25 16:26:25,6.87.0
c5aa85a7-2113-4d49-9071-2a388b5b477f,Bikash Chandra Pandey,https://play-lh.googleusercontent.com/a/ACg8ocKgLyuy1fTny0XlTgdcLPSkz4Axf8gh2SvinGO9raEA4cuoyA=mo,prompt and timely,5,0,6.87.0,2026-08-25 15:45:52,Appreciate the positive rating :),2026-08-25 15:52:56,6.87.0
ced3f73b-347a-4def-903f-cff8170fde5e,Suhana Suhana,https://play-lh.googleusercontent.com/a-/ALV-UjX8g2VnnFHr9eLue-_FAbNMHUj-eeikdB1FItHwqP2x7JtZ9cZ4,amazing appp,5,0,6.87.0,2026-08-25 15:28:22,Thanks for the 5 star rating :),2026-08-25 15:33:19,6.87.0
de4a3646-a430-45d1-b3e5-20c6843e45e7,MANDAR PAWAR,https://play-lh.googleusercontent.com/a-/ALV-UjURcDWaZSP_vP_2q10gFs1AAm0YKeU6HTDl1yXO8vPocdsRbYw,good for delivery,5,0,6.87.0,2026-08-25 15:26:57,Thank you for your kind words :),2026-08-25 15:32:49,6.87.0
a5d3de8c-a5bc-44ba-917f-f21a71cca532,Electro Engineerss Accounts department,https://play-lh.googleusercontent.com/a-/ALV-UjU0MTpsFutIiI1cmGKaQiregRfyBIm5R_S93vN2kiyx92K0_n-m,good,5,0,6.87.0,2026-08-25 14:48:09,Appreciate the positive rating :),2026-08-25 15:04:20,6.87.0
53b8d398-f0f5-4c71-9231-8a287801d847,Suksham Gupta,https://play-lh.googleusercontent.com/a/ACg8ocJALnQEdSgz4gul3o_-IUkUzx5f2uFDEGHA6KfcyY4IN7h1bw=mo,Goog,5,0,6.87.0,2026-08-25 14:35:46,Thanks for the positive rating :),2026-08-25 15:03:45,6.87.0
b1782dcc-d849-4971-be9a-8ca6becdccd1,Samim Sekh,https://play-lh.googleusercontent.com/a/ACg8ocIdK9tWs-AoAyCop2sJVH7AGYaab3P2C2DL6HsOVs_UQHQ8iw=mo,nice,5,0,6.87.0,2026-08-25 14:18:24,Appreciate the positive rating :),2026-08-25 14:30:46,6.87.0
b9616654-3a53-4697-a5fb-19d390420843,Samit Shetty,https://play-lh.googleusercontent.com/a/ACg8ocIxuqkYAuRBjWg-gkwt9bYo65-9GQCmHcudg5VgVfD3fxwh6A=mo,easy delivery from one place to another,5,0,6.87.0,2026-08-25 14:15:04,Thank you for your kind words :),2026-08-25 14:30:04,6.87.0
18b1be87-1d4d-4c36-b2e0-5fdb0d67753e,Mohan Madhu,https://play-lh.googleusercontent.com/a-/ALV-UjVHOVWk9ZChjU7V6vVfm3vRn6u4aoGEsf8GqsAE1CnFeQ0QpPHB,good,5,0,6.87.0,2026-08-25 13:35:32,Thanks for the 5 star rating :),2026-08-25 13:46:34,6.87.0
66be4c6c-0c70-4f77-a693-c3f43d5af00b,Harshil Patel,https://play-lh.googleusercontent.com/a/ACg8ocJM0KqxwbN5-iqAEEThh_Dh-0x_b15tiwMxe7Lsw53_k5VCzQ=mo,very good service 👍,5,0,6.87.0,2026-08-25 13:17:16,Appreciate the positive rating :),2026-08-25 13:26:16,6.87.0
7e0d567c-c3fc-4b95-adfa-49d48b9597fe,NANDHA KUMAR,https://play-lh.googleusercontent.com/a-/ALV-UjWNxdX0u4kkXmteUvDrlPHVlf1Cd3rAJy3s7SK_3JP53_IIl6wZ,thanks for good service,5,0,6.87.0,2026-08-25 13:12:34,Thank you for your kind words :),2026-08-25 13:20:01,6.87.0
507c2ef9-98b7-480b-ad99-426152f535c6,Muhd. Rahim Saifi,https://play-lh.googleusercontent.com/a-/ALV-UjWumXp93AQKe-FC13mgMAUIBiKLnQygoFlSvqeLm1UQKMihtcY_,good,5,0,6.87.0,2026-08-25 13:01:08,Thanks for the positive rating :),2026-08-25 13:11:35,6.87.0
9ab3794e-3a9a-4dbb-93ba-a18729996230,Mubashshir Khan,https://play-lh.googleusercontent.com/a-/ALV-UjU5H2lDtTzeFm0mDWNYvO27V5R4WRK4D7umgypcU7DLTwlUnE-f-w,Good,5,0,6.87.0,2026-08-25 12:58:38,Thanks for the 5 star rating :),2026-08-25 13:12:44,6.87.0
31d8cf25-0a05-4d07-ac62-f288f051f60b,Karthik,https://play-lh.googleusercontent.com/a/ACg8ocJrt5o0-NSHTgXhVrz7765z6IoT4BZF3FZPz722uj_iEvgoWQ=mo,"Porter partner switch off his hospot, not possible to track and no complaint or comment option for bad experience.",1,0,6.87.0,2026-08-25 12:47:07,We are really sorry about that. Please share the order details on help@theporter.in so that we may check this and assist you further.,2026-08-25 13:10:01,6.87.0
4e857ee5-89d8-4ad1-b126-ef835c88aae2,Dcc Infotech,https://play-lh.googleusercontent.com/a/ACg8ocK4OVA9Vv6CzzU-iuS8iOd6ia4Wq_S5yjY-14kr5N532X7ooQ=mo,good,4,1,6.87.0,2026-08-25 12:44:10,Appreciate the positive rating :),2026-08-25 13:02:22,6.87.0
7377c742-1989-43fd-8dfb-0d8f2273e18a,Girish Dhawad,https://play-lh.googleusercontent.com/a-/ALV-UjVUggaq_1KDdVSkrTGTtLexdBpTlP0TzjrKAxFzxkbOaeI51heEvg,best service,5,0,6.87.0,2026-08-25 12:42:48,Thank you for your kind words :),2026-08-25 12:52:51,6.87.0
af954192-29b0-4b05-a5da-0d96e0e97bcb,yanamandra narayana,https://play-lh.googleusercontent.com/a-/ALV-UjXNok3tj1Fsw9GmwwfgyWJ31HywWz2iFm3-gD-aNMGV91GO3tYChg,very good delivery,5,0,6.87.0,2026-08-25 12:28:49,Thank you for your kind words :),2026-08-25 12:31:28,6.87.0
930b44e6-3e18-4dc9-9373-d1f52443f02a,Jay Parmar,https://play-lh.googleusercontent.com/a-/ALV-UjVKPQV77iPQq_o3w8GUdsdGg48d91G9waoJ_evJRaN0I9uUd_A,good 😊,5,0,6.85.0,2026-08-25 11:59:03,Thanks for the 5 star rating :),2026-08-25 12:19:11,6.85.0
7c27878b-4606-4121-8eaf-535e1cd44521,Kantem Yogesh,https://play-lh.googleusercontent.com/a/ACg8ocJqxXdLCkW-V1qlkNH7owcP2yrw8tXDBpWHk4ApjDIXESKKNA=mo,nice,5,0,6.87.0,2026-08-25 11:53:19,Thanks for the 5 star rating :),2026-08-25 12:18:43,6.87.0
138d9ee0-ab29-424f-862a-6aa9dc9295d3,chandrashekhar lohe,https://play-lh.googleusercontent.com/a/ACg8ocJngXFqddlax-jSLG1vVXgqp5L-2FyARfCA2CqN7mb32hf0mg=mo,good 👍,5,0,6.87.0,2026-08-25 11:43:49,Appreciate the positive rating :),2026-08-25 12:08:00,6.87.0
7e56365d-9027-43e2-9abc-e6337951088c,Jitesh Pathak,https://play-lh.googleusercontent.com/a/ACg8ocJFuALp6Xa4M2bAZrbnNlYrS4gH_Ei-7_MpVBCGRwUdx0jEqw=mo,good service,5,0,,2026-08-25 11:40:01,Thank you for your kind words :),2026-08-25 12:03:22,
d9db35ab-effe-430c-a15d-050ca9d66036,Rinku Bhai,https://play-lh.googleusercontent.com/a-/ALV-UjXGqZBzlRj0Z4GZV8YSDSl_0HNA7B0dCK1wP4i9NESDBQ6t-BSt,good,5,0,6.87.0,2026-08-25 11:36:20,Thanks for the 5 star rating :),2026-08-25 12:02:54,6.87.0
1ec52622-4a91-4d3f-8010-b7f5da839bc0,abasaheb khade,https://play-lh.googleusercontent.com/a/ACg8ocIaptsaSDe2DAJzUbt6QkHEGiXwiI7CdsX68Ni0XaUeRMLbhg=mo,Good,5,0,6.85.0,2026-08-25 11:27:13,It’s a joy to know we’ve made a positive impression on you.,2026-08-25 12:03:28,6.85.0
961eda5f-eb08-4256-8668-214d38474f0d,harsha Putane,https://play-lh.googleusercontent.com/a/ACg8ocLQtiYG5S86q0AA5dulCsJfdxGz4fC8tE6QF9IE-kUcLSIM-g=mo,nice app,5,0,6.87.0,2026-08-25 11:25:56,We can’t thank you enough for your kind words and support.,2026-08-25 11:35:23,6.87.0
71604906-7cbb-4012-8425-efd0b4f65891,jacky lakhwani,https://play-lh.googleusercontent.com/a/ACg8ocIJal7fqrCXreydJ491Rw0nMBZW4Ux2nFRMq_OylLvC2V_jVQ=mo,"I was regular customer of porter but 1 worst experience and I shifted to another similar apps like Delhivery. If you have any complaint with porter driver partner then they will not resolve your complaint, instead they will block customer services. means regular customer also has no value for them.",1,0,6.87.0,2026-08-25 11:21:35,We deeply regret the trouble caused and are eager to improve your experience. Kindly write to us at help@porter.in for more assistance,2026-08-25 11:34:19,6.87.0
9d3752b3-cf2a-471e-8b1f-30152b436351,Vishnu Kumar,https://play-lh.googleusercontent.com/a/ACg8ocLjCSoad9yTNzXh91hp2heBYowvkByFIYixSF-Aqc0CziqBnHc=mo,good person,5,0,6.85.0,2026-08-25 11:09:54,Thank you for letting us know we’re on the right path.,2026-08-25 11:30:43,6.85.0
7b0fdee7-dd6b-4610-a37c-a824eb45d1eb,Avinash Gowda,https://play-lh.googleusercontent.com/a-/ALV-UjXGibg_KqMSuTgeGjz8JweKbUg-tvG_zR0ypjdMruWfwxIVD-pP,good,5,0,6.86.1,2026-08-25 11:08:23,We’re so fortunate to have your trust and support.,2026-08-25 11:30:13,6.86.1
61e196d3-a851-4b4a-832e-d084ae6f65ff,Seetha Manjunatha,https://play-lh.googleusercontent.com/a-/ALV-UjW6Tnpj0IYa_OuZXQHQFy5MrAfLFrFwQ8WRC4_NuAw_CB33Ssau,good 😊,5,0,6.87.0,2026-08-25 10:43:40,Your kind feedback brightens our day and lifts our spirits.,2026-08-25 11:26:37,6.87.0
13d391e5-c792-4e4e-bb04-da925a92bd61,Mohd Sahil,https://play-lh.googleusercontent.com/a-/ALV-UjXAiyOnwK4-P8PSKrwRxciR_yvuMtjqDgVUE8sUS0gbdQV7rAjf,good services,5,0,6.87.0,2026-08-25 10:31:15,Your positivity motivates us to raise the bar even higher.,2026-08-25 11:23:33,6.87.0
773a9759-28b1-4927-98e2-9853657479b6,Ronak Patel,https://play-lh.googleusercontent.com/a-/ALV-UjWn6bFkjAZbS6sMy_oEhiOdtbJT3sdJ9cecyrj1_rnAc1klnERl,good,5,0,6.87.0,2026-08-25 10:00:16,Your satisfaction is why we love what we do.,2026-08-25 11:20:19,6.87.0
36dc1110-06a0-4b88-9f65-f403a3a10fbd,Nirav Patel,https://play-lh.googleusercontent.com/a/ACg8ocJtHhoehjTTDbqv2zDHol_-XjleLLrflYHfbTZZOQOibp1XPw=mo,"If we call customer care, they do not provide any kind of cooperation and if we call the driver, he does not pick up and does not deliver on time. On the way, other riders accept rides on other applications, such as Rapido, and double the amount in the middle. If the journey is half an hour, they come in two, two, three hours. When I complain to customer care, they listen to the driver.",1,2,6.79.0,2026-08-25 09:01:11,We’re sorry to hear about your experience and are committed to improving. Kindly provide more information at help@porter.in,2026-08-25 11:05:29,6.79.0
6a82fc67-5c93-4929-810f-fa8650a09ea8,Mulraj Makwana,https://play-lh.googleusercontent.com/a/ACg8ocJoNo2NYeHPDOn2_EqJu3UAD28wyxPoQdKs6wchb_yqq1_wTA=mo,superb service. nice,5,0,6.87.0,2026-08-25 08:35:56,"Your glowing review made our day, and we can’t thank you enough.",2026-08-25 11:01:03,6.87.0
f8cbb972-22e2-4260-83fe-069d59e62f53,Bala Prasanna,https://play-lh.googleusercontent.com/a/ACg8ocIZUW8-eCw2oEld6EwzqdlIqeqEgKaX_X9CJipqyZQYqKvjOQ=mo,help ful but you was get high rate to all drive in all india,5,0,6.87.0,2026-08-25 02:06:30,"We’re committed to making things better, and your feedback helps us do that—thank you.",2026-08-25 10:43:50,6.87.0
36327668-378c-451e-a91d-27b195c9e4cc,Al Majara Optical,https://play-lh.googleusercontent.com/a/ACg8ocICRNgyuJpdbtU3OD4HJjTyRdKAvrVZq8A5RSPgs1Z4N9C6GQ=mo,"Very Poor Delivery Service – Extremely Disappointing Experience I booked a delivery with Porter, but the rider did not arrive even after accepting the order. I waited for a long time, but there was no proper response or service. I tried booking the delivery three times, and every time the order was accepted but the rider never showed up. This caused a lot of wasted time and inconvenience. If Porter accepts a booking, the rider should actually arrive on time. Accepting orders and then not showing",1,0,,2026-08-25 01:23:02,Sorry you feel that way. Please elaborate your concern on help@theporter.in so that we may assist you further.,2026-08-24 15:55:50,
55d3807d-908e-4520-b052-ead4f8010c5d,Shadab Bolte,https://play-lh.googleusercontent.com/a/ACg8ocIvmwgDrNPyfgPsan1NGDrKcb6IuTUV1rgHa5JxipRz7DW-7g=mo,good 👍,5,0,6.87.0,2026-08-24 23:45:44,Thank you for being such an amazing customer.,2026-08-25 10:04:17,6.87.0
244806a1-ad77-47d5-842f-8dda90ded6cb,Mufazzil Ali,https://play-lh.googleusercontent.com/a-/ALV-UjUeBrbtcOgXycJLD1HeR_sxURAGnynkI_W5wEuSuXPQzJ2JtoVOwA,"place a delivery request, got accepted within a minute and rider assigned. It was showing around 5 kms from pickup location, 20 minutes later I check and the rider is now 12 kms away. I call the rider and he cancels the call. called customer support and their response was cancel the order and book a new one, but the money has already been deducted and they say will take 5 days to reflect in bank. and they keep saying escalating. Not sure where.",1,6,6.87.0,2026-08-24 23:34:02,We deeply apologize for any inconvenience and value your feedback. Kindly contact us at help@porter.in for support,2026-08-25 10:03:52,6.87.0
4a4f97a5-d842-41a4-828f-0031a82869c6,Anita Basu,https://play-lh.googleusercontent.com/a-/ALV-UjVj4MrwoRN_2QlIa81JV8ltpLTrAQqvepMtfOdnHuUEPr_p_-k,helpfull,5,0,6.87.0,2026-08-24 23:14:03,Your happiness is our greatest achievement.,2026-08-25 10:03:02,6.87.0
153e4d7d-8c3d-4687-ae56-201878c5a9a5,Kuldeep,https://play-lh.googleusercontent.com/a/ACg8ocIBzBrCbL05vPvBWXDAY4FBPDyRGURGkx--McARwg4v2g536A=mo,not available at Jharsuguda,1,0,,2026-08-24 23:13:41,Our apologies for falling short on your expectations. We will surely share your feedback on this with the concerned team.,2026-08-25 10:02:40,
fb1ea0e7-c886-48f6-8ba5-53c8f7abd8aa,Kiran Kamble,https://play-lh.googleusercontent.com/a-/ALV-UjVXTBh_CC1NOO_83BuIT0ucbs7fcF-UYBNaXxoLU7OnoR8x0qzjtQ,Not reliable and delays parcels,2,0,,2026-08-24 22:42:18,We are sorry to hear about your experience and want to make it right. Please email us at help@porter.in so we can provide a resolution,2026-08-25 10:01:52,
8add4d42-f809-4eb4-80d1-143a5e61b952,Susil99 FF,https://play-lh.googleusercontent.com/a-/ALV-UjViFUlzZvlN5JPfytB9XIALYDqXT6C4-0jqk-GMv6NOlrds8zs,very good,5,0,6.86.1,2026-08-24 22:29:29,We’re happy that you found our service dependable for your goods movement.,2026-08-25 09:59:13,6.86.1
46166e43-cc5f-4a51-8c32-77ee507eabec,Durgesh yadav,https://play-lh.googleusercontent.com/a-/ALV-UjWgCWzMFMAG1UOVcjbmJVTrlI_CbPjGXp4-3XAtdJixAiMjJZOR,best compani,5,0,6.87.0,2026-08-24 22:21:57,We’re delighted that we could serve you well and on time.,2026-08-25 09:58:14,6.87.0
ac4da6dd-fa35-4e7e-8db4-ceda2e65c46c,juber yash,https://play-lh.googleusercontent.com/a-/ALV-UjXhUqCxESIg-WUdXOD__2mFXeuH5jnKX_DLu_3iLpYE6zKHshgY,good service,5,0,6.83.0,2026-08-24 21:52:08,Thank you for your generous rating and for choosing Porter.,2026-08-25 09:57:53,6.83.0
23a1747d-9480-45ab-8d4d-f1dc329adfea,SYED NUSRAT ASIM SYED NUSRAT ASIM,https://play-lh.googleusercontent.com/a/ACg8ocLZg-fHXUduvx7uRu3l4L83pHjyEYsQZgdNBtkCIrYQ9XCEbA=mo,best service,5,0,6.87.0,2026-08-24 21:42:45,So glad to hear that you enjoyed a smooth and timely service with us.,2026-08-25 09:57:28,6.87.0
b16c1540-31d6-4959-9388-3eda6cc748d6,Vikash Pathak,https://play-lh.googleusercontent.com/a/ACg8ocJP5qDoDmkb__ZMvK4g_eh-ca-yIk1DnHRxt30rASTmZpaFxw=mo,good,5,0,6.84.0,2026-08-24 21:38:38,Delighted to know that your delivery was swift and well-handled.,2026-08-25 09:57:09,6.84.0
3ae3cb00-55de-48a7-8b1c-b919b3f27cb6,Vikash Pandey,https://play-lh.googleusercontent.com/a-/ALV-UjUZyty2Bhw3XN3dvj8qBmzyeNaIER7DPfR3cbQ88eg6IKTsmAkg2A,good,5,0,6.84.0,2026-08-24 21:16:21,Your encouraging feedback pushes us to make the experience even better.,2026-08-25 09:55:48,6.84.0
85da3ded-39b4-4c9b-a382-3be2af30fc94,Gajraj Singh,https://play-lh.googleusercontent.com/a-/ALV-UjV2CALBeCFPp63isCmDfh65pS69KtcbwiferAMakyrzZIHCtQ5N,good,5,0,6.86.1,2026-08-24 21:03:29,Thank you for pointing out how convenient our service was for your requirement.,2026-08-25 09:54:35,6.86.1
94d9c827-dce4-4951-858d-f2c9f32126be,Learn with MRKhan,https://play-lh.googleusercontent.com/a-/ALV-UjUaUdgnoRnHFV3S6tCjtJL2BJISAdXoKJrqT-EDFj8-1CJJwQf1,gr8 service,5,0,6.87.0,2026-08-24 20:48:01,Thanks for the positive rating :),2026-08-24 21:01:54,6.87.0
da14ae83-13ca-47e4-8bff-e97eb308f38d,Anika Dhir,https://play-lh.googleusercontent.com/a-/ALV-UjWU5GU62FQL3QZBJ9wjDhcdDxl4nKBHg1gMzHYh6yCfIvwTGLAC,customer service not good,4,0,6.87.0,2026-08-24 20:47:09,Sorry to hear that. Please elaborate your concern on help@porter.in so that we may assist you further.,2026-08-24 21:01:29,6.87.0
c3955253-d96f-40ab-90cd-c269e5d435b6,Salim uddin laskar,https://play-lh.googleusercontent.com/a-/ALV-UjUYsFtf1pSKO71vxjBi73GkUj5g_ymH1fMitdEZpv3yXgqSflBU,good,5,0,6.87.0,2026-08-24 20:44:02,Thanks for the 5 star rating :),2026-08-24 21:00:47,6.87.0
6e755b73-3325-494b-8c10-ad9cea1b5eab,Shreefood Product,https://play-lh.googleusercontent.com/a-/ALV-UjUehTuy9jLJJyk-1oQSu64BmDW44E8Tpkl0alQ6Spi7svnJPr17,costumer sports not sported,1,0,6.85.0,2026-08-24 20:29:58,Sorry you feel that way. Please reach out to us on help@porter.in for any help needed.,2026-08-24 20:33:44,6.85.0
02878307-9bb5-402b-a232-b5ee661840ff,sakuuu7864,https://play-lh.googleusercontent.com/a-/ALV-UjWFicfp-wBCTAHvpgm0BJTyHpKxf05XgkZkE9yIG2oLiEHZhkXPEw,Best Service Sarfaraz bhai ne bahut hi achhi aur professional service di. Unka behaviour bhi bahut polite aur helpful tha. Kaam bilkul time par aur expected se bhi better mila. Service se main kaafi satisfied hoon,5,0,6.87.0,2026-08-24 20:07:17,Thank you for your kind words :),2026-08-24 20:16:31,6.87.0
9a339c79-eb00-4acc-9b66-9e192f287f6d,ASHISH SAVAJ,https://play-lh.googleusercontent.com/a/ACg8ocKS6DgpqkbFPm8qfisesxa-9om6fOQVou2syZs1gCbdR8uNIQ=mo,good person,5,0,6.87.0,2026-08-24 20:06:43,Thanks for the 5 star rating :),2026-08-24 20:14:50,6.87.0
0a27ba1b-dee5-49f2-a6fe-0d946cb91f92,Libhin viswam,https://play-lh.googleusercontent.com/a-/ALV-UjW2FmcQaFRpHr69SFuv-bRT3eoxPIExiCEM6qUPGcS8i_BluzNN,excellent,5,0,6.87.0,2026-08-24 20:01:35,Thanks for the 5 star rating :),2026-08-24 20:06:36,6.87.0
5b236667-0596-4eb0-b11e-d257217fb842,HIREN SAVANI,https://play-lh.googleusercontent.com/a/ACg8ocIyQ5Xv6gmEwVyNOLn5Qx20_f2NSpqbSJ7rGwZPCuX5eTa8_uWr=mo,very very good working,5,0,6.87.0,2026-08-24 19:51:29,Thank you for your kind words :),2026-08-24 19:57:20,6.87.0
3e2d4fc1-652f-4639-9e8b-4e24c7c14351,The Mt Crafts,https://play-lh.googleusercontent.com/a-/ALV-UjWlC1PPfq9FzdpGwymTrEsXNjeQA2m-W0nT5ysLop1p804IIfelTw,very useful service really happy,5,0,6.85.0,2026-08-24 19:45:03,Thank you for your kind words :),2026-08-24 19:56:55,6.85.0
67d4e60d-2d76-4ea9-8c4a-8bf2729f8d7e,Ganesh Shendge,https://play-lh.googleusercontent.com/a/ACg8ocLnouh-9dqrvGrOFmH7nC1zQgVKil4wJrr7pObPG8q24FrmqA=mo,gives more porter coins,5,0,6.85.0,2026-08-24 19:33:44,Please reach out to us on help@porter.in for any help needed.,2026-08-24 19:56:29,6.85.0
7367b49e-6e33-472e-b36f-ddf527512bef,Abdul Waheed Ansari,https://play-lh.googleusercontent.com/a/ACg8ocJ3OQJOIq4MpUohvjhivNV92VUprYVyHqtotYCFh_X-KHOSMA=mo,thank you So much,5,0,6.86.1,2026-08-24 19:27:14,Thank you for your kind words :),2026-08-24 19:30:52,6.86.1
e581fd6e-65cb-4791-ad08-c4eebe0a16ff,Reena Saini,https://play-lh.googleusercontent.com/a/ACg8ocIvhuaSzpnxuMF5GZWtmy_aIOxjmJIdZMk_lfvNpgg3UG18Pw=mo,"If your fear charges will increase then the will say ""ma'am the location is updated by you"" and they will do nothing, I thought this app is very useful but I'm very disappointed 😞 from this app",1,0,6.86.1,2026-08-24 19:20:53,Really sorry to hear that. Please share the order details on help@porter.in so that we may check this and assist you further.,2026-08-24 19:26:08,6.86.1
32f046c4-98fb-4b99-9967-d62703ca2107,Ashwin rudani,https://play-lh.googleusercontent.com/a-/ALV-UjURKPlCUaYOnGvKfMupjdspJG0_2Yaf4-CF68gMAn448LLqJwkrBQ,without tension material reached on place with safely be on time.time savings.,5,0,6.84.0,2026-08-24 19:06:07,Delighted to know about your positive experience :),2026-08-24 19:15:30,6.84.0
6d2f4b0c-0af7-4435-8c62-cca6f3d8f0b6,SANJU KUMARI,https://play-lh.googleusercontent.com/a/ACg8ocKI7OKpPw25gFJaw_FHS9WTEHjmfW43VsEE1Jmwu0MYG2rfmw=mo,good 👍👍,5,0,6.86.1,2026-08-24 18:45:56,Thanks for the 5 star rating :),2026-08-24 19:00:50,6.86.1
d286d888-c5a4-4cb1-806a-95b6ecca2a8f,Rati kanta sethi Ratikanta,https://play-lh.googleusercontent.com/a-/ALV-UjV67EE3V7Zg0sDw_oc3bCRgW7LyC5hinWUFzSZ22D0X_WzCtVjj,super 👍,5,0,6.87.0,2026-08-24 18:43:13,Thanks for the positive rating :),2026-08-24 19:00:26,6.87.0
2d3b57eb-23c0-4d46-b6ce-fa25da429f3e,Naveen Kattameedi Nk,https://play-lh.googleusercontent.com/a-/ALV-UjVvSRbYhf0mX6c1sce6Qa34-C_tdf1GjiRMguNX4sbQYKDOEQlV,nice,5,0,6.87.0,2026-08-24 18:36:18,Thanks for the 5 star rating :),2026-08-24 18:50:01,6.87.0
3a247d78-081d-48a8-a929-aa6111d45787,sachin verma,https://play-lh.googleusercontent.com/a-/ALV-UjVel2AoB9VYKZOKmbKsChzY7h1xrCoCFqs_cqnlrM0EFIwmj4W_,nice,5,0,6.87.0,2026-08-24 18:29:03,Thanks for the 5 star rating :),2026-08-24 18:41:49,6.87.0
ded4909e-0bef-4fc1-851e-b7033d294885,Nilesh Jadhav,https://play-lh.googleusercontent.com/a/ACg8ocL_CAjvd654VI5fd1L8phSR95JOKmLBnooRB3Q2RLsjNs325Q=mo,good service,4,0,,2026-08-24 18:26:57,Appreciate the positive rating :),2026-08-24 18:32:48,
a44d79f7-627b-4a9e-9460-f6f9d3699843,Ashish Patel,https://play-lh.googleusercontent.com/a-/ALV-UjV8wZSekTbqX14dBgwuqcDfBhf8EKuMKznbxFkkM_nJIP_t-eo,good,5,0,6.87.0,2026-08-24 17:59:51,Thanks for the positive rating :),2026-08-24 18:05:35,6.87.0
d69521ca-0a66-4ade-8fc9-b5c9cb00c077,Sandip,https://play-lh.googleusercontent.com/a/ACg8ocImW3CXQhisOboLdTswRz5_gVr8sGE_vVW-Y1VOtWHjrz3HDA=mo,good service by Porter,4,0,6.86.1,2026-08-24 17:42:24,Thank you for your kind words :),2026-08-24 17:53:56,6.86.1
58f86482-156b-476b-b46b-aeeca5029419,Aheshan Saiyad,https://play-lh.googleusercontent.com/a/ACg8ocLIBTobFqVvDIAcowiIv_2yFyH1wElBdCSpRxuk4IYsmv6k3uk=mo,good 👍 job,4,0,6.87.0,2026-08-24 17:42:17,Appreciate the positive rating :),2026-08-24 17:53:28,6.87.0
d9326a02-ce4a-48b4-9b4f-14864511b473,Md Mickal,https://play-lh.googleusercontent.com/a/ACg8ocKR9vxbShu9qWzAsMQQRUDp7534pvPGrMhF6k45PMCubjrxrA=mo,👍👍👍👍beri good,4,0,6.87.0,2026-08-24 17:39:11,Thank you for your kind words :),2026-08-24 17:44:22,6.87.0
a9159e71-5f1b-40ff-a60b-7d0ea86a0261,Ramvilas Bagmare,https://play-lh.googleusercontent.com/a-/ALV-UjWzfEc__9_4pt0Fyo0vQ9XV1usEr4Ph0Q3CEvES0piotiCPobI,super driver,5,0,6.87.0,2026-08-24 17:34:56,Thanks for the positive rating :),2026-08-24 17:43:33,6.87.0
ca7f22c9-6504-4ee7-9cfe-96d9c2852b87,Rajan Datta,https://play-lh.googleusercontent.com/a-/ALV-UjWujVTf0DrCS6BtMj7jPgwgIF8pVQcHNUcX5C6fqMwYwvePUUYy,excellent,5,0,6.87.0,2026-08-24 17:34:49,Thanks for the 5 star rating :),2026-08-24 17:43:08,6.87.0
43ecb5da-239a-4d86-aa9d-ebc23e2933cd,Prakash Kothari,https://play-lh.googleusercontent.com/a/ACg8ocKqVksWqocu0Y10RSess35ZRpkPpF2wJ_9qKDULN5nbDv8XnA=mo,"They charge u exorbitant Fare, when u complain, u have to call them over 10-15 times each time saying, we will do the needful. Porter has changed and now they have Very High Charges. Either u follow ethics or time for new player to step in.",1,3,6.87.0,2026-08-24 17:33:58,We are really sorry for the experience you had to go through. Please share the order details on help@porter.in so that we may check this and assist you further.,2026-08-24 17:42:43,6.87.0
9c0eaca9-65e2-4ece-a83d-6d8ba6e3ac0f,Lakshay Sharma,https://play-lh.googleusercontent.com/a-/ALV-UjWvPjv5o3G-22QhBm8zzUtIh162TsASmE3V0NCw7mPrgNQD2Sm4,good service,5,0,6.87.0,2026-08-24 17:26:07,Thank you for your kind words :),2026-08-24 17:30:53,6.87.0
bd1e230b-9cda-49a0-a7fd-0f975187829b,Harish Dohki,https://play-lh.googleusercontent.com/a-/ALV-UjXmZ55NXNU-PzOHVg6Imp_J0sVj5r-IuuvL6OW-Ny3eI_VGxi7m,"Very poor service from Porter. The delivery partner left at around 12:00 PM for a destination that is only 30 minutes away, but the delivery is arriving after 4:00 PM. Taking 4 hours to cover a 30-minute distance is completely unacceptable. The customer support experience was even worse. When I contacted them, I was told, ""Problems happen to everyone,"" instead of receiving any real assistance or solution. This is extremely unprofessional and disappointing. I am highly dissatisfied.",1,2,6.87.0,2026-08-24 17:15:57,We are really sorry for the experience. Please share the order details on help@porter.in so that we may check this and assist you further.,2026-08-24 17:26:04,6.87.0
1a9c3aec-796a-4d17-92b6-4329cf200649,mdafzal Khan,https://play-lh.googleusercontent.com/a/ACg8ocLmtKXTCw1nOHWhVuvDUjGcK6AzKygG4COdbjnjb6vkWSvy-Fs=mo,good service,5,0,6.87.0,2026-08-24 17:12:19,Thank you for your kind words :),2026-08-24 17:19:01,6.87.0
b837db98-87d9-4582-8da2-2a084feba1bb,Nagaraj Naikodi,https://play-lh.googleusercontent.com/a/ACg8ocLDKuJ9Cn1NdThSBnvwjmevAEW0JFILDUxlGj95v9F12ZC07A=mo,good,5,0,6.87.0,2026-08-24 17:05:48,Thanks for the positive rating :),2026-08-24 17:18:28,6.87.0
fe0c8fd1-24d5-4d25-8a2f-d54b796868df,METRO SURGICAL,https://play-lh.googleusercontent.com/a-/ALV-UjXqCopHQMExI0vVwIaS_C7JE9OVljLdTTjJ3rHoI8Rb-1zMR5k,useless,1,0,,2026-08-24 16:59:55,Really sorry you feel that way. Please reach out to us on help@porter.in for any help needed.,2026-08-24 17:09:23,
2499bdeb-bf08-4cd6-9c7d-ccf76a131466,Pooja Aakhade,https://play-lh.googleusercontent.com/a/ACg8ocJarcRTcXfdTJe5CXg_agFWoUQDxhhkgoRZfB0fnc022i_LNQ=mo,best service,5,0,,2026-08-24 16:59:29,Thank you for your kind words :),2026-08-24 17:03:52,
dff00016-9772-41c4-a929-410473095b74,Ravi Puliani,https://play-lh.googleusercontent.com/a-/ALV-UjVUFBJ4m_ZRGVoWFZqMDDpfJg_Ja1r69Cvt2M5zKh440pt0Uq6nOA,"I have been using Porter services for quite some time. They are very efficient and helpful. However, at times, I find the pick-up and drop staff is not up to the mark. It makes me wonder if they can read at all. Instead of trying to reach the address themselves, they take the easy way of ringing up the people to know the whereabouts. In a very recent incident, the pick-up person rang me up thrice before he could reach me. It is quite annoying. I lost my temper and did not give him the pick-up.",4,2,6.87.0,2026-08-24 16:51:51,We are really sorry for the experience. Please share the order details on help@porter.in so that we may check this and assist you further.,2026-08-24 17:01:27,6.87.0
e1e7be97-ee31-40fc-a039-5d33b5259456,Rakesh gumme,https://play-lh.googleusercontent.com/a-/ALV-UjUbg4t3ohkO6X__zvqmBlJGn3hEIHvShQR2sL2n-zZwcylBRLc,excellent,5,0,6.87.0,2026-08-24 16:50:23,Thanks for the positive rating :),2026-08-24 16:55:34,6.87.0
1e19dc04-617a-4032-b0d1-d3440c5d2aa9,Nakum,https://play-lh.googleusercontent.com/a-/ALV-UjVfSDt0ZoFPnVfG8CgbHlkMhnJgTcMxAOsnqipXCVbzrwCyRkQwNg,supper,5,0,6.87.0,2026-08-24 16:30:57,Thanks for the 5 star rating :),2026-08-24 16:52:05,6.87.0
bd42932c-b53e-4326-8e4c-f5b06efb7894,Hania Aboukhater,https://play-lh.googleusercontent.com/a-/ALV-UjX0FPyJ9fVT1WsjCTg4DenBc88vi2ks0zUx42DrucpVKAQaglieGw,Very convenient and affordable. Using the app was so easy! Well done!,5,1,6.87.0,2026-08-24 15:58:24,Thank you for your kind words :),2026-08-24 16:04:26,6.87.0
4d938739-dba7-47e1-ac0e-881d5d8e9e67,Sathvick Sathvick,https://play-lh.googleusercontent.com/a-/ALV-UjXDHDfErosSExF-Yu9oTT5bzBJAsUTkozpf5CWo-O4g1YT-76IY,good service,5,0,6.87.0,2026-08-24 15:29:18,Thank you for your kind words :),2026-08-24 15:31:31,6.87.0
9a60be17-1ae6-46f9-83ce-5f56d4bea3a3,Neelu Kumar,https://play-lh.googleusercontent.com/a/ACg8ocKV1apSbZyn5judVh-IuSjxPECyeF_WiWT32y1sTzGa6TOL630=mo,viriy good,5,0,6.87.0,2026-08-24 15:08:35,Thank you for your kind words :),2026-08-24 15:19:47,6.87.0
87bf3fdc-cfb6-4fb7-b542-23f0cf25494b,Muraleedharan Tharayil,https://play-lh.googleusercontent.com/a-/ALV-UjVMZcfIezYVExWxrCPTY3n0WrG3WeRPGKjvXDCS6ry6hhF4Kqs1,Fast service,5,0,6.87.0,2026-08-24 15:07:50,Appreciate the positive rating :),2026-08-24 15:20:09,6.87.0
c29451af-d9d9-408c-a1b2-da95fd4d13df,Mohammed Lathiwala,https://play-lh.googleusercontent.com/a-/ALV-UjVrr4rDhJfF-lKCycSwkGZWV0YuiJVCInSMH2HYzhdVKeRkHcQ2,"For a delivery from Media City to Abu Hail, the sent a guy to collect the parcel on a bicycle. When I asked him how is he going to deliver till my house, he said he will take the metro and go. Honestly, its hot outside in Dubai. If they made him handover to another person on the way I would have understood. But this guy went to my delivery location and delivered. This felt so wrong and hearbreaking. Not sure why they didn't send someone on the bike to my location.",1,0,6.86.1,2026-08-24 14:55:53,We understand your concern. Your feedback has been shared with the team for further review and consideration.,2026-08-24 15:05:47,6.86.1
a4076c1e-2f54-4d20-915d-59d9256377f6,Omprakash Musne,https://play-lh.googleusercontent.com/a-/ALV-UjX0L5Ri_6XdJEHyH3zTpjKBq_1Rc5AyVZxbngQQ0Uj8AHwVOpr5,very good app any transport services,5,0,6.86.1,2026-08-24 14:54:51,Thank you for your kind words :),2026-08-24 15:03:44,6.86.1
f605e818-2ccd-4863-a713-6c5dbd275c77,Mayank Agarwal,https://play-lh.googleusercontent.com/a/ACg8ocIE-F3CbxyWslpqlxs8c2i07k79MGzzG4pqTGSU5RyRAKlWnA=mo,excellent ride,5,0,6.87.0,2026-08-24 14:49:46,Thank you for your kind words :),2026-08-24 14:57:30,6.87.0
06900133-28b5-40ba-ab04-6c197027cc5a,Shyam Desai,https://play-lh.googleusercontent.com/a-/ALV-UjXwkEpYC6ZOFTA25rcER6NgnUIBTlLi7ch9wRRImSDWzwz0Rb8M,Good,5,0,6.87.0,2026-08-24 14:48:59,Appreciate the positive rating :),2026-08-24 14:57:00,6.87.0
d004b7e3-a3e3-436f-8197-25f9746122bb,avinash wavhal,https://play-lh.googleusercontent.com/a-/ALV-UjVCV1M3X4zrUsoMl6NAn961x4YSuRJH51jAS-AchXX3VqfBNDc,good service,5,0,6.86.1,2026-08-24 14:48:20,Thanks for the 5 star rating :),2026-08-24 14:56:24,6.86.1
423e3caf-ce48-4ebc-93a1-86b23147455b,Narendra Choudhary,https://play-lh.googleusercontent.com/a/ACg8ocKzwwjnA4452yn8cSCbGtCmm--163uMI9TYM81hpTBpd1uB=mo,बहुत बढ़िया तरीके से जवाब ओर काम करते है,5,0,6.84.0,2026-08-24 14:47:02,Thank you for your kind words :),2026-08-24 14:55:18,6.84.0
9de19574-0f17-4e09-a327-b055d070780c,Krishna Vicky Sahani,https://play-lh.googleusercontent.com/a/ACg8ocJlu9WpmBmppP_jwtYULhYxg7cZUIocleI9ru9TqiBTFp8qNno=mo,good,5,0,6.87.0,2026-08-24 14:41:51,Thanks for the positive rating :),2026-08-24 14:54:35,6.87.0
f4f26c8e-692a-47b0-902f-f59ee8cfb9af,DevRaj Saini,https://play-lh.googleusercontent.com/a-/ALV-UjUpRVTZPfQcv53thvDDLEM_YqNufsHBlovKiZi76CyXrhckES1WMg,good,5,0,6.87.0,2026-08-24 14:28:21,Thanks for the 5 star rating :),2026-08-24 14:35:01,6.87.0
cd003ebe-56b7-4514-aad2-a75a18349775,Megha Badole,https://play-lh.googleusercontent.com/a-/ALV-UjXdLmXhdXfAgJNapEoDTN3PJzf8TYjUC7Yiym1yp9hgGe4uuPB1MA,nice service,5,0,6.87.0,2026-08-24 14:27:23,Thank you for your kind words :),2026-08-24 14:34:34,6.87.0
8ece4d32-8a5b-4403-b0a3-e0f620cbeb13,Jayakaran Albert,https://play-lh.googleusercontent.com/a-/ALV-UjWKCYyZnI_SO04kxV4QduykgUhiZsXFc3OyNe8wJ2_BRQuBpCGp,"Very quick, reliable, helpful and useful",5,0,6.86.1,2026-08-24 14:23:57,Thank you for your kind words :),2026-08-24 14:26:03,6.86.1
f94f3ef6-28eb-4b84-a070-28ab703846bb,Dachepally shiva,https://play-lh.googleusercontent.com/a-/ALV-UjUf2A1wXLm8sOyhVyoYog9HHo3f1ijp1R20Mg7F5d7BObwe_-IB,good,5,0,6.85.0,2026-08-24 14:00:51,Thanks for the positive rating :),2026-08-24 14:04:37,6.85.0
76045625-245f-4151-ab56-0db47f75df89,Imran Khan,https://play-lh.googleusercontent.com/a-/ALV-UjU50G8yR9fnzsALYzgjEG6fpP_TTmOqPxY0PgrMjNuym-FUP1mwXw,jab Se porter market mein hai pura market kharab kar diya hai rs 500 ki agar porter rate deta Hai to rs 300 ka diesel chal jata Hai gadi ka Koi fayda nahin ho raha porter mein gadi chalane se mere pass Tata Ace hai Jaib se diesel lagana padta hai Jo rs 1000 ka hota Hai hotel use 450 Ya500 mein kar deta hai yah partner ke liye bilkul galat hai porter partner ko ismein bahut nuksan hai rs 99 ka diesel Ho Gaya aur porter mein ride 300 400 ki aati Hai 10 km Jana padta hai bahut kharab experience he,1,0,,2026-08-24 13:54:14,We are really sorry you feel that way. Please reach out to us on help@porter.in for any help needed.,2026-08-24 14:05:24,
9ef9f78c-2165-4cfd-9a80-5f79950f8e39,harish goud,https://play-lh.googleusercontent.com/a-/ALV-UjUHdwC1XfDFLuakLVsVT-M3NHaVQwuB3AdiZSWHwIWsXy35VKdr,nice,5,0,6.87.0,2026-08-24 13:44:03,Appreciate the positive rating :),2026-08-24 13:57:26,6.87.0
afbd29d1-9b83-4bd4-8287-53348d159e09,Naveen naveen,https://play-lh.googleusercontent.com/a-/ALV-UjVL1HOGcrUfLVwcMDTvvEnwpGXw47OkhLYQC9UYBcvu9C-FYF-O,good,5,0,6.85.0,2026-08-24 13:42:22,Thanks for the 5 star rating :),2026-08-24 13:57:01,6.85.0
e14e9a69-8a87-4ae3-8a7f-7ff6926a3314,manthan pujara,https://play-lh.googleusercontent.com/a-/ALV-UjUpV67H78A_7esDDzg59MhxZt9yo-pyA39pTgEfI3fbWyh6jcBI2g,good 👍 service,5,0,6.87.0,2026-08-24 13:38:05,Thanks for the 5 star rating :),2026-08-24 13:43:31,6.87.0
1487dd37-0ae4-40fe-adee-ebb58dab9bf5,Sachin Singh,https://play-lh.googleusercontent.com/a-/ALV-UjXuvbeWzBNY94HGPjHdwULT-vOM48h3thR2AVgDjgY5eFrnvMfcKg,Good,5,0,6.86.1,2026-08-24 13:37:29,Thanks for the positive rating :),2026-08-24 13:43:07,6.86.1
b990a1bc-48a9-4346-93c7-6ccb84dd2775,Arvind pubg official,https://play-lh.googleusercontent.com/a-/ALV-UjWY3mc9n73hR1N_BcXBU5Tlx3wpmeUlAKP0qVQlDPJVu6vCxnl6,good person,5,0,6.87.0,2026-08-24 13:36:11,Appreciate the positive rating :),2026-08-24 13:42:32,6.87.0
7f2e9cbd-f929-4c99-9328-6f53c27ecff4,Rehan Ahmad,https://play-lh.googleusercontent.com/a/ACg8ocJvwFnyNVxlCbt-U9wlV0CEnhpUM82u4FLV3TsvgHg0qBvByA=mo,Okay delivery,3,0,6.87.0,2026-08-24 13:36:00,Please reach out to us on help@theporter.in for any help needed.,2026-08-24 13:42:01,6.87.0
44fcdd19-45b0-4077-844e-0c1b7c41d8c4,Dinu Sainy,https://play-lh.googleusercontent.com/a/ACg8ocJZQatF4fCegA1lpKpLJ4Dubgc6WogswB51stgUOQ6evpEcLA=mo,good,5,0,6.87.0,2026-08-24 13:28:31,Thanks for the positive rating :),2026-08-24 13:34:01,6.87.0
dfce655f-c659-4627-90f8-db6b156f59c7,Jitendra Chauhan,https://play-lh.googleusercontent.com/a-/ALV-UjU6FFl18U-79GzNvFd9pGUJfMyhu_1ZDQTcwXJioQdqVg8j9wE,Nice,5,0,6.86.1,2026-08-24 13:27:29,Thanks for the 5 star rating :),2026-08-24 13:32:20,6.86.1
4ad54b51-d082-4521-8d16-ad5c09368f96,BASHISTH KUMAR MISHRA,https://play-lh.googleusercontent.com/a/ACg8ocL8jcPsLumOvngNXFf-cdlEAaNnaJmAFs4cttJWqKs_zscR5Q=mo,good,5,0,6.87.0,2026-08-24 13:24:05,Thanks for the positive rating :),2026-08-24 13:25:50,6.87.0
93867add-d718-4e7c-82ab-9fc40e814a5c,ravikiran kabbur,https://play-lh.googleusercontent.com/a/ACg8ocLrjA2Ibwh57_tQIpLAIcoSK_rdNi4QNEhGybv47C_a47P_=mo,Great Service,5,0,6.87.0,2026-08-24 13:06:27,Thanks for the 5 star rating :),2026-08-24 13:15:26,6.87.0
7e962809-1c53-46a8-9d06-5163028f5d9b,Eliazar Evalarosa,https://play-lh.googleusercontent.com/a-/ALV-UjVPtMqeKCLM_Oq1I0nEBDrTU4fxvoMooG9KVfbIV-hlHb9FIUUa,very fast 10/10 for services,5,0,6.87.0,2026-08-24 13:05:42,Thanks for the positive rating :),2026-08-24 13:14:50,6.87.0
479f5d82-cf98-4fa0-b884-1eb007bc3d8a,Krishna Vishwakarma,https://play-lh.googleusercontent.com/a-/ALV-UjX3IXKRNjf0s4GOf9sffjgGjnWqhUwjIndhm-w-ej_q8unTff1S,good service,5,0,6.85.0,2026-08-24 12:55:27,Thank you for your kind words :),2026-08-24 13:04:55,6.85.0
6bd3c1ab-f391-40ad-b47d-53866b82e29f,Arun Gurung,https://play-lh.googleusercontent.com/a/ACg8ocKA9TtiURQWHrmmmKjQJ_FMl0_218wtPEPM5p9Ut2myogLdksY3=mo,good,5,0,,2026-08-24 12:55:09,Appreciate the positive rating :),2026-08-24 13:04:28,
839e4783-44da-44d2-be2a-216a848dfe7e,rakesh raiyani,https://play-lh.googleusercontent.com/a/ACg8ocJcoguGpTTGL1w5P63kG6fd65_wgNgies0caz5oJbyRb-_k-g=mo,good 👍,5,0,6.87.0,2026-08-24 12:52:44,Thanks for the 5 star rating :),2026-08-24 13:03:51,6.87.0
869c1575-f8e6-47c8-8c7a-7f6c7ba82ffb,Sumit Poonia,https://play-lh.googleusercontent.com/a-/ALV-UjUYiRJVsF0Prh_6hTH7idkzyU4SVwgtQVvieGG-RKFHTCm6KvHJ,good 👍,5,0,6.86.1,2026-08-24 12:30:21,Thanks for the 5 star rating :),2026-08-24 12:46:32,6.86.1
446282d9-0a4d-4f78-bcbc-4bd70d2d2740,Praveen B,https://play-lh.googleusercontent.com/a-/ALV-UjXc-xci8AN_Vw6V8o2oP0vyB03vtIWFMM_XRhyerQ72JeamRHlE,I was using this app last 7 years before present I used rental categary but now that rental categary not available thats why am going out of this app,1,0,6.87.0,2026-08-24 12:20:31,We are really sorry for the experience. Your feedback has been shared with the team for further review and consideration.,2026-08-24 12:43:26,6.87.0
78e598ba-10aa-44e7-8901-b385e587d363,kartar Singh,https://play-lh.googleusercontent.com/a-/ALV-UjXS7Om54s6EfG9qyafYijea_u-jJqyvHP0P5cXwneHpFgW6ewDnFg,exillant,5,0,6.87.0,2026-08-24 12:16:23,Thanks for the positive rating :),2026-08-24 12:34:23,6.87.0
2a681234-1192-4ecf-bd4b-a5d8f47ee1bb,naman jain,https://play-lh.googleusercontent.com/a-/ALV-UjV0fQ3YN4lI06umVuOAZM6A3WGIdoUPcBtvQ-rADHE-J98vyEzv9A,"v bad experience facing waiting for compitior so i shift all business to them they reply only after many efforts Your case 76518585 has been closed. If you are not satisfied with the resolution or for further queries, reach us via the support chat on your app. Thank You - Team Porter",1,0,6.87.0,2026-08-24 11:59:10,Sorry to hear that. Please elaborate your concern on help@theporter.in so that we may assist you further.,2026-08-24 12:04:04,6.87.0
59c2d525-fc0b-40ce-b6f5-f58da3c5cdd8,mita Sheth,https://play-lh.googleusercontent.com/a/ACg8ocKv_qZxtZocgZtnQo8MpYo4U3WlZ3Cs0MlsMeHxZcQBYYJWug=mo,fast service,5,0,6.87.0,2026-08-24 11:41:31,Thank you for your kind words :),2026-08-24 11:52:47,6.87.0
d0acab46-f3e5-4111-bf66-e87f41abf3a1,Arun Arun,https://play-lh.googleusercontent.com/a-/ALV-UjWpWVkAz6QyKTejQCMJNdfPe5qJs-OX5p74xv8f9eCoVMd7PhL5,👍🏻👍🏻👍🏻👍🏻 super,5,0,6.87.0,2026-08-24 11:30:58,Appreciate the positive rating :),2026-08-24 11:50:53,6.87.0
a2eeed10-1e40-45e0-95ba-95ccd9bf6c21,saran s,https://play-lh.googleusercontent.com/a-/ALV-UjWbIJ5H0rzqGD17KNtin-jd5eDrK4BMBhPg8CQ_LHDSthuC4bH4,nice,4,0,6.85.0,2026-08-24 11:29:20,Appreciate the positive rating :),2026-08-24 11:49:04,6.85.0
ba3ecacf-52db-4add-b237-ee9db735991c,Rm Solnki,https://play-lh.googleusercontent.com/a/ACg8ocIP5JzAj6eMIvNmFUyQgljOsHEFTVl-OYNtZ00T4idr4DyAJA=mo,bad app,1,0,,2026-08-24 11:09:38,Sorry to hear that. Please elaborate your concern on help@porter.in for any help needed.,2026-08-24 11:43:56,
e67c26ce-76e3-4225-a3ae-166500c17a66,Azeez Sayyed,https://play-lh.googleusercontent.com/a-/ALV-UjVcQ1fYZlMQAdd0kageexCFyNsTXxgfqofLjqP95F0MFh-EWVnX,good job 👍,5,0,6.87.0,2026-08-24 10:55:34,Thanks for the positive rating :),2026-08-24 11:42:42,6.87.0
6d630f00-cb6a-4925-bdb3-76d8c14179ae,kirti nagpal,https://play-lh.googleusercontent.com/a/ACg8ocJGjKuMxvuX1X78C1vopQwcJluifRskxi9_K0KC1NyXkUjhQg=mo,"The customer support is awful, you simply cannot reach a human agent, we had an urgent payment related query and there was no way to contact anyone and the list of queries shown during help had no payment section. I am fine but how can you expect an older user base to play bot bot with you, not to mention after finally finding a customer support number it redirects you to the app!!!!!!!",1,0,,2026-08-24 10:30:01,We’re sorry for the trouble caused and appreciate your feedback. Kindly contact us at help@porter.in so we can address your concerns,2026-08-24 10:43:58,
99cbc223-85cb-4dde-b2d0-97886bf29dbb,Jitu Saha,https://play-lh.googleusercontent.com/a-/ALV-UjXs_tEcFV319SN1Ky-pzLwf__YJmaP8l-b3SybNUwHRqkD2909l,nice drop,5,1,6.87.0,2026-08-24 10:00:14,Your encouragement keeps us moving in the right direction.,2026-08-24 10:20:00,6.87.0
826f7e78-1c0d-4d29-81ef-14719d436b16,Sanjay Jaylwal,https://play-lh.googleusercontent.com/a-/ALV-UjXWneyvJvleuw1EQpx9QoqcgKJMtP1SY8eAs2u3AHYgFHhuVTjO,❤️,5,1,6.86.1,2026-08-24 08:57:48,"Your glowing review made our day, and we can’t thank you enough.",2026-08-24 10:17:49,6.86.1
838346bf-781b-4090-9bc5-4b2542216e42,Imran Khan,https://play-lh.googleusercontent.com/a/ACg8ocJGecoGtS29568a6UNqf1gkMHKxGn2q4yNtfA_xndEGD7_JGA=mo,Best Service,5,0,6.87.0,2026-08-24 02:09:50,It’s always our pleasure to serve customers as fantastic as you.,2026-08-24 09:48:03,6.87.0
756f9bfa-8fea-4987-83d4-bc5ba5c74bb8,Sgf Amar colony,https://play-lh.googleusercontent.com/a/ACg8ocJde11L1JmZtMRmmgnkv6QnciMXlFTG9_EqhYwJNPAH1oxloQ=mo,good 👍,5,0,6.87.0,2026-08-24 01:28:30,Thank you for letting us be a part of your journey.,2026-08-24 09:40:25,6.87.0
e19726b1-7e5f-42a7-91ad-0c967d2a9c15,Paresh Zezariya,https://play-lh.googleusercontent.com/a-/ALV-UjWrSDstJp1-spq-9c4dWQXQbjMrm0oVxinATRlCgOhyER77BUKcsg,good,5,0,6.87.0,2026-08-24 01:26:31,Your words are like a pat on the back for our team.,2026-08-24 09:47:13,6.87.0
da7b6282-7172-4e51-ba72-7ebad89d933b,Rizwan Qadri,https://play-lh.googleusercontent.com/a-/ALV-UjWkeC-ycu7dQVkADtUMTBi6igWvp6bFtFcdNp3ZBGgdibju-f7P,Satisfied 😌,5,0,6.87.0,2026-08-24 01:02:34,Knowing you’re satisfied with our efforts brings us immense joy.,2026-08-24 09:32:26,6.87.0
b23a0858-35fb-4a98-8847-18b803753666,Sagar Hashmi,https://play-lh.googleusercontent.com/a/ACg8ocIYpd_Dekb_36FpXBI07MXarQWvD8SnE-3mVIskVEbCTY6fyesz=mo,outstanding service and excellent behaviour of driver,5,0,6.87.0,2026-08-24 00:46:00,It’s such a joy to know we’re making a difference for our customers.,2026-08-24 09:32:08,6.87.0
0ca54b74-83a6-4ce0-8a59-ba4383b2565d,seetaramulu mv,https://play-lh.googleusercontent.com/a-/ALV-UjXv6_-cgku_gIENQumix0flivGa71sB9txJjqkWrobJPXe7S5d4aQ,ok,5,0,6.87.0,2026-08-24 00:31:06,Your kind feedback is a gift we’ll always treasure.,2026-08-24 09:31:18,6.87.0
1f08de09-58fb-4a58-87ad-39896caa3584,Feroz Alam Khan,https://play-lh.googleusercontent.com/a/ACg8ocLjFNAjdDyf-Kcf5MiAtfuzYh9qDT3XO8Qa5U3oMN9s_Y2RkK9p=mo,very good service ❤️,5,0,6.87.0,2026-08-23 22:33:46,Your feedback makes all our efforts worthwhile.,2026-08-24 09:14:09,6.87.0
8ba8844f-45a5-4333-aa6a-7201079285bc,Piyush Gandhi,https://play-lh.googleusercontent.com/a/ACg8ocJtUAh9JLmQzQ3zVD2k_Ex0tSrv_cLMe3wiix_0d79VWS8rqw=mo,EXCELLENT RESPONSE AND QUICK DELIVERY,5,0,6.87.0,2026-08-23 21:45:32,"Your words have made our day brighter, and we can’t thank you enough.",2026-08-24 09:11:44,6.87.0
4d718d1e-a2ee-48f8-8193-d376be3690b3,Rameshwar Singh,https://play-lh.googleusercontent.com/a-/ALV-UjXHRADJ6eAQg4j5xKcWIW3FrxzKgJS_BmPbdJvRrHLG22fK2P_x,good job,5,0,6.87.0,2026-08-23 21:07:31,It means the world to us that you took the time to share your experience.,2026-08-24 09:09:58,6.87.0
bba0c148-c5e2-473a-a791-d5ef0d9c0aa9,Rohit Gandhi,https://play-lh.googleusercontent.com/a-/ALV-UjX2AHAK4SyhGh3IqtL05wNFTYkvGW2Nx5eSFD7IpgHQCTDDjuw,good service,5,0,6.87.0,2026-08-23 21:01:50,Your review encourages us to go the extra mile for you.,2026-08-24 09:08:57,6.87.0
df18ffcb-43d7-4b28-bbdf-28258459a5d8,Nilakshi Sah,https://play-lh.googleusercontent.com/a/ACg8ocJJXlNttZG7grURpBd_w_8y7LhlkK-WKbTYUpixmYBy5g4i7g=mo,good,5,0,6.87.0,2026-08-23 20:38:13,Your positive words make all our efforts worthwhile.,2026-08-24 09:08:28,6.87.0
2ac2370b-8535-481f-bf79-1d10cdb513ef,Raushan Jha,https://play-lh.googleusercontent.com/a-/ALV-UjW37hqxTvDnnqfbHj09cE_NQwoESP-MSKw23HdRlfRYZO_BIZoW,👍,5,0,6.87.0,2026-08-23 20:22:21,Your satisfaction is the highlight of our day.,2026-08-24 09:02:59,6.87.0
927b5992-c2d1-4a7b-be39-01d35e1531c7,Shrisai Company,https://play-lh.googleusercontent.com/a/ACg8ocL4jf-Xvlo6pUfXOrmUBjV5Iocj_GYkGEDQqNKIv90MYhQC9Q=mo,good,5,0,6.86.1,2026-08-23 20:17:39,We can’t express how much we value your feedback and trust.,2026-08-24 09:02:35,6.86.1
2c376ff0-d4be-43a1-b277-5ab2636189fd,Inder singh Rajput,https://play-lh.googleusercontent.com/a/ACg8ocKtR8wIDTEMgluZg2_Q2ekTWw_mDXhE03KKcBYGxMgYb8KckA=mo,good service,5,0,6.86.1,2026-08-23 20:11:36,We’re thrilled to know you’re happy with what we offer.,2026-08-24 09:01:41,6.86.1
d3fc709c-6cf1-4992-974f-dab7a9119903,Globalgraphics Jafrabad,https://play-lh.googleusercontent.com/a-/ALV-UjVL9gJR640dmx9f5VPfUKDcFklVD_T93RjjjkdwGqZhbWbJiSU,very good*****,5,0,6.87.0,2026-08-23 20:09:25,"Your support means everything to us, and we’re so grateful.",2026-08-24 09:01:15,6.87.0
edfc5fb7-47d4-4613-a314-8dd404436da6,Rohit,https://play-lh.googleusercontent.com/a/ACg8ocKS9eKrvv5-IhLqBfCbnfXu47qMu3k2-_uoxfuh1RoUeqzRcA=mo,👍,5,0,6.87.0,2026-08-23 19:49:29,Your satisfaction brings us immense happiness.,2026-08-24 08:55:04,6.87.0
7c33dbb2-f05f-4ec3-9b45-bc9362691dee,Aakash Singh,https://play-lh.googleusercontent.com/a/ACg8ocIoEdALwMiOImpIP42dzQEUExY08RNXC-FTIpRGdMmzMd81HOg=mo,Thanks Porter Service,5,0,6.86.1,2026-08-23 19:22:59,It’s such a joy to know we’re making a difference for our customers.,2026-08-23 20:56:20,6.86.1
ba84cff7-04d0-49f0-bc1c-bb76443184ba,avinash kumar dev,https://play-lh.googleusercontent.com/a-/ALV-UjWHlFY7_3gjSoFFw0CiwPgk_rOeEE3SVTyjEZVoKhnUO6tRZSm98A,Driver told For Cancel,5,0,6.87.0,2026-08-23 19:19:21,Kindly share your concerns with us at help@porter.in so we can assist you better.,2026-08-23 20:55:41,6.87.0
ebbb9a6f-7ee3-4b08-b73b-7954aec6dca3,Athiq Ahmed,https://play-lh.googleusercontent.com/a-/ALV-UjWOUX-toWJ0nKH4PVnZvhIM0eL8f5ZL1Ovrl4U5j7MjrGabMUoS,good service,4,0,6.87.0,2026-08-23 18:48:05,We’ll continue to work hard to provide you with the best possible service.,2026-08-23 20:52:46,6.87.0
5ed840b3-643f-42e7-89b4-f866f641cf6c,Srishti Aggarwal,https://play-lh.googleusercontent.com/a-/ALV-UjV-EXhpFTqHre-g2vd7oVf4Sx7ZGtjtD3qI4nOaybnQcEBlVrSq,Very bad experience. It was my first time using porter and the delivery staff was more than 1 hr late. I tried contacting the delivery staff but his phone was switched off. Then I contacted the support team and they said to wait for a callback which never came and when I called them again they kept repeating the same thing again and again without any actual update or support. I even asked if the delivery was canceled so I could plan something else but they couldn't even confirm that.,1,6,6.87.0,2026-08-23 18:16:28,We regret any dissatisfaction caused and are committed to improving. Please email us at help@porter.in so we can resolve your concerns,2026-08-23 20:50:26,6.87.0
d30c193e-309a-4336-b2d7-6d54506653be,Harish B,https://play-lh.googleusercontent.com/a-/ALV-UjVW4Y-fJHi3WX8kHhSTq0v9aIYA9-Go0Q2LWjvNzfluH6GpucSd,"worst experience driver accept order and never move to pickup location, no customer support, d",1,0,,2026-08-23 18:16:09,We sincerely apologize for falling short of your expectations. Please reach out to us at help@porter.in so we can work on a resolution,2026-08-23 20:49:42,
66a8af4e-282e-4bee-a136-78ef2b44cf57,Guddeshkarna Guddeshkarna,https://play-lh.googleusercontent.com/a/ACg8ocLscr978_La8goyhXjdEXoN0x2UDccnY7KKNHrZAqOCRUaThA=mo,super app,5,0,6.86.1,2026-08-23 17:52:36,We’re truly humbled by your kind words and encouragement.,2026-08-23 20:48:16,6.86.1
607d4f78-3d46-43c4-bf00-03fd07d4c59f,A Google user,https://play-lh.googleusercontent.com/EGemoI2NTXmTsBVtJqk8jxF9rh8ApRWfsIMQSt2uE4OcpQqbFu7f7NbTK05lx80nuSijCz7sc3a277R67g,Most Reliable App...,5,0,6.87.0,2026-08-23 17:51:44,Your positive experience is exactly what we strive for.,2026-08-23 20:39:26,6.87.0
8476b5c4-494b-476b-aacc-2c3358b7f072,Nisha Mehra,https://play-lh.googleusercontent.com/a/ACg8ocKkFS7ALmQu_le8QR8wSKhEbQBkbYwU1qxzVMK_DmFjfdfZlm4u=mo,nice service and person also,5,0,6.87.0,2026-08-23 17:51:41,"Your glowing review made our day, and we can’t thank you enough.",2026-08-23 20:39:04,6.87.0
93a8c690-9ba8-4abe-96c7-1eddd3bd1600,Kajalmrityunjay Singh,https://play-lh.googleusercontent.com/a-/ALV-UjW_iFJyTtWIcqiTfi_zYWoXhrvRhhA7zdUR9-wk2hjOwQisa7LX,good,4,0,6.87.0,2026-08-23 17:41:55,Thank you for being such an amazing customer.,2026-08-23 20:30:09,6.87.0
152f321f-af9a-4443-b0ae-e9bd729f9616,Ashi Rajput,https://play-lh.googleusercontent.com/a-/ALV-UjUW58zOAmAa5XfJ__i9fOWNbgzkPn9VlShKOktOjnjvdBR2aGeR,great service,5,1,6.86.1,2026-08-23 17:22:07,It’s wonderful to hear that we’ve met your expectations.,2026-08-23 20:16:00,6.86.1
aab610c7-c39c-4cfb-803e-bf8109de1769,Mayur Pandya,https://play-lh.googleusercontent.com/a-/ALV-UjUWQmHJAs-H-Azri-TFcPigfZfJeeO1kLLcqNI0eAIjlA2jpZfQVw,user friendly,5,0,6.87.0,2026-08-23 17:22:06,"Your glowing review made our day, and we can’t thank you enough.",2026-08-23 20:13:50,6.87.0
af9cbe6b-3420-459e-9c9c-817c5d22aece,SUBHASH RAJPUT,https://play-lh.googleusercontent.com/a-/ALV-UjULYIel5y9OqvkPyl3kFXu5xSrXJsVeCeYre2yuTid8dZFoHUuw,good 👍,5,0,6.86.1,2026-08-23 17:13:39,Thank you for being such an amazing customer.,2026-08-23 20:13:06,6.86.1
12d274b5-3b07-4672-a6bb-0e59f9288585,Jinnat Badani,https://play-lh.googleusercontent.com/a-/ALV-UjXjS9_aNLMofAbD5XJPIrbLulpU3G7vFBxrXvkcalb22EV0AQ,ok,5,0,6.87.0,2026-08-23 17:08:19,"Your support means the world to us, and we’re so glad you’re happy with us.",2026-08-23 20:12:43,6.87.0
d04d617a-c19d-4acd-aac5-a4d25850814e,Aniket Roy,https://play-lh.googleusercontent.com/a-/ALV-UjWzJjIiiHTjQ5YxyHoBuPm4ldPPCBrop62KO0Pt5O7eyPb0ZvwW1Q,gud service,5,0,6.86.1,2026-08-23 17:08:04,Your 5-star review makes all the effort worthwhile. Thank you for your kind feedback and for letting us be part of your journey,2026-08-23 20:11:52,6.86.1
a5b0ba0c-868a-4196-9041-91d8aea18fdd,Naba Roy,https://play-lh.googleusercontent.com/a/ACg8ocJSU_M19GwJGYOkdWuevkhLSP5wlFJdYZ2ZMkfY02mMSWvAQQ=mo,Good,5,0,6.87.0,2026-08-23 17:07:35,We are truly grateful for your incredible feedback. Thank you for the 5 stars and for letting us serve you,2026-08-23 20:11:30,6.87.0
87be583b-04a8-4483-b862-efc49b219ca4,Sachin Sing,https://play-lh.googleusercontent.com/a-/ALV-UjUIRMepM3U7EoPNsvtlHqTQYvLIBu8zLbCnWbSjsscI-FLNTAun,nice delivery,5,0,6.87.0,2026-08-23 17:05:56,Your review is a testament to the hard work our team puts in every day. Thank you for acknowledging our efforts with 5 stars,2026-08-23 20:09:57,6.87.0
8409cbe3-8f66-432c-93ee-3eade01f3559,Patel Gopal,https://play-lh.googleusercontent.com/a-/ALV-UjV5euspuLawNTn-dsSvkl_vUM6c40MBQc6RLF_81bCgXT8VjSI4jg,Not call support,1,0,6.85.0,2026-08-23 16:54:58,We apologize for any difficulties caused. Kindly send us your feedback at help@porter.in so we can improve our services,2026-08-23 20:09:24,6.85.0
b4e29a93-daaf-4315-9289-04f8106946b8,Duijesh Srivastava,https://play-lh.googleusercontent.com/a/ACg8ocJt4on9oDlggZoD3vlyVIKa-MOd8NhkTFJpnX7TD859bC9H_w=mo,very good performance,5,0,6.87.0,2026-08-23 16:44:16,Thank you for your kind words :),2026-08-23 17:21:49,6.87.0
d6c38184-45dc-402f-91e2-2e5a027e2bdb,Prashant Bhoskar,https://play-lh.googleusercontent.com/a/ACg8ocIZJ8RDs3dV24oH1KuT65yu9p3_snOF96elQFcXpsMDeo6ujg=mo,it's very good,5,0,6.87.0,2026-08-23 16:29:05,Thanks for the 5 star rating :),2026-08-23 17:13:48,6.87.0
af833cc0-be9f-4940-9f9b-0b2928a518f4,pankaj kumar,https://play-lh.googleusercontent.com/a-/ALV-UjUKZHi-bWcI3c_uwHeq_ifQPKPvhXQIluFWAe3IGXlCF1f3Tf5e,👍,5,0,6.87.0,2026-08-23 16:28:51,Thanks for the 5 star rating :),2026-08-23 17:14:42,6.87.0
7e71f2aa-669e-4089-8611-55fa67c651b3,bhagwat khote,https://play-lh.googleusercontent.com/a-/ALV-UjV4Hw5A9kXs6ahbFgQKCPwBXyvviEuhqe4Xy5EzZ3gkMveJsxyt,okay good,5,0,6.87.0,2026-08-23 16:24:16,Appreciate the positive rating :),2026-08-23 17:02:47,6.87.0
1dab1ebb-b474-4fd1-b1c9-bc8c84e6c4ec,Swara Gangan,https://play-lh.googleusercontent.com/a-/ALV-UjV1sHtj7UKBe1e9PS_Ydqaed8xIaoM3nNYn2Zs-jc9tQ6G78_h6,good,5,0,6.87.0,2026-08-23 16:09:20,Appreciate the positive rating :),2026-08-23 17:01:24,6.87.0
1bd4c893-642e-44dc-b352-00a5c4180355,Sanju Kumar,https://play-lh.googleusercontent.com/a-/ALV-UjXh_SHB9NwpJDiwmP_j-EJeQR7Tj0DFUDYAuIega-G62bYrNAwu,aapki service mujhe bahut acchi lagi hai so beautiful very nice job,5,0,6.87.0,2026-08-23 16:03:53,Appreciate the positive rating :),2026-08-23 16:58:44,6.87.0
8fa748c6-40e6-41da-8453-fac719e3643d,Likith Lakkanna,https://play-lh.googleusercontent.com/a/ACg8ocIGD6lunUNajMGtGJ5HL8z4bPv1n5jM4VsM2KdmlzT7CtVCzg=mo,Excellent,5,0,,2026-08-23 15:26:14,Thanks for the 5 star rating :),2026-08-23 16:57:41,
90442a5a-f980-443a-8782-b914f76bcfa8,Harsimran Kaur,https://play-lh.googleusercontent.com/a/ACg8ocJ4FoVzTbEY17WUuKsqHdBHc1lEWKjN6krhgny3c_WKp_vmsohD=mo,scam..they closed my ticket no.76456681 without my consent. I loaded my wallet to make payment for delivery but delivery was not assigned and I cancelled it. later I raised a ticket to refund money from my Wallet..their customer service called me and closed my ticket without any resolution or my consent.,1,0,6.87.0,2026-08-23 15:21:04,Sorry to hear that. Please reach out to us on help@theporter.in for any help needed.,2026-08-23 15:43:16,6.87.0
ca3aca0a-1c29-4413-9181-e985f0b16121,Ravi Agrawal.,https://play-lh.googleusercontent.com/a/ACg8ocIQdzHW9O81iJ3XmVCex_HR_4NP4uqW0iDKB-BVKQrVOa0rXA=mo,good 👍,5,0,6.87.0,2026-08-23 15:19:53,Thanks for the 5 star rating :),2026-08-23 15:37:45,6.87.0
61c24c83-9757-4ed8-aa5d-8ab888f52787,Kidzzworld Fun,https://play-lh.googleusercontent.com/a-/ALV-UjXSvjf_jeOTIXUmslw594JCwifZn81jWZePmCOGs_vGDgBYwtdR,Delivery person was extremely polite and helpful,5,0,6.87.0,2026-08-23 15:08:09,Appreciate the positive rating :),2026-08-23 15:22:33,6.87.0
0ac2aa09-4422-422a-ad9b-45c75b9bed3f,Jitendrasingh Rajput,https://play-lh.googleusercontent.com/a-/ALV-UjUHpzIsfxz_YQFmYRDo_GHEVb5mmi2t0cEmqbwRJtPenoNX0Ac3pg,good experience,5,0,6.87.0,2026-08-23 15:06:54,Thank you for your kind words :),2026-08-23 15:17:10,6.87.0
95aea141-b295-4399-a12b-aa6592cf3085,Satish Rayate,https://play-lh.googleusercontent.com/a-/ALV-UjXHTvqaYWZk4y1K9mRn16LtjKoGuAcg0tVaeLJUYHSTO56xunY,ok,5,0,6.87.0,2026-08-23 14:57:03,Thanks for the positive rating :),2026-08-23 15:06:34,6.87.0
fb9eb370-4ff4-45bf-865d-61299ad51b87,Aman Khanna,https://play-lh.googleusercontent.com/a/ACg8ocJcRK-ixHBHuSsESp4MrKB2bhqxtVPfCaqNMisBErXqm6AkwQ=mo,very good,5,0,6.87.0,2026-08-23 14:56:34,Thanks for the positive rating :),2026-08-23 15:05:54,6.87.0
dcf38e7d-5f47-4763-907d-e248ed204691,Erickson Masongsong,https://play-lh.googleusercontent.com/a/ACg8ocLIezss_QG3ek_FBfJ8qJ6e7QxWVqFbVhrThByhlzi1UZhilw=mo,"very good carrier comp, very highly recommended",5,0,6.80.0,2026-08-23 14:35:09,Thank you for the endorsement :),2026-08-23 14:48:33,6.80.0
fafe9a41-3a7c-4d09-b2c1-6e44d576d16c,Rafique Fabrication,https://play-lh.googleusercontent.com/a/ACg8ocLBwq-di7t3TV0fKUtWtGZjY-zxJJm743M6hLd7u7QXWMjCrS4=mo,trust,5,0,6.82.0,2026-08-23 14:30:37,Thank you for your kind words :),2026-08-23 14:47:00,6.82.0
f8d0dad7-d802-4497-a5ce-28d39d6fd628,Shital Telange,https://play-lh.googleusercontent.com/a/ACg8ocL9nplbUHNboTEIm1Nr06neQXaimOfs13AF5D-JZ6aofJPK=mo,okay,5,0,6.86.1,2026-08-23 14:28:00,Thanks for the positive rating :),2026-08-23 14:45:11,6.86.1
f7d1a7ed-9a48-43eb-8be6-2b4ebc4d9ecf,R K “RAAJ”,https://play-lh.googleusercontent.com/a-/ALV-UjUEyPChWghyPkXF38eyuOVVHejZs6nTo3nZldBarkXdKKvnkAtm,potter se saman nahi मंगवाना चाहिए इनके राइडर aur ट्रक अपने आप किराया बड़ा देते हैं औऱ customer care main koi भी सुनवाई नहीं है आज मैं अपना दुख बता रहा हू maine samaypur Badli se Krishna Nagar ke liye book Kara app per 210 rupaye dikhaye aur drop location per Rider 700 mangne Laga ki aapane location add Kari hai jabki maine Koi location add Nahin Kari thi iski complete maine customer care mein Kari unhone bola Galti aapki taraf se hai Ham Nahin kar sakte be careful,1,0,6.87.0,2026-08-23 14:27:25,We are really sorry for the experience. Please share the order details on help@porter.in so that we may check this and assist you further.,2026-08-23 14:44:02,6.87.0
6cb95f98-d321-458c-8141-66044f0038a5,praveenkumar vennishetty,https://play-lh.googleusercontent.com/a-/ALV-UjW7bDiV5Q45WJgX9LUFyTDDDDrF5CDk2MsYnWhyzNdH66OZmtSH,Nice app,5,0,6.86.1,2026-08-23 13:58:33,Thank you for your kind words :),2026-08-23 14:27:54,6.86.1
405f6613-b95c-46b0-9f3a-fdf8fcd5b6cc,Dhiraj Kumar,https://play-lh.googleusercontent.com/a-/ALV-UjXbTTc8DGCiWLRz3V79H0x1VVWOOpYC71pWF4vMckSduBjK7i4,bahut achcha tha bahut jaldi pahuncha Diya,5,0,6.87.0,2026-08-23 13:54:03,Appreciate the positive rating :),2026-08-23 14:24:05,6.87.0
81e504a7-3be5-4591-8c7a-bae3c1f2307f,Abhi singh jadon,https://play-lh.googleusercontent.com/a-/ALV-UjXCbfErCH1hnkCdQF8hnDVDBq_pdIxYj2s_FwpwBzHzl7EJpUmN,good,5,1,6.87.0,2026-08-23 13:46:16,Thanks for the positive rating :),2026-08-23 13:56:09,6.87.0
7d8db43a-4998-426e-a009-ee93860b3f68,Parijita Chatterjee,https://play-lh.googleusercontent.com/a-/ALV-UjXZqKJ_GmG2fX02Y8LJ94zEIMuO3Ya3eZwWEMD6VKvSxE21qP1q,excellent,4,0,6.86.1,2026-08-23 13:41:29,Thanks for the positive rating :),2026-08-23 13:55:39,6.86.1
7e526c04-572d-43b3-bdd9-ebb3b4b9a7fc,Vijay Kumar,https://play-lh.googleusercontent.com/a/ACg8ocJ0am1VXFW4PgmHuAZtPGWg0X3vq0NiV0iAmnZYdL0lvGlkqRc=mo,i am very glad to giving you 0 star you people are making me fool since last one month. no single quary was resolved you from last 1 month cust care guys are also making fool . i request all people that dont weste your time & dont use this application there are multiple option available in our market,1,6,6.87.0,2026-08-23 13:39:24,Sorry about that. Please elaborate your concern on help@porter.in and we will definitely look into this.,2026-08-23 13:43:51,6.87.0
9fb944ae-27e4-42a0-9d23-152dd4faab02,SUNIL GADHIYA,https://play-lh.googleusercontent.com/a-/ALV-UjUVHL4DzBjt25uiJjR_m4xS9vFU4sKpKGtU9jdCq89sFCJVHDHP,very good 👍🏻,5,0,6.87.0,2026-08-23 13:34:34,Thank you for your kind words :),2026-08-23 13:43:07,6.87.0
3d7f802a-1e2b-4d85-9710-cde422f45f0b,mahesh kumar mittal,https://play-lh.googleusercontent.com/a/ACg8ocLhE063_cJ96jJu0UBLo-xeAYyN_DDjbVB1vvSy2fyTEQ7gYQ=mo,super sarvice,5,0,6.87.0,2026-08-23 13:30:52,Thank you for your kind words :),2026-08-23 13:42:41,6.87.0
15e3e7e6-ffed-4761-93f5-fa1c1e82418b,Ankush Nilapwar,https://play-lh.googleusercontent.com/a-/ALV-UjWRqL_6j-W0SWQ5cS1oP4ERmv1gxkNoZHeJQiDFzBX0KwUGCzJM,good,5,0,6.87.0,2026-08-23 13:15:01,Thanks for the 5 star rating :),2026-08-23 13:40:28,6.87.0
6ee8d568-20b7-49d6-9b10-c03bea496b8d,Chhailaram Gurjar,https://play-lh.googleusercontent.com/a-/ALV-UjXxVSDvqXq9yWULC0KMeBgOctfhUFeglAxK_hX9DOyv05mZwFl2,very nice service good driver service,5,0,6.84.0,2026-08-23 13:13:21,Thank you for your kind words :),2026-08-23 13:39:44,6.84.0
1d78cf7d-4908-485c-b4aa-33c93cac9abb,Krupa Kadam,https://play-lh.googleusercontent.com/a-/ALV-UjVCvvdgMq7bTb-oDsRw27hNtv06JMzqAAKCbnwaGSSy7f7B-U6C,excellent service and very politely Mohd umar,5,0,6.87.0,2026-08-23 13:12:52,Thank you for your kind words :),2026-08-23 13:39:12,6.87.0
78b637dc-de10-41fc-81fb-f9f4b59eeedc,siddheshwar sawane,https://play-lh.googleusercontent.com/a-/ALV-UjVU9a58GTHM9rYvrMGJlnXFxas31y7fde0pjuLwy6l6ZFylPk0g-w,it's a life saver. i was panic about my belongings to moved. it saved me.,5,0,6.87.0,2026-08-23 13:05:59,Thank you for your kind words :),2026-08-23 13:38:43,6.87.0
189ccc09-f1dc-4ffd-897f-1f6020515480,AMIT MALI,https://play-lh.googleusercontent.com/a/ACg8ocIdh26-LSLIklW5cqUQRRJPeBGyD9zFLFoZ_MS6nX_HjmvWNQ=mo,fast service,5,0,6.85.0,2026-08-23 13:00:52,Thank you for your kind words :),2026-08-23 13:08:53,6.85.0
326df48c-568b-4a18-8617-9b7b7d3131ae,Mawiteii Chawngthu,https://play-lh.googleusercontent.com/a/ACg8ocI5Aj_1j5W-OBH9S5zfPvwEJI85T_il9kUTxcLZMf9ClnMeHw=mo,"Use Uber Rapido Parcel, better than porter. Porter Driver said me Porter charge high commission 18%. Wheres Uber and Rapido don't charge them a commission and block their ID without clarification. So for betterment of Driver i suggest all user to boycot Porter.",1,0,,2026-08-23 13:00:17,Sorry you feel that way. Please reach out to us on help@porter.in for any help needed.,2026-08-23 13:08:23,
f2b44d2b-a761-4eea-8e4a-8d41420c146a,Anup Singh,https://play-lh.googleusercontent.com/a-/ALV-UjVqJoLEB_0aya0y_84I8fV8q1vIe3VI32hSUy16Pyboc5giNjdw,Thank you for your support,5,0,6.87.0,2026-08-23 12:56:50,Appreciate the positive rating :),2026-08-23 13:07:27,6.87.0
080e4987-8748-4e9f-9663-5bc5efc78d29,mdgulab uddin,https://play-lh.googleusercontent.com/a-/ALV-UjWX5IBoPQWZ9n22y1VuGhFLfNiw5h80g6bEmC9i9O5r09zUIgQC,good service,5,0,6.87.0,2026-08-23 12:46:37,Thanks for the 5 star rating :),2026-08-23 13:03:36,6.87.0
cc2a909f-7a44-46d5-a673-2feee116bfe9,PRAVEEN KUMAR,https://play-lh.googleusercontent.com/a-/ALV-UjUCOkNmG3xVsqaoTURgY_AFv3mzV6re3S2uniErdjyN4L0cUsU,Good,5,0,6.86.1,2026-08-23 12:31:32,Thanks for the positive rating :),2026-08-23 12:43:22,6.86.1
bc026c99-285a-4a25-932c-ee6f9b1b3296,Shastri C.N.S.,https://play-lh.googleusercontent.com/a/ACg8ocJn65VRG_LrqjxnnsJ2q3_kSFKDa8LA9JQViJNzk7JHQfZwyQ=mo,excellent service every time,5,0,6.87.0,2026-08-23 12:29:42,Thank you for your kind words :),2026-08-23 12:36:03,6.87.0
fa7cf66a-39ba-4651-91db-0211ecd79ca4,yogi sena,https://play-lh.googleusercontent.com/a-/ALV-UjUouHW6QxbkALd93O8arMdHuRUzPQSPzrXcYBEp4uF1wuxlWu1l,very good,5,0,6.87.0,2026-08-23 12:13:03,Appreciate the positive rating :),2026-08-23 12:14:59,6.87.0
477bf374-e990-4554-a3e1-236fd595d669,Ravi Dongre,https://play-lh.googleusercontent.com/a/ACg8ocKu7gwrWNL-KyrKuZlQu66S15TZ7vKOm6l3S_A0RgJkIu7BBw=mo,Good Service,5,0,6.87.0,2026-08-23 12:02:16,Thank you for your kind words :),2026-08-23 12:08:56,6.87.0
7d5d3493-385b-4054-bd47-ab916f1966ef,Chintan Solanki,https://play-lh.googleusercontent.com/a-/ALV-UjUEh_208-xyubTRJg2Zy1zMAw6nG1tZzLbfvCpxrJZ4HhBlLA5J,good,5,0,6.87.0,2026-08-23 11:56:13,Appreciate the positive rating :),2026-08-23 12:08:21,6.87.0
753352ab-40c6-4fdd-ba9f-a7bde83ec5ce,Thisis Sparta,https://play-lh.googleusercontent.com/a-/ALV-UjXaeu-Jpg20uG4wlwJmmeGliiGwce7iagn3ABV9dNuimoa96Ad1,so good app service,5,0,6.87.0,2026-08-23 11:30:09,Appreciate the positive rating :),2026-08-23 11:46:13,6.87.0
fbdf39c8-8d0a-4a59-b12a-229277188690,Lakshya Kumar,https://play-lh.googleusercontent.com/a-/ALV-UjVQTOMYE_uOj0iA5xImJtanRJmrWIwHjRIucYKw_7KlpSIhwOyP,good,5,0,6.87.0,2026-08-23 11:04:59,Appreciate the positive rating :),2026-08-23 11:18:12,6.87.0
8d6ee81a-efd4-401e-97c2-1011532a51cb,sathish Kumar M,https://play-lh.googleusercontent.com/a-/ALV-UjVFc7awkGN7-Ne34EF9H1uVHIXNgFFKAMyCmVyRNzT0DK3w5eI2,fantastic job,5,0,6.85.0,2026-08-23 11:03:00,Thank you for your kind words :),2026-08-23 11:18:38,6.85.0
741dfcd4-201c-4dfd-ba87-5c77dc479c2b,RAMESH KORE,https://play-lh.googleusercontent.com/a-/ALV-UjXSxV74XdEhWKn0KIh5zdh8xHYydT8sBXsq8fJTOgZWtCbtdJ5_,good service,5,0,6.86.1,2026-08-23 10:53:59,Thank you for your kind words :),2026-08-23 11:17:20,6.86.1
1e9b6164-9f24-4574-a5cc-858565158677,subrata sinha,https://play-lh.googleusercontent.com/a-/ALV-UjVbAju9qb3SOPbtPoUE6jkd2SYP9r9lSfqI5v_JC8KHaI7dbFtA,"Bogus service. 40 minutes over, partner did not reach the location. no time commitment. completely unprofessional",1,0,6.87.0,2026-08-23 10:48:34,Sorry for the experience. Please share the order details on help@porter.in so that we may check this further.,2026-08-23 11:16:49,6.87.0
291027b3-8a2b-40ae-af83-ba312e40ac2f,Binesh Banti,https://play-lh.googleusercontent.com/a-/ALV-UjWNOFe0fqHv1PBLQY8yhwA5o3Gz6qshhlk8G4SQvGMnqdRN1PoT,"Cancellation by Drivers, but they are sending a message ""we are noticing higher than usual cancellation from your account, request you to please make a note of this and limit the cancellation to avoid suspension of the account- Team Porter."" when I am going to raise a complaint only a ticket given no one available for conversation. Fault from their side and blaming customers, what worst app and their support team. I am using this app for the first time and this type of service provided by compan",1,3,6.87.0,2026-08-23 10:43:31,Sorry for the experience. Please reach out to us on help@porter.in so that we may assist you further.,2026-08-23 11:15:55,6.87.0
1d77f912-8c30-41f4-b497-8e894ccb9d2b,Shamlal IbraHim,https://play-lh.googleusercontent.com/a-/ALV-UjViuMW2wDCMAE5Y_KFLQQnbDeX4xs47DZi64-oFp3o9bI97Cfw,good person,5,0,6.87.0,2026-08-23 10:29:35,Thank you for your kind words :),2026-08-23 10:40:00,6.87.0
a3c7c1dd-7f10-46ba-bdef-69900aba5084,Rinku Jat,https://play-lh.googleusercontent.com/a/ACg8ocKio_S73htVEU50dXdlmsmyM0ARl-EhbFiAdRAoOUBlYwk_NQ=mo,nice,5,0,6.86.1,2026-08-23 10:18:08,Thanks for the positive rating :),2026-08-23 10:39:02,6.86.1
8d008510-f33f-4deb-8659-88a8bf2c94f2,prachita mahale,https://play-lh.googleusercontent.com/a-/ALV-UjV_ToKRLQCEhxYOwNkbVV3PMt_c_71udLh7IMOk6BPB-qvHEZQU,"If I could give 0 stars, I absolutelv would. Most unreliable app, your task might be completed, hate the customer service!! its been 3 Months! that i have raised the complaint and still not resolved, won't recommend anyone to use this app. All I hear from the support team is that the concern team will get back to you in within 48 hrs and your issues will be solved, my issues haven't solved at all! customer is pathetic they are totally useless.",1,6,6.86.1,2026-08-23 10:05:35,Really sorry you feel that way. Please reach out to us on help@porter.in for any help needed.,2026-08-23 10:19:50,6.86.1
1ae94fd4-35d8-424a-a3ac-3c4f115fedc4,Rajesh Kumar C,https://play-lh.googleusercontent.com/a/ACg8ocK7kLvWfKGQI3q7-AyhljV_rb9lm1IrshuxL3VknAip2KWVpA=mo,good job 👍,5,0,,2026-08-23 09:25:34,Thank you for your kind words :),2026-08-23 09:35:51,
bac927c4-4c5f-42f5-8931-92610723a19a,Bharwad Krushna,https://play-lh.googleusercontent.com/a/ACg8ocLX3pPpfbeAuklLE0pTCZ1MxZnWOk7XHdKJdR8XfYyINU1LwQ=mo,good,5,0,6.86.1,2026-08-23 09:03:53,Appreciate the positive rating :),2026-08-23 09:34:20,6.86.1
a11dcc20-7379-480a-a558-bfdb00cc6969,Vaibhav Rane,https://play-lh.googleusercontent.com/a-/ALV-UjV61EE_lAdBMRmyeIRfL5LEouxhzh9x8yb0UwyP6vS0Izi6y_qe,great work,5,0,6.87.0,2026-08-23 08:14:05,Thank you for your kind words :),2026-08-23 08:58:16,6.87.0
03ad9856-da00-44fe-b4a9-9ad4ea457cc4,Nagender Babu,https://play-lh.googleusercontent.com/a-/ALV-UjX7tefRf4LpfPvEUBJ1x6G37mNRSuRU9hgvSAUtmLYElhxq4JmdFg,good,5,0,6.86.1,2026-08-23 08:13:35,Thanks for the 5 star rating :),2026-08-23 08:57:27,6.86.1
1f1f0217-1367-400d-b875-9db9ab42b6bd,SUBHAG SINGH GOGNA,https://play-lh.googleusercontent.com/a/ACg8ocIqKHPnvFTFpAO-Tgw1nwkUnLw9ZDGGtasm8h9LJdF2XkbS6kM=mo,bad service,1,0,6.67.0,2026-08-23 07:45:19,Sorry to hear that. Please elaborate your concern on help@porter.in for any help needed.,2026-08-23 08:56:42,6.67.0
45ebb00c-48d3-4654-a7f3-585f5b11ba06,BIKRAM SINGH,https://play-lh.googleusercontent.com/a-/ALV-UjUI4-BE18Gf9xdUaXZO9H-NhvYmSnS8zPLjz9FdYQjJp2iX0vQ6og,good,5,0,6.86.1,2026-08-23 07:14:38,Thanks for the positive rating :),2026-08-23 08:53:26,6.86.1
698b5926-be6d-4921-b007-ffd78adccbb0,arunshambhavi,https://play-lh.googleusercontent.com/a/ACg8ocKYigxh_O4vQMJUHAF94D9L-pPtoVTSjYrw5Bn3xqd43mM33Q=mo,your mini auto passenger auto is coming,1,0,6.85.0,2026-08-23 02:44:25,Please elaborate your concern on help@porter.in for any help needed.,2026-08-23 08:52:17,6.85.0
bd97772a-d2b6-42cb-a5ea-ec82f1512aef,Dk Lohmod,https://play-lh.googleusercontent.com/a/ACg8ocISS4WEtfMCK7yPZw5Sp0DX7LTmvAbZZIa_M2oDDi5Mwq1tLg=mo,very nice Deep Kumar,5,0,6.87.0,2026-08-22 23:28:57,Thank you for your kind words :),2026-08-23 08:46:05,6.87.0
f665f716-e632-4a34-838b-a48aac040808,Gaurav Narayan,https://play-lh.googleusercontent.com/a-/ALV-UjXqZd4x5cG3NlUY7xafdto8nyhTzC4uoWdwvUwkbk2yGJQvF7_t,Porter's service is really great. The driver arrived on time and delivered my luggage safely to the right place. The driver's behavior was also very nice. Booking was easy and the price seemed reasonable. Thanks Porter!,5,3,6.86.1,2026-08-22 23:25:07,Delighted to know about your positive experience :),2026-08-23 08:45:36,6.86.1
e818c43f-4e95-4bc7-9098-4c8894843970,Akshay Meena,https://play-lh.googleusercontent.com/a-/ALV-UjWgbt5SGWXvCmEpjO-xjq6uSg4y9OctS7sV1-I_L_srKIUSoi1VRA,this 5 Star for your delivery partner 🙏🏻 thanks,5,0,6.87.0,2026-08-22 23:10:23,Thanks for the 5 star rating :),2026-08-23 08:43:53,6.87.0
b40d307a-37b4-41db-bc87-162caedb8b45,Selvam Selvam,https://play-lh.googleusercontent.com/a-/ALV-UjV6iDJiC4YMfCZCVGcjnOAqfEZ15_1yBigL0l1ym0wM9GKAwi4O_Q,good,5,0,6.86.1,2026-08-22 22:47:48,Thanks for the 5 star rating :),2026-08-23 08:43:26,6.86.1
e0035cb1-f024-4ca4-b20d-53e7e65a98cd,Deepak Kumar Roy,https://play-lh.googleusercontent.com/a/ACg8ocIvhqplyrHWOD7yoo1BhxkyvDo-ulFteJkE0DOBDDxG3Zbnrw=mo,fraud 🤥,1,0,6.84.0,2026-08-22 22:31:46,Sorry you feel that way. Please elaborate your concern on help@porter.in so that we may assist you further.,2026-08-23 08:42:51,6.84.0
5df29763-fc47-41f6-9700-8f6cc786896a,Bhavesh Paneliya,https://play-lh.googleusercontent.com/a-/ALV-UjWQhKWOMh_BONSqYWcun9KekD3P9K3uZADG8ZFH8EuCw8VMElDl,ok,5,0,6.87.0,2026-08-22 22:26:34,Thanks for the positive rating :),2026-08-23 08:41:43,6.87.0
5dfc4a48-8810-417f-a917-977c33847388,Buvaneshwaran B,https://play-lh.googleusercontent.com/a-/ALV-UjVjtUq_Pk2D5als0G0Ilq-gLuMWj9DDBx1vcTtgS38_c6YX0MjV,good,5,0,6.87.0,2026-08-22 22:04:11,Thanks for the 5 star rating :),2026-08-23 08:41:15,6.87.0
d579d338-c42a-4d27-9238-30c550c0f768,Arjun Rishi jat,https://play-lh.googleusercontent.com/a-/ALV-UjWnmQDscVvLe7Sd8JIdptEjIg82PUMyBspGmPf3aMndLbZn61gW5g,ok,5,0,6.87.0,2026-08-22 21:50:57,Thanks for the 5 star rating :),2026-08-23 08:36:53,6.87.0
74a68faa-0f53-4b1e-9fa5-c8836fd1036a,Amit Bisht,https://play-lh.googleusercontent.com/a-/ALV-UjVaQjUalYeAiza1uaDheVfbA5IgfzRCA3ZPFm5q28HbzZIiEso,good and reliable service,5,0,6.87.0,2026-08-22 21:31:59,Thank you for your kind words :),2026-08-23 08:36:24,6.87.0
f649bf86-426f-4c07-8083-05280c848ee6,Anthony Daniel,https://play-lh.googleusercontent.com/a-/ALV-UjWzmIe5PoJLaV1xGF9nR5mq61VbtRAN1KqkO0wWsbM_HRx9L21HmQ,good service,5,0,6.86.1,2026-08-22 20:56:05,Thank you for your kind words :),2026-08-23 08:25:40,6.86.1
805bb07f-19dc-47b6-bc39-0a1c36121a14,shyamala V,https://play-lh.googleusercontent.com/a/ACg8ocKNeTvYV0_gyxUOUo5L0_Xp6S2dt3U8XLyFnQVXUwDueRGBwDM=mo,Reached on time.,5,0,6.87.0,2026-08-22 20:42:00,Thanks for the 5 star rating :),2026-08-23 08:24:18,6.87.0
5d2cab95-ef09-4769-b32a-d8235e6d0083,Sonali,https://play-lh.googleusercontent.com/a-/ALV-UjWZTPazkL38Vjxmm-ePm9Bi-gO6FjNSkJtU78PqZKm-8rk-fDKJ,Very professional services !!!,5,0,6.87.0,2026-08-22 20:40:20,Thank you for your kind words :),2026-08-23 08:22:32,6.87.0
bcfb05ac-36e7-4d03-87b7-88ed614cb8d4,Awadheshy Pandey,https://play-lh.googleusercontent.com/a/ACg8ocKcyfFQaqEOeBXE_4Vp2Hg_nJ-DCbYA7gxu2eS3z1rHm_uikeE=mo,very nice,5,0,6.86.1,2026-08-22 20:37:44,Thanks for the positive rating :),2026-08-23 08:23:00,6.86.1
538b55df-7b74-4d82-9fc4-d83a612b229e,Sonu Verma,https://play-lh.googleusercontent.com/a-/ALV-UjWskbFKorFUvlf_7szpdSRz0CcUKaAjfGJ3di_tus2jLcKLB8GP,good,5,0,6.86.1,2026-08-22 20:33:56,Thanks for the positive rating :),2026-08-23 08:22:02,6.86.1
ac9290d2-5939-4625-a420-79bd12aed3ae,Me. Rajesh Kale,https://play-lh.googleusercontent.com/a-/ALV-UjVw5t9M1cxVwKN48oyA2An6_5ieXnCPfK1SmGy4ISZrR6OrmXBOlA,very good service,5,0,6.87.0,2026-08-22 20:28:21,Appreciate the positive rating :),2026-08-23 08:21:10,6.87.0
6d842e02-798f-4c4d-bc67-af0685abbfe0,Vinit Bhandari,https://play-lh.googleusercontent.com/a/ACg8ocLUMbU4-ARsAdFMJJEyjg-d0pMe34K1kPYktuIpWonckjpjfw=mo,"very bad service The delievery boy broked a product of mine amount 550rs And the company is giving only 50percent of amount in porter wallet but not in cash or Phonepay. so we cannot use the money in Buying anything. Though there is none of mistake of mine, 1) Delievery boy of porter was no trustsed 2) The porter company Is not giving any money of the loss. 3) None of the mistake was done by me still i have to bare it... 4) totally wrong",1,0,,2026-08-22 20:18:05,We sincerely apologize for falling short of your expectations. Please reach out to us at help@porter.in so we can work on a resolution,2026-08-22 20:59:27,
8dec321e-e045-414c-8968-ba3d1c19ed9d,Tehzeeb Khan,https://play-lh.googleusercontent.com/a-/ALV-UjWuNzjm5eaJY8DGGYny2egVrmlbOXfGK02DshT0jH2sjd7BHudy-Q,good👍,5,0,6.87.0,2026-08-22 20:08:40,We’re pleased that you found our support and service aligned with your expectations.,2026-08-22 20:24:58,6.87.0
2b3355bf-450b-4321-a641-3169c512dfa9,chandru sekar,https://play-lh.googleusercontent.com/a-/ALV-UjUPJMzI1fyjewv7t88Px3ff1FBHD9GUfmYHk2V5BVjZTnRN9bZ7,good one,5,0,6.86.1,2026-08-22 20:04:14,Knowing you had a great experience encourages us to keep raising our standards.,2026-08-22 20:24:36,6.86.1
6d6bc57f-7a06-48a4-bbbf-c2f2135b9a37,BikeBorneExplorer INDIA,https://play-lh.googleusercontent.com/a-/ALV-UjVfUGLwMtCUnq-lFQYFci--HOMQferPqLkkhtHeO8L7sWAIWlwH,takes money for onboarding and runs away,1,0,6.87.0,2026-08-22 19:53:53,We apologize for your experience and want to improve. Email us at help@porter.in so we can resolve this for you,2026-08-22 20:21:57,6.87.0
b540d2ef-9bc0-4969-836f-5ed768311f07,patturaja raja,https://play-lh.googleusercontent.com/a-/ALV-UjUei9FOnaB6ftMHrenI7ZIXWK4To_g3Ci_qqzS9bhA9qGE1RZk,super delivery,5,0,6.87.0,2026-08-22 19:22:38,Your compliments have lifted our spirits.,2026-08-22 20:15:31,6.87.0
e13c6086-701b-4df8-90d1-71a75bc171c3,mohan venkatesan,https://play-lh.googleusercontent.com/a-/ALV-UjVhwF6V1Lpd1IPFgUsjUjy3ePUM52Qn8-It_bikfb6aYwANHsg,good working,5,0,6.87.0,2026-08-22 19:22:31,Your positive experience is exactly what we strive for.,2026-08-22 20:15:11,6.87.0
a6f16763-f3c7-42db-8a1a-8886d7b8fef0,Chandan Dutta,https://play-lh.googleusercontent.com/a-/ALV-UjUUgCtwDdHCQYVC_LVkNt4qxlvNT-lWZnBm-ktsCvsCAh3rbGQH,"worst experience... booked on rs1207 after that they charged 1527... without a proper reason... waiting times are maximum 10 minutes... and no delays in traffic, or any",1,0,6.86.1,2026-08-22 19:19:33,"We sincerely regret the challenges you faced. Email us at help@porter.in to share further details, and we’ll do our best to assist you",2026-08-22 20:14:47,6.86.1
f00bea38-9737-4576-8d99-6aeb608caec9,OJI CAB,https://play-lh.googleusercontent.com/a-/ALV-UjWhgrT6W-40IgXXB9ZKRk_iMo4f-9vBGJWuKasouhYfCfw2rfw,"dear devlopment team, ORDERS me search ka option plz add big requred",5,0,6.87.0,2026-08-22 19:09:10,Thank you for sharing your perspective—it’s invaluable to us.,2026-08-22 20:14:23,6.87.0
f142dfb4-1363-4d47-b82b-2f9fda51dc1d,Ansh Negi,https://play-lh.googleusercontent.com/a-/ALV-UjWMpeMdELJW3ox3Ywqpp1PQUo3_aAKbsIvVuEGEj8yY1AkOcI0,this app has location problem,3,0,,2026-08-22 19:00:34,We’re sorry for the trouble caused and appreciate your feedback. Kindly contact us at help@porter.in so we can address your concerns,2026-08-22 20:12:53,
200acd37-cdb5-4eec-8610-edd92b0af183,Kurban Khan,https://play-lh.googleusercontent.com/a-/ALV-UjUhzHUOPYyRT6QwwRZY86U0PoUgVlMq_MSXjZO9HaQhO-9nVZ4r,very nice work,5,0,6.87.0,2026-08-22 18:59:45,Knowing you’re satisfied with our efforts brings us immense joy.,2026-08-22 20:13:17,6.87.0
2cab7657-1b9a-471d-8c93-aa8f58db9447,Ashish Kumar Kashyap,https://play-lh.googleusercontent.com/a-/ALV-UjWEjM6SFNLBPFXtJXFbZ1DKqllJeUGk9Z5Y-rGMjjulrbSGqtQytw,👍👍👍,5,0,6.85.0,2026-08-22 18:32:47,Thank you for recognizing our efforts and sharing your experience.,2026-08-22 20:10:40,6.85.0
637d164b-7a75-4291-87b9-434a98969726,VR Vishal,https://play-lh.googleusercontent.com/a-/ALV-UjXzMAVncQCEJjH6PYvewuK3NxhCH5j61ZnUrHcxVJbqVen-s6g7,best app and affordable price,5,0,6.86.1,2026-08-22 18:32:43,Your feedback makes all our efforts worthwhile.,2026-08-22 20:09:56,6.86.1
6c4f86d7-1461-4db7-b570-a216a18a92a1,Anil Mali,https://play-lh.googleusercontent.com/a/ACg8ocJNMt10CKwOcPn3pxGb9cf_ac4YihGUIQQg3zgIs48b7X7RiQ=mo,Driver is very cooperative,5,0,6.86.1,2026-08-22 18:31:14,Your review encourages us to go the extra mile for you.,2026-08-22 20:10:16,6.86.1
116f4634-fc51-4c0b-b7b0-ede5b311a845,Kriti Patel,https://play-lh.googleusercontent.com/a/ACg8ocKsHNCpk0V1D7PHA5dHKl0JenHFrNyJZJ3KnwY98y3OeXp2ag=mo,Good 😊,5,0,6.87.0,2026-08-22 18:27:16,Knowing you’re satisfied with our efforts brings us immense joy.,2026-08-22 20:09:19,6.87.0
bf3b64e1-6ec6-4564-9744-ef5373106227,deepak kumar,https://play-lh.googleusercontent.com/a/ACg8ocIjWQ0yuX2rWw3J5cG9o5P0YtDfFQEwwAjjNflKyv23avXnbg=mo,driver bout acha h unhone bout acha response diya,5,0,6.86.1,2026-08-22 18:26:52,"Your glowing review made our day, and we can’t thank you enough.",2026-08-22 20:08:52,6.86.1
dfc9ff9c-31b6-4f9a-b5c5-99d1e11b59ce,Shobha J M,https://play-lh.googleusercontent.com/a/ACg8ocK3P1mUrMKeCdh7Au2JMWgVLCeF0Z2nqh4FN7g-USRGZwX8fQ4=mo,thanku porte,5,0,6.87.0,2026-08-22 18:20:09,Your positivity and encouragement mean everything to us.,2026-08-22 20:07:45,6.87.0
8c4a3af0-6071-4bb5-b7e8-3372cd117f69,Monisha Sathiyamurthy,https://play-lh.googleusercontent.com/a-/ALV-UjVNVucnxJZNGTa98Py2eb3SiHLucsR_KEpysqgmQ6HnisQPCB8,Excellence in public & goods service. Thank you for safely reach the goods.,5,1,6.87.0,2026-08-22 18:19:19,It’s customers like you who make our work so rewarding.,2026-08-22 20:07:25,6.87.0
b73bfab9-4f3e-45c6-8d53-309c34927ac6,Raj Vaishnav,https://play-lh.googleusercontent.com/a/ACg8ocK6glKWdnJEkDgksvO8rJbCmjRM7ds_IMZ5Tui8FjYgDgN4aw=mo,okay,4,0,6.87.0,2026-08-22 17:50:27,"It’s always a pleasure to serve you, and we look forward to doing so again.",2026-08-22 20:04:33,6.87.0
85ab5452-7580-4f11-8756-6dce0922955e,Sadaf Sadaf,https://play-lh.googleusercontent.com/a/ACg8ocKx2ix1t-Q3-4DMZolFhHE8uGHp3HUU_Qx2449BfHTSfyXDcQ=mo,very bad very very bad inner system are so useless,1,0,,2026-08-22 17:42:19,Our apologies for falling short on your expectations. We value your input and request you to share more details at help@porter.in,2026-08-22 20:04:11,
5080d060-9b98-45bb-af66-fe4e3b28c9a9,ravi ranjan,https://play-lh.googleusercontent.com/a-/ALV-UjVeFeq2JWHYYrgI_lNvTKi2KUP6f5w1YgBkWoSMCXtMBWlZDwh0TA,good,5,0,6.87.0,2026-08-22 17:14:00,Your appreciation for our timely service really brightens our day.,2026-08-22 20:00:04,6.87.0
a85f316a-42af-4f08-8fe2-9e00ea1f4bb6,Ashish D Desai,https://play-lh.googleusercontent.com/a/ACg8ocLyPBjB5_9UuT5HXHgSZyB8U43crLaTLacyoNxFpDqz7aihTQ=mo,"""Please add Gujarati language in the Porter app. Many drivers and customers in Gujarat prefer Gujarati. Other regional languages are available, so why not Gujarati? Please update soon.""🙏",5,0,6.86.1,2026-08-22 17:07:41,We will surely share your feedback with the concerned team and thank you for the honest review.,2026-08-22 19:58:39,6.86.1
0e576741-eb8e-4637-ab21-140ffa5c3f92,Hitesh Bodana,https://play-lh.googleusercontent.com/a-/ALV-UjVhE6Wg8M1lWBqoutGpFAzVaPZkA4wMndC4k2g_eO56M9knYmGM,happy,2,0,6.87.0,2026-08-22 16:37:13,Can you please rate us with more stars if you like our services?,2026-08-22 16:48:12,6.87.0
416cee9e-5f4e-4c64-8d95-01e20af0133b,Fayaz Khaif mahaboob,https://play-lh.googleusercontent.com/a/ACg8ocJZV9k_IeA1d2TRdfubIZE-ji0p7lE8DP-IOGeTlqbebowrvQ=mo,good app,5,0,6.86.1,2026-08-22 16:35:36,Thank you for your kind words :),2026-08-22 16:47:37,6.86.1
191b8e8a-3364-4002-af42-2a60b7cd3278,karthick 6109,https://play-lh.googleusercontent.com/a-/ALV-UjVbtAYlGRmECPz5iNpR-w0MJVQyAFK3_Ll8e9KptHa6MucCCn_LQg,lots of issue,1,0,6.87.0,2026-08-22 16:34:15,Sorry to hear that. Please elaborate your concern on help@porter.in so that we may check this and assist you further.,2026-08-22 16:46:42,6.87.0
e0965f13-624f-4938-9217-8b462264beb4,dinesh prajapati,https://play-lh.googleusercontent.com/a/ACg8ocJWPDFkFwhiw8g867a6KdPyMENh7HMVBN-NJePvj7czo-O1nQ=mo,Good 👍,5,0,6.87.0,2026-08-22 16:29:13,Appreciate the positive rating :),2026-08-22 16:45:27,6.87.0
3a7aa4cf-d766-4294-9869-f457cd76c240,Kanika Singh,https://play-lh.googleusercontent.com/a/ACg8ocJdwyz3BpYirWbIjZB4KKhzaKdS-fbtMnWPsPD5_jKh0od2qQ=mo,good 👍🏻,5,0,6.87.0,2026-08-22 16:21:41,Thanks for the 5 star rating :),2026-08-22 16:44:25,6.87.0
00fc88f7-3bad-4a08-b5f4-4e9628f708d4,vivek gupta,https://play-lh.googleusercontent.com/a-/ALV-UjUkbus_6zTFp7QqIPv0l0TQOQmJ-JkwSOhn6IoVbETgtVw21eY,very good,5,0,6.87.0,2026-08-22 16:16:50,Thank you for your kind words :),2026-08-22 16:43:51,6.87.0
cfbb21f0-1ad0-4ded-a19c-a7b06291e968,radha dhina,https://play-lh.googleusercontent.com/a-/ALV-UjUNmgMGE5Xw_BLQMh9_e8XE9CjsPkA4wuir-fEuBXnIis7yF3nw,good,5,0,6.87.0,2026-08-22 16:16:36,Appreciate the positive rating :),2026-08-22 16:43:25,6.87.0
0456b2fc-f9c3-43f2-8737-603a61b1ff03,Modi Harsh,https://play-lh.googleusercontent.com/a/ACg8ocLWuiAaVMs85L_xnB7Y0L4W4PSM2eJOlmazYUOpsVgY0NBfQQ=mo,okay,5,0,6.87.0,2026-08-22 16:07:07,Appreciate the positive rating :),2026-08-22 16:41:47,6.87.0
602493b1-43f8-42b3-b55d-6d496f6d394e,Lopl shashikant,https://play-lh.googleusercontent.com/a/ACg8ocJaBFkeNSi_9BQxymWCyuBVJEJtWjL8rkqH1JqOKz9ikCks7w=mo,i m uninstalled app becouse of too much unnecessary call received by porter,3,0,,2026-08-22 15:35:30,Sorry for the hassle. Please reach to us on help@porter.in for any help needed.,2026-08-22 15:43:07,
6ec261f3-e56c-4007-b0fa-5c6c5611ca3f,Mohit kumar,https://play-lh.googleusercontent.com/a-/ALV-UjXDKTzzITi9MMwFkURbg39xnBHS89q93dtQpNB5ryaUKnel1UKy,thanks you porter,5,0,6.87.0,2026-08-22 15:19:47,Thanks for the 5 star rating :),2026-08-22 15:39:23,6.87.0
93a1d14e-a1d9-441b-afb9-cdf1ebd036b7,Thippesh Bisneer,https://play-lh.googleusercontent.com/a/ACg8ocIwE7hFRQps3o0fR43sH3XUaE4Z8qGh-8NIybyGNEQDJOBHxg=mo,Nice service my every time booking,4,0,6.87.0,2026-08-22 15:15:20,Appreciate the positive rating :),2026-08-22 15:37:35,6.87.0
0a632b62-e0f8-4fdc-96ec-404185c568a4,Mansuri Mohsin,https://play-lh.googleusercontent.com/a/ACg8ocL4d8UrkmRMIYKwoY3wAoJzYcQniirs8kS2V-dkTOkMqMXwBg=mo,very good 👍 service,5,0,6.87.0,2026-08-22 14:57:17,Thank you for your kind words :),2026-08-22 15:33:00,6.87.0
d31c0b0b-eff9-4d37-9058-44ebafe382f5,Neel Jaiswal,https://play-lh.googleusercontent.com/a/ACg8ocL9ndAkjWvSoBTQ8K3STyocuQ133Ki0KdeMgxmJHFaBwKKtiQ=mo,need better professional drivers,4,0,6.87.0,2026-08-22 14:48:01,Sorry you feel that way. Please reach out to us on help@theporter.in for any help needed.,2026-08-22 15:29:35,6.87.0
5b49150b-e6ab-47aa-8d2f-8297ea4b20f1,Rama Gade,https://play-lh.googleusercontent.com/a-/ALV-UjVgtEY3qpL6eSgD5AxAZuP4OxAkz2Qsan5TPOstBI2v3foG7-DNqg,excellent service 👍🏻👍🏻,5,0,6.87.0,2026-08-22 14:40:52,Appreciate the positive rating :),2026-08-22 15:28:11,6.87.0
33bf095b-bb59-47a6-b6f2-8cc6c11dbe97,A RR,https://play-lh.googleusercontent.com/a-/ALV-UjXADx018wYUx-uTAfZl9S2aYXp5k7-MJQdGAVpx0EkrEtfoKEs,Beat Service,5,0,6.87.0,2026-08-22 14:40:14,Thank you for your kind words :),2026-08-22 15:27:05,6.87.0
019dcc8b-e320-40ff-9dc0-f42f11fd8e5c,Then Mozhi,https://play-lh.googleusercontent.com/a/ACg8ocIB5vAzscAenedmzuP15uq3sq7Pdh17_lrOZhwpBShbPVPvhw=mo,not good,5,0,6.86.1,2026-08-22 14:33:25,Sorry to hear that. reach out to us on help@thepoter.in for any help needed.,2026-08-22 15:25:26,6.86.1
578edd3e-0616-4cc4-93f5-228d9aa04ed4,jaga jaga k,https://play-lh.googleusercontent.com/a-/ALV-UjWhlutw0tgWp8kdPpToigiXeLkZnPpeDvgo0fuDjJTQHS9gfPZY,good,5,0,6.86.1,2026-08-22 14:31:12,Thanks for the positive rating :),2026-08-22 15:26:39,6.86.1
627e60f9-6e30-426d-81ee-34eb7849eb53,samea haleem,https://play-lh.googleusercontent.com/a-/ALV-UjW5WADo7lFfDKkBidHbTkMsY6na-uhnTfUpRRHk97PXaFsZ85M,Prompt service.,5,0,6.83.0,2026-08-22 14:28:37,Thank you for your kind words :),2026-08-22 14:45:12,6.83.0
bd0fc2f8-710d-445d-a54e-6342759213c6,Reshma Reshma,https://play-lh.googleusercontent.com/a/ACg8ocLSmH5LfmWfMJ_p_At7nqcbn-R-hAWW1cod1JtaLvYQHtwIIQ=mo,good and perfect time portal go,5,0,6.87.0,2026-08-22 14:28:08,Thank you for your kind words :),2026-08-22 14:40:01,6.87.0
f5b86575-b8c4-4211-8e06-ed96ae68d4df,Ghanshyam Parmar,https://play-lh.googleusercontent.com/a/ACg8ocLu0961n79vLmF1yBdu__y13GoYdfju7soOQ5DRpe83rg18eg=mo,excellent service,5,0,6.86.1,2026-08-22 14:21:04,Thank you for your kind words :),2026-08-22 14:39:26,6.86.1
6cf91004-42d1-45d0-b211-fc4f485d2069,Jinesh Shah,https://play-lh.googleusercontent.com/a-/ALV-UjV1BPVkf1cIfsfEmhspdc9kaVMlC-nERd67eJZeRucr6QHJPSWZ,worst app. I am a receiver. there has been 1.5 hours. I have not received a parcel. Rider is rooming around. The tracking page has a phone number when you call it will say download app stupid workflow. I downloaded the app and went to support there is just an automation message option no support to talk to anyone or escalate. Such a waste of time and money... WORST SERVICE EVER,1,6,6.87.0,2026-08-22 14:18:56,Really sorry for the experience. Please share the order details on help@porter.in so that we may check this and assist you further.,2026-08-22 14:37:04,6.87.0
98e934c3-8942-4568-910d-456a4c7ab8e0,Suraj Choudhary,https://play-lh.googleusercontent.com/a/ACg8ocKT3WLR9v6nCre6mtDvBrx8A5stLI3XvTHawPuE2A76f-wTrQ=mo,very good,5,0,6.87.0,2026-08-22 14:16:24,Thanks for the positive rating :),2026-08-22 14:28:44,6.87.0
f1242b49-1b9d-4d3b-a8d6-a210e982fe2f,rakesh p,https://play-lh.googleusercontent.com/a/ACg8ocKVWaJgnPyZA8tYYTBGApYL3yL4SsI2YHq4bi0H09zqQQSmyg=mo,porter app closes abruptly while booking as well tracking,2,0,,2026-08-22 14:08:01,Sorry for the hassle. Please reach out to us on help@theporter.in so that we may check this and assist you further.,2026-08-22 14:25:31,
89a661ad-3965-4940-9531-edb5db7215ea,Nasir Tyagi,https://play-lh.googleusercontent.com/a-/ALV-UjUe87E-asOeyZq_1PGC8lLXfQT8AD5QkSVHEE2weD85-SdLno_h,"your team only support driver ,they don't listen to customer problem, beleive only partner driver,I have book a ride for parcel distance was 17 km , driver took 3 hours to complete,as he was picked multiple order at a time ,giving excuses of traffic jam , he even don't open gps location during journey, and lastly he collected payment from my coustomer and report that payment not received...and your team ban my account..what a service you guys are giving",1,0,6.85.0,2026-08-22 14:01:51,Really sorry you feel that way. Please reach out to us on help@porter.in for any help needed.,2026-08-22 14:24:18,6.85.0
93381bc6-32ee-4ef9-9a9b-6225dde3cdff,Sachin Gawhare,https://play-lh.googleusercontent.com/a-/ALV-UjVSTSBrfpmBgyeoeIk1FL16QhGugF2bO6d4FeIYeXrRHRORNZj4,good,5,0,6.86.1,2026-08-22 13:58:51,Thanks for the positive rating :),2026-08-22 14:23:44,6.86.1
675ea5cf-d41e-4a7a-b584-268040365a92,Senthilkumar Kumar,https://play-lh.googleusercontent.com/a-/ALV-UjVOx7opuSBOgLRW9LCqY9ijTi6nNtMQ9RVJE1FnFo1wRsFzXoh3,good,5,0,6.87.0,2026-08-22 13:52:10,Appreciate the positive rating :),2026-08-22 14:22:14,6.87.0
ee2885c3-7194-4d1c-8611-8c8b01108dda,peersab nadaf,https://play-lh.googleusercontent.com/a/ACg8ocLb3urs45Q0ZpC5QxQzwEfuNkUnbYUsawWA4Gz5lTUvrDqaiA=mo,I need online payment,5,0,6.87.0,2026-08-22 13:50:18,Please reach out to us on help@theporter.in for any help needed.,2026-08-22 14:20:22,6.87.0
80ca5112-7eb9-498e-ac28-39ce09d1e382,MOHD JAID,https://play-lh.googleusercontent.com/a-/ALV-UjWHGNzimset0OulkV2KGk_o7yV_IjrSqkeVZOb7CDrR4jtoKIpx,excellent service,5,0,6.87.0,2026-08-22 13:39:36,Thank you for your kind words :),2026-08-22 13:47:57,6.87.0
ca8142f8-bb75-41b7-bb00-8b8afef06647,Ivan Katusiime,https://play-lh.googleusercontent.com/a-/ALV-UjVPhztS2NZCIsP-jTGj4WsTgwRsOp3STzQPFUGC_LlVoi109Ns,number one,5,0,6.87.0,2026-08-22 13:39:36,Thanks for the 5 star rating :),2026-08-22 13:48:24,6.87.0
e1a2f7f4-257a-41d0-9e3d-02ef200bcb22,Mohit Dixit,https://play-lh.googleusercontent.com/a/ACg8ocKA6AhWSsjWWwX8LilK-2DVdJudcKN1eo3Rl-5MiQnA4IAjLA=mo,good,5,0,6.81.0,2026-08-22 13:28:14,Appreciate the positive rating :),2026-08-22 13:47:30,6.81.0
ee589257-6172-4e53-ba79-62b72d231dc3,RAHUL SAINI,https://play-lh.googleusercontent.com/a-/ALV-UjU_JQNpuybb9woLehkVbhPmpN1EBxApFYAvGztWZf0vehmkvEP3,driver ki koyi sunvayi nahi ony aapni manmani,1,0,6.87.0,2026-08-22 13:17:03,Sorry you feel that way. Please reach out to us on help@porter.in for any help needed.,2026-08-22 13:46:43,6.87.0
f52364fe-d5b9-40e3-a4cd-fb18ee9e4d04,B Balaji V Rao,https://play-lh.googleusercontent.com/a-/ALV-UjWx2w5ySIQi7qcbMFpHpXL6sAgF60GTyZpSmUOuGA4khwCmjR8Z,ok,5,0,6.86.1,2026-08-22 13:11:11,Appreciate the positive rating :),2026-08-22 09:02:24,6.86.1
ce7252e8-c9ac-40fc-b131-bbf67e8caf44,Ramesh Babu,https://play-lh.googleusercontent.com/a-/ALV-UjUWyqhEAA8L-6oBLIHluNLbKFD3ONlAU0NqZg32dEqrwylybxA,Good & promont service,5,1,6.87.0,2026-08-22 13:10:10,Thank you for your kind words :),2026-08-22 13:33:45,6.87.0
50ae523f-285c-453b-aa16-73a7363e2d78,Naveen Kumar,https://play-lh.googleusercontent.com/a-/ALV-UjVeKBzg1xhjc_0NmpYBRWZ4ZSq8Cxqyk1SxAkJuP9bV0-Gq-SQu,good,5,0,6.86.1,2026-08-22 12:44:28,Thanks for the 5 star rating :),2026-08-22 13:28:14,6.86.1
47090620-7370-4a58-a85e-6e9d218ebf09,Prabhat Rai,https://play-lh.googleusercontent.com/a/ACg8ocLEzsoFv3rFx1TVS1NlrYTcx2m5I38XvD3UxV8_rYIcA0mMhQ=mo,excellent,5,0,6.86.1,2026-08-22 12:29:04,Appreciate the positive rating :),2026-08-22 13:12:46,6.86.1
11cee955-2ef6-496b-b0ac-7f831dddeb4f,GAYATRI AGENCY,https://play-lh.googleusercontent.com/a/ACg8ocKZG6JZ-cD9vtriacdj-FU9M_aBVtp06Rah3ISKRCGnLlULZg=mo,my issue is not solve in 24hours after completing,1,1,6.86.1,2026-08-22 12:01:19,Sorry to hear that. Please elaborate your concern on help@theporter.in so that we may assist you further.,2026-08-22 12:04:21,6.86.1
52c0bebd-26c5-437b-a996-512b7be99d68,Javed Alam,https://play-lh.googleusercontent.com/a-/ALV-UjVbS4H9aX8cvhYJ9DI7jF0vDn1Ezulr30z4tRV3pMf0HL4xFL3S,good,5,0,6.87.0,2026-08-22 11:50:57,Thanks for the positive rating :),2026-08-22 12:01:02,6.87.0
1a70b35c-c611-4389-9c14-797df802c318,Yashodha Manju,https://play-lh.googleusercontent.com/a-/ALV-UjWoTgBJZkn8AG2FfXkMdKc6RrsEUfZ2mFwQsf6JOdT9dv5uVGI,super,5,1,6.85.0,2026-08-22 10:55:40,Thanks for the 5 star rating :),2026-08-22 11:18:16,6.85.0
6973df51-7a7d-4ef9-89ee-5cab13e899fb,Pavan Kumar,https://play-lh.googleusercontent.com/a/ACg8ocLmz29jiRROc9Nn3-xJ_9F-0XDD4Z2u5jEOlV5vl63K8Wdg-Q=mo,very good service,5,0,6.86.1,2026-08-22 10:49:58,Thank you for your kind words :),2026-08-22 11:00:36,6.86.1
6f3cf446-a54a-4106-a7eb-a631fa897322,Chandru Chakrapani,https://play-lh.googleusercontent.com/a/ACg8ocIrUXfe1gh3zIAwlCYuVPBYClxpnz4c123Huwu7obOy1a9JqQ=mo,quick and safe transfer,5,0,6.87.0,2026-08-22 10:15:29,Thank you for your kind words :),2026-08-22 10:39:32,6.87.0
8f0b4d8b-5f66-43e1-9716-5eba4db4f0c7,Khushi Kushwaha,https://play-lh.googleusercontent.com/a/ACg8ocJS2JsKM9hd4ipO42k2Vyhi-s6NLqwZJd4mI0xub7noahVHzw=mo,very good,5,0,,2026-08-22 09:26:50,Appreciate the positive rating :),2026-08-22 09:44:07,
5862b3a0-42f5-4980-bbe8-2a4291f4d3f4,Vikas Chitlangya,https://play-lh.googleusercontent.com/a/ACg8ocJ2vokNGvA1BY8kRe37mNlEIEa9Uk52J5DIAJZnka7gDSeYN2lJ=mo,Good solution but pathetic customer Support,1,0,6.87.0,2026-08-22 09:14:26,Sorry to hear that. Please reach out to us on help@porter.in for any help needed.,2026-08-22 09:43:42,6.87.0
37d932ca-5751-48ae-9471-9b0ab44af871,Noname,https://play-lh.googleusercontent.com/a/ACg8ocIX-LxLZrkLesskiZgg5PeNDj6WCEzS1pIzUgVYaw21AnFD2k3H=mo,thank you,5,0,6.87.0,2026-08-22 08:56:34,Appreciate the positive rating :),2026-08-22 09:41:15,6.87.0
3c168d0a-3fc3-4484-85a7-3b73ac6e19dc,Umesha Poojari,https://play-lh.googleusercontent.com/a/ACg8ocKa_ceHev6QUinRRIJU0Rh3UddD14zq0ZgWZRzqu21UIfnyeA=mo,Good,5,0,6.86.1,2026-08-22 08:37:42,Appreciate the positive rating :),2026-08-22 09:40:00,6.86.1
043016e1-8b9e-48bf-9077-19af0851a40e,Sumer Singh Khalsa,https://play-lh.googleusercontent.com/a-/ALV-UjVmzjATGZloZpeMuDSdkVc-fQji2Hzuqh04fdNU2otVsaruhV2V,good,4,0,,2026-08-22 07:26:17,Appreciate the positive rating :),2026-08-22 09:37:06,
e30409fc-fcf5-4325-a831-ad6cc65f1c58,Vivek Parmar,https://play-lh.googleusercontent.com/a-/ALV-UjWijEK4gZlyh2k9DOESb9p4Uu08l8xDVzdhThTEQlJ23-lhnbT1JQ,change the disgusting ad you guys play on YouTube,1,0,6.87.0,2026-08-22 04:04:52,Your feedback has been shared with the team for further review and consideration.,2026-08-22 09:35:39,6.87.0
3ce44f49-8314-4b0f-baf6-390cbded06f8,Kadir shaikh,https://play-lh.googleusercontent.com/a-/ALV-UjUwTpgrNijlyaiXRMPDIkbHP5MxjhXRNXc__ymfJxAN832gLPL7,awesome 💯😎,5,0,6.87.0,2026-08-22 03:57:49,Appreciate the positive rating :),2026-08-22 09:34:46,6.87.0
8b0716fc-3775-4882-91f7-10baa5e6c425,antony kalliath,https://play-lh.googleusercontent.com/a/ACg8ocLm5OFVorHglKKFtfrnbNp-TDIocRLVD8tG9WSsRqQ4P9xHjQ=mo,helpful app,5,0,6.87.0,2026-08-22 01:21:18,Thank you for your kind words :),2026-08-22 09:31:59,6.87.0
25277b2e-252e-44ac-b715-bc23ae5e7e27,swiss india,https://play-lh.googleusercontent.com/a/ACg8ocI7YR2GlXPnUIS8WzY04comb3e2_5_8XxXSrKo84otXRIUk0Q=mo,Fbulash app,5,0,6.87.0,2026-08-21 23:50:09,Appreciate the positive rating :),2026-08-22 09:19:44,6.87.0
bb0487c6-902e-4891-8d81-385519725f3f,Ajay Kumar,https://play-lh.googleusercontent.com/a/ACg8ocK1hQcR1HPGUGw0qZsdStPl6xXzmWbH1fDa3LFZNW4P3dodSw=mo,good,5,0,6.87.0,2026-08-21 23:34:08,Thanks for the 5 star rating :),2026-08-22 09:18:33,6.87.0
5248d4a6-a6c9-490f-ade7-b6d21e28f5db,Dixita Kosambiya,https://play-lh.googleusercontent.com/a/ACg8ocIBexc90PA8aOo-5sbPgh6-OW7J45W8vJCxQuh7JSM2jEMbpw=mo,sari app che,5,0,6.85.0,2026-08-21 22:11:03,Appreciate the positive rating :),2026-08-22 09:13:01,6.85.0
c4edd739-1a21-41aa-8029-0eb42c820b45,Parveen Khatri,https://play-lh.googleusercontent.com/a/ACg8ocIXwLj2BG2M75-yhwXExVjUEYihLah30vMl-LEdRIhobOehLg=mo,good,5,0,,2026-08-21 21:27:03,Thanks for the 5 star rating :),2026-08-22 09:12:01,
bb2c3608-2e60-43c2-9b74-e171b72b3334,Aishwarya Chavan,https://play-lh.googleusercontent.com/a/ACg8ocKmWn43nxyAf_zx4xqNpVXwK6wa4KaUQF8nXS57FOu7hbFNITE=mo,safe aur secure hai 🙏,5,0,6.86.1,2026-08-21 21:25:21,Delighted to know about your positive experience :),2026-08-22 09:10:30,6.86.1
e2ab3c67-cc6d-4ca1-831a-9c61a157be5a,Ajay Mishra,https://play-lh.googleusercontent.com/a/ACg8ocLUXS--EHMC21RNaEIIvvEsh5xsnLJWdn41U0LHKbZVGiSWeQ=mo,Best delivery partner 👌,5,0,6.87.0,2026-08-21 21:24:34,Thanks for the positive rating :),2026-08-22 09:09:47,6.87.0
ab7a6dba-031b-4179-8d64-788903b374d1,Gajender Kumar,https://play-lh.googleusercontent.com/a-/ALV-UjX4Ussme6twWzIUeOpnj5tCmXhIn3NKcz0UU4C1kzNQuuiv7Dpr,very good dilivery,5,0,6.85.0,2026-08-21 21:04:42,Appreciate the positive rating :),2026-08-22 09:09:18,6.85.0
bc7248bb-7e1b-4d03-9b12-f71a3f03ed53,Safia Shaikh,https://play-lh.googleusercontent.com/a/ACg8ocJ15RWlTa8lBl0vSoPBPHwM25Pw7E6B5BVv3aCpb8MsCdcd2Q=mo,Nice service. Thanks.,5,0,6.86.1,2026-08-21 21:01:26,Thank you for your kind words :),2026-08-22 08:30:32,6.86.1
c217a4aa-bebb-4349-9305-0cc6791418f5,Alok Verma,https://play-lh.googleusercontent.com/a-/ALV-UjUnvyvdiHJix3bM-0lN3VAgFONqQnKD-dMRSM2G8Lkq9n_WDzGy,"Very good app and very easy to use. Working on the app is smooth and convenient, and everything works well",5,0,,2026-08-21 20:34:11,Thank you for your kind words :),2026-08-22 09:07:02,
2e1d286d-0d30-4816-b8dd-33ae41f697ce,VIPUL DAFDA,https://play-lh.googleusercontent.com/a/ACg8ocLq2ocO0BjSmIUfeEMHlLAOgdSV88vtwPXx-i4RBdOQh1I4CQ=mo,good,5,0,6.87.0,2026-08-21 20:31:45,Appreciate the positive rating :),2026-08-22 09:06:33,6.87.0
8528199d-4b8d-48b3-a1db-e5d355d86e39,Deepak Singh Dobal,https://play-lh.googleusercontent.com/a/ACg8ocJhAwdFomKaJPL4X8FKfLbwLzoWR7pkHrRJ-QTeyu4LuEI7zw=mo,Wah wah,5,0,6.85.0,2026-08-21 20:31:43,Thanks for the 5 star rating :),2026-08-22 09:06:05,6.85.0
5a581870-e802-431a-8b26-55ba70e7e544,Mayuree Narote,https://play-lh.googleusercontent.com/a-/ALV-UjWhRSHXtPXDKu3-WvsVCYDX0e8cVRlqBCRUFq6UJ9CO97OlQfTe,good one✨️,5,0,,2026-08-21 20:23:20,Appreciate the positive rating :),2026-08-22 09:05:29,
6276b651-017b-48ee-89e0-08ac63f0bc71,Mahender Bisht,https://play-lh.googleusercontent.com/a-/ALV-UjUD-qcRDyzhz7DJqUTlZNLz_TkjOb8otzM39-fTm13B-4f867zh,बहुत बढ़िया सर्विस है। कृपया सभी लोग पोर्टर ही बुक करें।,5,0,6.87.0,2026-08-21 20:10:14,Thank you for your kind words :),2026-08-22 09:04:25,6.87.0
8a938cfb-622c-4495-b672-c1c01a4d7ac1,Naseem Pasha,https://play-lh.googleusercontent.com/a/ACg8ocIwkFyZE2QKw6_QpkOi_VZtOYBSa9HADJQMETWBvs9J-XgSTA=mo,good man,5,0,6.86.1,2026-08-21 20:02:48,Thanks for the positive rating :),2026-08-22 09:03:26,6.86.1
7fbb0c08-1ecf-4adb-80f9-3c39b9fee82a,Sameer Khan,https://play-lh.googleusercontent.com/a-/ALV-UjUX9_7XTeGUgjpdOS2RSpO4O5gnGxzFVYyNtPUpktNQea8f_BPU,good,5,0,6.86.1,2026-08-21 19:56:54,Thanks for the positive rating :),2026-08-22 09:01:54,6.86.1
b7d9dd1e-3849-44a0-baf1-93cce77addc9,ratan singh,https://play-lh.googleusercontent.com/a/ACg8ocLYv_UmUpI4IToFkmsgjIZJO_XBpKlXWGIRTlh548zrMDVgZg=mo,good,5,0,6.86.1,2026-08-21 19:47:17,Thanks for the 5 star rating :),2026-08-22 08:59:34,6.86.1
f9644f93-1824-4e37-8920-9fc6c274e291,Naseeb Mohammad,https://play-lh.googleusercontent.com/a-/ALV-UjUvURY54MYNTN-iQweQYlwIlqcTXkVfBD8CN3LvAk5u2qIRYCg,bahut acchi service,5,0,6.87.0,2026-08-21 19:43:44,Thank you for your kind words :),2026-08-22 08:59:09,6.87.0
6caf6310-b7a1-4af7-af56-4628b133259f,yasin shaikh,https://play-lh.googleusercontent.com/a-/ALV-UjWyOTQvhCiY3qMADoMg9cuH2MpiLey6X_UXFM3OePjNy3t98-1jRQ,"This is a very good service, people have benefited a lot from this.",4,0,6.87.0,2026-08-21 19:40:48,Thank you for your kind words :),2026-08-22 08:57:24,6.87.0
2314aaf7-2969-4672-aeec-59a0b582a5de,Nitin Chavan,https://play-lh.googleusercontent.com/a-/ALV-UjWm44KJ_n0nbcU5qLxEDhw-HJHcUxdfb5BHy3veOABaEBabdSk,Nice 👍🏻,5,0,6.87.0,2026-08-21 19:40:23,Thanks for the 5 star rating :),2026-08-22 08:56:56,6.87.0
551cd0c7-0adc-46a7-817c-70a0108e734a,Savitha Manjunath,https://play-lh.googleusercontent.com/a-/ALV-UjWx3hYT05OXdZjhOKyyoubxX1r81qCHtODTucvxTcGqkskO0d9taA,should be update abt vehicle booking confirmation and all,1,0,6.87.0,2026-08-21 19:36:11,We are really sorry for the hassle. Please reach out to us on help@porter.in for any help needed.,2026-08-22 08:56:35,6.87.0
4e7743c6-9d7f-4775-aaba-83ea0a5c5754,Ashwini Gengaje,https://play-lh.googleusercontent.com/a/ACg8ocLex3h0pX4jq_8SHsN4cqkZRVtLtRhJtBIeYjJErz3XZtxQB5U=mo,very good service,5,0,6.87.0,2026-08-21 19:16:24,Thank you for your kind words :),2026-08-22 08:54:40,6.87.0
d853932b-19d6-4fc1-aceb-80a6ba0e8cd2,Anil Sen,https://play-lh.googleusercontent.com/a-/ALV-UjWQ8BcJsM6IqOxY6WHOdzQNkHqAOyCdhEQd0VCnE1kKZiuzQeKWBA,गुड सर्विस,5,0,6.86.1,2026-08-21 18:59:49,Thanks for the positive rating :),2026-08-22 08:53:26,6.86.1
d60fa86d-32a5-4394-a4ee-6add64066d63,ankit dixit,https://play-lh.googleusercontent.com/a-/ALV-UjWaJwclM-k_RJMsEcm7ztjSbbdJsF6wu_t0cSnnwdx59L3wBek1,very good,5,1,6.86.1,2026-08-21 18:45:51,Appreciate the positive rating :),2026-08-22 08:49:09,6.86.1
80c4c60b-eda6-4a47-90eb-cf4c6ef05039,NurMd Ansari,https://play-lh.googleusercontent.com/a-/ALV-UjVW7ZZlaV1P3BAc1jA7LE2n6LMqYgAHfnHj5oh9nes3JFx8ggA,"Scam app and support . on first booking package got stolen by delivery driver and no support even call back , they cut on pick-up .. Don't use this app if you want to keep your package safe.",1,0,6.87.0,2026-08-21 18:37:14,Really sorry for the experience. Please share the order details on help@porter.in so that we may check this and assist you further.,2026-08-22 08:44:41,6.87.0
f04e6928-fdaf-488c-bdbd-7a0402cd5f34,bharath N.S,https://play-lh.googleusercontent.com/a/ACg8ocLffkD0OkEf41kcwCv2kkC-HqCHDYipTSkAuBtwpTJP_kYLd-U=mo,good sarvice from koteppa giranhalli superb,5,0,6.86.1,2026-08-21 18:37:05,Appreciate the positive rating :),2026-08-22 08:43:53,6.86.1
efe2e12e-b0a1-44ac-8bb2-26c39a1d1bd4,Azeetkumar Patel,https://play-lh.googleusercontent.com/a-/ALV-UjXVB97QSqX4T1Bs-WzE8bQYsQA82PEPiwCTnSu7EcKbuaT67Cem,nice 👍,5,0,6.87.0,2026-08-21 18:37:00,Thank you for your kind words :),2026-08-22 08:43:28,6.87.0
7dda9fdc-076e-4783-86dd-c2b128d2d678,Brajesh Bhaisare,https://play-lh.googleusercontent.com/a-/ALV-UjWjfKlKiNPHu5JyyxCy8cPJgJwp22V-DN0of9J3LSH0dAb_Lgda,good to deliver items,5,0,6.87.0,2026-08-21 18:36:03,Appreciate the positive rating :),2026-08-22 08:43:04,6.87.0
fdb66c57-12f8-45ab-96f7-1617a6ef23c1,Manoj Sahivani,https://play-lh.googleusercontent.com/a-/ALV-UjWXP4oCqFXGMA8aInjkyoKSwOFBTo3ycY2JJhjV4KIhHvOc3NI,Very good👍,5,0,6.86.1,2026-08-21 18:28:54,Thank you for your kind words :),2026-08-22 08:42:19,6.86.1
f5b39db3-e5ab-45c9-81f3-04193970a092,manoj singh,https://play-lh.googleusercontent.com/a-/ALV-UjX-Imt9G3C1GhrnjBFa1EAKiDegsHxp1XB1iivM_-kn5CyjNnRI,location rong,5,0,6.86.1,2026-08-21 17:44:39,Sorry for the hassle. Please reach out to us on help@porter.in for any help needed.,2026-08-22 08:36:20,6.86.1
b9308b5f-485d-4a17-89db-4fc2c14ebfbd,Amit Sa,https://play-lh.googleusercontent.com/a/ACg8ocIYKsZJ_kFjiIC90AzZjCVkrZUqOiMIs2PIbl-Oq9OMwUbdsw=mo,👍 good job,5,0,6.84.0,2026-08-21 17:14:24,Thanks for the positive rating :),2026-08-22 08:31:00,6.84.0
011e8f64-4b1c-4ec9-a861-05fdac9061f1,HARDIK DINESHBHAI SOLANKI,https://play-lh.googleusercontent.com/a-/ALV-UjVaAs23AwsfczoqZtpnlpfzr1Fl2EqmTVIhtXROJAE1MBT5mjys,zero rating jab bhi book karta hu rider change vehicle number change location thik se nahi bata raha,1,0,6.87.0,2026-08-21 17:09:48,"We're truly sorry to hear about your negative experience. Your feedback helps us improve, and we'd like to make things right. Please email us at help@theporter.in.",2026-08-22 08:29:58,6.87.0
970290eb-d7b7-4e6a-9c27-4d80c12f9ede,Naval Khandelwal,https://play-lh.googleusercontent.com/a/ACg8ocIIUL1bq_zmQLyltp2JfNzr1cLeV_WltiduXTl9_AP3b3aqoQ=mo,"Earlier, when Porter was new, it was operating nicely, and the customer support team was also nice, but as and when they are growing, their customer service team is becoming more arrogant and unresponsive. It's time to switch to Uncle delivery as their team at least responds.",1,2,6.87.0,2026-08-21 16:55:06,Really sorry you feel that way. Please reach out to us on help@porter.in for any help needed.,2026-08-22 08:29:22,6.87.0
114ed936-917f-41b1-a694-9fe6dafc68ca,Abishek U,https://play-lh.googleusercontent.com/a-/ALV-UjVOlxq_auNNZTHUnyKV7DNFkjqbogJjQJ2iAYEMz7RP_Ee4xF8,thanks you,5,0,6.85.0,2026-08-21 16:51:31,Thank you for your kind words :),2026-08-22 08:25:05,6.85.0
5a88b631-bab9-485b-94b7-dffe7c7e6e12,RJ PRASAD,https://play-lh.googleusercontent.com/a-/ALV-UjVblC1cuuYJYEYwX4CSPnApoygFdxcSsq7wxrUq09Stu4Mq8tWM,good service!,5,0,6.83.0,2026-08-21 16:47:20,Thank you for your kind words :),2026-08-22 08:24:39,6.83.0
ca6a8d74-58a7-4495-9664-32f56b9439a1,BHAUMIK PATEL,https://play-lh.googleusercontent.com/a-/ALV-UjU0WVKZkyo-WlQo-sNAAmELtHVfoER9d-Woq1x1h1cpw9X0aNU,"App Service is Good But customer representative service is very bad and replying very rudely while we told for our concern and before your reply from support team pl listen recording of your first call from madam, Also you send complain closure message without any complain closing Today One More Time I face issue while I use coin means whenever I use coin those are charge other means it's not Trusted App",1,2,6.87.0,2026-08-21 16:41:23,"Hi Bhaumik! Your feedback matters to us, and we apologize for any inconvenience you faced. Connect with us at help@theporter.in to share more details about your experience. We're committed to resolving your concerns.",2026-08-22 08:24:14,6.87.0
2ca92217-df7a-4f46-90b3-9bbc89306703,Chanchal Verma,https://play-lh.googleusercontent.com/a-/ALV-UjWPcFBkhD7zReArP0Y2b7n3jUTh1-k5PmuMk829swfOdafalbM,nice,5,0,6.87.0,2026-08-21 16:33:11,Thanks for the positive rating :),2026-08-22 08:18:50,6.87.0
41c2f6cb-8fed-4bbc-b87a-2e2e774a1c54,Mohan Hingade,https://play-lh.googleusercontent.com/a-/ALV-UjXYG5ol609bQ03s8RQp38IOeY_jJOm1XrBLg_IEPCgx6DBuqeg,Nice,5,0,6.85.0,2026-08-21 16:29:15,Thanks for the 5 star rating :),2026-08-22 08:14:08,6.85.0
1460ec3d-2346-4520-949b-90066c974418,shoukath Shariff,https://play-lh.googleusercontent.com/a-/ALV-UjVm8tBOHpNFXBO-tyGSd6iD1TevDxMUQvFRAO9j0Me5N3915eE,Good 👍,5,0,6.87.0,2026-08-21 16:25:09,We’re so glad our team could deliver a positive experience for you.,2026-08-21 20:58:59,6.87.0
ddbb31e8-4caa-4da9-9b2b-ca506b1d243f,Siddhi Saina sharma,https://play-lh.googleusercontent.com/a/ACg8ocKEF3xPs9GIhwn2naAR5hnxD_jBb9nJRABTjJRmPDgfe0VLKg=mo,"they have very bad service. Every time my order is booked the driver will call they will not pick the order and give thousands of excuses to not come and I have to keep on cancelling the ride. If this happens one or two times this can be ignored, this has been happening to me every time I book from this app. it always takes me 30 min to book one ride. even some driver riders harass me on personal message.",1,4,6.83.0,2026-08-21 16:24:23,"Apologies for the partners' behavior, Siddhi!
We request to share the specific ride order IDs at help@porter.in along with your contact number so that we could look into the matter and take corrective measures.",2026-08-21 16:31:05,6.83.0
03e75b51-195f-4201-8124-ef73f9af6e92,Rahul Badgujar,https://play-lh.googleusercontent.com/a/ACg8ocJBKlO9duX1aDL_qPNNkyCdHC44eYotMVHXkvi3CnBdnlv2u2w=mo,Nice reached on time,5,0,6.85.0,2026-08-21 15:59:53,"Hi Rahul, thanks a lot for your rating & feedback. Your appreciation means a lot to us. Hope you continue to enjoy our service.",2026-08-21 16:26:13,6.85.0
ac45f72d-3188-40e6-9ee5-c0731d389090,Velachery Angalamma,https://play-lh.googleusercontent.com/a-/ALV-UjVm81zyYAhU9HaAKkvNGZEBLB5_Io9jjHwJlLnMBwIHp78A7RU,nice,5,0,6.85.0,2026-08-21 15:49:39,"Thanks for the ratings, Velachery! This motivates us to keep serving you better with every order.",2026-08-21 16:24:53,6.85.0
f1194373-5715-4fab-be38-f29d528f453e,paresh bhatiya,https://play-lh.googleusercontent.com/a-/ALV-UjW4je11DxBemtQ-s0y3vP94Uwpr4DySTyuVRHBZ5gviwbFOIlxB-g,Good,5,0,6.87.0,2026-08-21 15:33:51,"We are so happy that you enjoyed your experience with us, Paresh. Thank you for choosing Porter! :)",2026-08-21 16:21:56,6.87.0
cdd2b1f4-76a6-4dd1-8a52-304a5823260d,Salman Shaikh,https://play-lh.googleusercontent.com/a-/ALV-UjUq4FPDevyQ7JtK5zicN1FlN4CENHaEywSCWQkDKKWpcuBqAjIM,Related to service working well. But sometimes the Porter app gets the wrong location and charges get increased. After raising the complaint the customer support team does not support and suspends the customer ID..,1,3,6.87.0,2026-08-21 15:25:51,"Hi Salman! Your feedback matters to us, and we apologize for any inconvenience you faced. Connect with us at help@porter.in to share more details about your experience. We're committed to resolving your concerns.",2026-08-21 15:50:10,6.87.0
c508c625-879a-457c-8210-7c8f99514744,bharat datta,https://play-lh.googleusercontent.com/a-/ALV-UjUXLupjagPjfST12KvlJB8Tb5xlaABZJ2INqqPsujH-GxTbWeA,whats is small mini loader it is passenger or electric loader,3,0,6.87.0,2026-08-21 15:21:50,"Hi Bharat! Our team is here to help.
We request you to please share contact details with us at help@porter.in to assist you better. Thank you.",2026-08-21 15:46:16,6.87.0
81633c3a-6c29-4a07-bdd7-54f8cbfd1531,Anand Khute,https://play-lh.googleusercontent.com/a/ACg8ocJDxVh_FbaF2_0TgsGMSLABbG2DzF1tEk1meVzkGTGcq_-_vEI=mo,that's app are very good app,5,0,6.86.1,2026-08-21 15:10:52,"Hi! Thank you for giving us a perfect score. It is a delight to see us matching up to your expectations. Hope to do more business with you, do refer us.",2026-08-21 15:39:48,6.86.1
d14d6cdc-c2d9-4516-8abb-47ee88b8db30,Shammi P,https://play-lh.googleusercontent.com/a-/ALV-UjUbJulUjIWHuhKH7by9j1zaROHU-pccQG5X415OBCSQ7W_6NCGl,fast service,5,0,6.87.0,2026-08-21 15:03:37,Hi Shammi! Your positive review is the fuel that keeps our logistics excellence engine running :),2026-08-21 15:39:06,6.87.0
13e16e3e-6744-4bf3-acd8-8051496aece6,Niilesh Suryawanshi,https://play-lh.googleusercontent.com/a/ACg8ocKw7tsEtGa_60WFiAFxBpBaEfylmrHWwC3Mw3KZFa9NssG25A=mo,ok,5,0,6.87.0,2026-08-21 15:02:46,Thank you very much for your 5-star review!!!,2026-08-21 15:32:19,6.87.0
7dbfd2f2-fd64-40a4-b89e-ff5627b9078a,Joshi NM,https://play-lh.googleusercontent.com/a-/ALV-UjVXq2Nu7WV3Q6a3YSCgi16lFRcx_eg4cLSarOdR3XIQ7fTK6atP,timely service,5,0,6.87.0,2026-08-21 15:01:52,Your satisfaction fuels our passion for providing top-notch logistics services!,2026-08-21 15:31:53,6.87.0
b3c08f9e-80be-492e-b40a-68bbdaa69f7f,hemal patel,https://play-lh.googleusercontent.com/a-/ALV-UjXAGBwWOL3Uz6Ri0t5pAw6ZVS1ThkeJBUdQnLyCocrS6WdtzJWBEA,Smooth Experience with Porter's Service. Very efficient and quick Service.,5,0,6.87.0,2026-08-21 15:00:32,Your glowing review makes it all worthwhile. Thank you for your trust and for supporting our commitment to excellence.,2026-08-21 15:31:20,6.87.0
7b528fb1-0c39-4d3d-998d-ecd7bc7b69a3,Kanani Gvk,https://play-lh.googleusercontent.com/a-/ALV-UjWSjctBT7EcLD5KK9v1T_EMIecHiuK9O6ieVwpVRCjpP05EoV1_,5 satar supara,5,0,6.86.1,2026-08-21 14:51:12,Thank you for sharing a 5-star rating with us. Your trust encourages us every day.,2026-08-21 15:30:10,6.86.1
ec0ab527-e412-40e1-8444-139dc893f85d,avinash babu,https://play-lh.googleusercontent.com/a/ACg8ocI50nl3zMSukC5KJNJmfbNrQU2e8bqIY8m-jdsu7QUV4PfOAQ=mo,user freindly Very good service i will give 5 star rating him,5,0,6.86.1,2026-08-21 14:42:43,Thank you for the 5-star review! We value your feedback and can’t wait to serve you again :),2026-08-21 15:29:44,6.86.1
0043d869-9fe0-46f6-b884-72dd6cc22567,Kiran Singh,https://play-lh.googleusercontent.com/a/ACg8ocIrWN2_AWdZWSmL0ggiNtmE9k1pXwMzhyp6Y-Ohz1_1QzY7fA=mo,worst customer care service,1,0,,2026-08-21 14:32:44,We are sorry to know that you are disappointed with our services. Please help us understand your troubles by writing to us at help@porter.in along with your registered number.,2026-08-21 15:26:42,
b3fbd391-c5bb-4d03-85a8-be240f3e3cc1,dona basak,https://play-lh.googleusercontent.com/a-/ALV-UjVpmwAsU3Hj66M1PTH4b00V9P_zMjSAl0_lecSj5RlOFDqBUIvY,good service,5,0,6.86.1,2026-08-21 14:10:58,"Appreciate the review, Dona! Your satisfaction is what drives us, and we can’t wait to serve you again!",2026-08-21 14:51:26,6.86.1
110014b1-7aea-4986-b582-06cb8b28bda0,Vijay Singh,https://play-lh.googleusercontent.com/a/ACg8ocIDt2no881p9ejXqe4SVUaVkGTXiBP6yaf3kvyw6yWPByOUGU-8=mo,Nice,5,0,6.86.1,2026-08-21 14:02:06,"Thanks for the ratings, Vijay! This motivates us to keep serving you better with every order.",2026-08-21 14:49:03,6.86.1
78919b63-f85c-45ee-9981-fa887b9a7b82,Kamlesh Marathe,https://play-lh.googleusercontent.com/a-/ALV-UjUFMAp7Bj6KisSvUxhfsDGCnF_1D3WuhbjgS1-mpDPhfWwRq7jq,high rate,4,0,6.86.1,2026-08-21 13:50:07,"Hi there! We consistently aim to offer competitive pricing while maintaining the highest service standards. Nevertheless, we highly value your feedback and have taken it into account for our ongoing evaluations.",2026-08-21 14:46:04,6.86.1
20046329-759e-4825-b2bc-f9a1e49b43d7,Keshav Raam,https://play-lh.googleusercontent.com/a-/ALV-UjWJBnfmg28XfzzAyJW9vzffY-8tRHibyW9cR2ndU6_mqkx3ZHg,Poor Customer Support.,1,0,6.86.1,2026-08-21 13:48:23,Hey Keshav! We're sorry to hear about your experience and request you to kindly elaborate your concern on help@porter.in and we'll investigate and improve.,2026-08-21 14:45:25,6.86.1
97f92755-1720-4b06-8e51-23b21bfe9cd4,Rajeevkumar Sharma,https://play-lh.googleusercontent.com/a-/ALV-UjVDHAuPrNhDFYqGrDl4C4L7xVn198e2im2LWbpLvmLD_YtGTAYtnQ,good,5,0,6.87.0,2026-08-21 13:46:47,"We are so happy that you enjoyed your experience with us, Rajeevkumar. Thank you for choosing Porter! :)",2026-08-21 14:43:24,6.87.0
9c9cdd2b-596f-4096-856b-8de50719a93b,AKASH K P,https://play-lh.googleusercontent.com/a-/ALV-UjUI3sVgHGdZ4c6s9sXv7EscXR_anYbPEZ-mF57uHXLpyuUDxAlC,good service,5,0,6.87.0,2026-08-21 13:42:37,"Appreciate the review, Akash! Your satisfaction is what drives us, and we can’t wait to serve you again!",2026-08-21 14:44:01,6.87.0
d138ee7a-a543-4eca-ae2a-cea6c296c316,Hasan A. Mapari,https://play-lh.googleusercontent.com/a/ACg8ocIsiOuftnkxEFQwjS6T8z4wsduo4bU5pH7NwOt0OOQhVASkmA=mo,excellent work done 👍,5,0,6.87.0,2026-08-21 13:38:26,"Thank you for your very kind review, Hasan! We are happy to know that you had an amazing experience with our service.",2026-08-21 14:36:24,6.87.0
c3258e7c-be2e-4026-8309-d9bce52a2f78,shradha nikam,https://play-lh.googleusercontent.com/a/ACg8ocIUdjzn0wds6bfXFXzD5pSUpP7rG9pzTqL5ZuVB7O71e2OBeA=mo,nice service,5,0,6.87.0,2026-08-21 13:16:12,"Appreciate the review, Shradha! Your satisfaction is what drives us, and we can’t wait to serve you again!",2026-08-21 14:33:54,6.87.0
0f1e9cb1-c75e-467a-bb05-74fcf0ee892b,amraiwadi 14,https://play-lh.googleusercontent.com/a/ACg8ocLx60fqn458sygWpIJX3rD4os8Ijyf_BmB_mt5spVbTJNqWDw=mo,This pesron is very kind,5,0,6.87.0,2026-08-21 13:05:11,Thanks for taking the time to share your thoughts. We are happy to know that you had a good experience with Porter! :),2026-08-21 14:31:49,6.87.0
9c4358e0-f6ad-4b01-b1a7-0a3e7c6cbfcc,Arbaz Shaikh,https://play-lh.googleusercontent.com/a-/ALV-UjXHGYD9QyzHPf7sZIKy61isKWQhvg9UA-oD4TdnDRm-i3Z-irQ,porter is best service and,5,0,6.87.0,2026-08-21 12:45:29,"Hi Arbaz, thank you for the wonderful feedback, it's our customers who help us at Porter to go the extra mile and get the best out of us. Be assured every time you ride with us, we will take this experience a notch higher.",2026-08-21 14:26:55,6.87.0
382d53b3-0a57-42c7-9b8c-67461b18106b,Mayur S,https://play-lh.googleusercontent.com/a-/ALV-UjXNKzKQQMZniHO-RhP-Fy2j-c9NqKt7dgu-mtO2BV_C5l8WWVLzMA,"thanks for being a part of our life, very affordable",5,0,6.86.1,2026-08-21 12:43:50,"While we love being on the road, comments like this make us want to pull over and celebrate! Thanks for the shout-out. We’re ready to deliver 'above and beyond' whenever you need us.",2026-08-21 14:26:09,6.86.1
fa85d06d-251b-4826-b661-05a54f78b849,Nitin Parmar,https://play-lh.googleusercontent.com/a/ACg8ocKLBosJGZLFe2UMI1c6PkmInrOHmvGmfGkqaWTKkkj0wXHIXw=mo,good,5,0,6.86.1,2026-08-21 12:42:54,"We are so happy that you enjoyed your experience with us, Nitin. Thank you for choosing Porter! :)",2026-08-21 14:25:04,6.86.1
b8a4441a-0526-4a65-ad10-edb7adc910f6,Bashir Miyya,https://play-lh.googleusercontent.com/a-/ALV-UjUca6r7Q_VQPRXiygTZ30pqUwH1Wueeq7NmEsgy6G80R8kM3TDo,bahut hi achhi service hai,5,0,6.85.0,2026-08-21 12:27:03,"Thank you, Bashir. We value the positive review and are happy to hear that you enjoyed our service.",2026-08-21 14:23:53,6.85.0
0ddea9de-fdf5-46f4-a7c8-7bb92bc96ee2,Kotte Kottes,https://play-lh.googleusercontent.com/a-/ALV-UjX0Btn5eOEBy74r51Lm4te_TNZpb6ARWKYuyp63BTnw7tXg-Ms,good,4,0,6.86.1,2026-08-21 12:16:25,Hi! Happy to hear that you find the app good :) Please let us know the reason behind this low rating at help@porter.in. We'd be happy to improve our app based on your suggestions. Thanks!,2026-08-21 14:21:57,6.86.1
12cf0743-4176-4728-b866-dd5d618bf3b4,AMIT Sah,https://play-lh.googleusercontent.com/a-/ALV-UjXIKBVR6uczpXf2f1zSZeiy_L8dh9tq79r7nC6oCy0vKapjHYA8,good service,5,0,6.86.1,2026-08-21 12:15:53,"Thank you, Amit. We value the positive review and are happy to hear that you enjoyed our service.",2026-08-21 14:21:26,6.86.1
9170d684-a1ab-4398-b935-0e414e35f9e3,umesh kumar,https://play-lh.googleusercontent.com/a-/ALV-UjUNIHoVwiQQnGP5e1dJ7x_PGRv_X83nhC_57gntTvdmHXOUBEdz,Very good,5,0,6.86.1,2026-08-21 11:57:05,Hey! It is delightful to hear such positive words and it’s always a pleasure to provide a smooth experience :),2026-08-21 14:16:11,6.86.1
5534541f-39bd-4681-95da-d9027e5c6174,Manas M,https://play-lh.googleusercontent.com/a/ACg8ocIax6aXLYsvAGQMlyopu_7zUSuTyilXHujnFx8GMrlH5vcKYg=mo,Great app instant porting facility according to the need.,5,0,6.87.0,2026-08-21 11:56:43,"Hi Manas, thanks for the appreciation! We do our best to delight you with the best service. It gives us a sense of great achievement to know that our efforts are paying off!",2026-08-21 14:15:38,6.87.0
cc7f3787-1431-45cb-aff6-a71959e8aec4,Deepak Kumar Verma,https://play-lh.googleusercontent.com/a-/ALV-UjVR_9lHTcw3_9beVT9IZJXPv4aDmuWYDIlB1MZrXEqTwBhTj3w,excellent,5,0,6.86.1,2026-08-21 11:31:04,Hi! Thank you for giving us a perfect score. It is a delight to see us matching up to your expectations.,2026-08-21 14:05:01,6.86.1
a1ffd889-a11d-4f88-907a-724d4e4798b6,Nazeeb Nazar,https://play-lh.googleusercontent.com/a/ACg8ocISUnHpW8u-d6b1T4Jzp5wbMevEymI-wAyAs59mx0pENqZqYw=mo,usefull,5,0,6.87.0,2026-08-21 11:13:14,"Hi! Thank you for giving us a perfect score. It is a delight to see us matching up to your expectations. Hope to do more business with you, do refer us.",2026-08-21 13:51:11,6.87.0
6b877c39-0e9f-4680-8eaf-a05359c3a7ca,Tejas Teju,https://play-lh.googleusercontent.com/a-/ALV-UjUWeso9v9EqFOVEdXlOYVcqKliapnYDtblOx3iQ7GnY89ms27vW,good 😊 but drop the price little bit 😊,5,0,6.86.1,2026-08-21 10:16:00,"We consistently aim to offer competitive pricing while maintaining the highest service standards. Nevertheless, we highly value your feedback and have taken it into account for our ongoing evaluations.",2026-08-21 13:46:52,6.86.1
b8a7c098-4c43-4ec6-828a-1225307d6f80,Kaif Ansari,https://play-lh.googleusercontent.com/a/ACg8ocKMrbow_lisZsaiuoqMIUPXt6F7A69GTNdOfVetzuXDYjLQIA=mo,good service,5,0,6.85.0,2026-08-21 10:09:19,"Appreciate the review, Kaif! Your satisfaction is what drives us, and we can’t wait to serve you again!",2026-08-21 13:44:51,6.85.0
4992c3fa-3481-40af-b5ad-c96bf2abe6d2,Ashutosh Yadav,https://play-lh.googleusercontent.com/a-/ALV-UjXjRwJUjC00wkQ1ssxTEfvk-1io41RcLu-hZK1a3JtRQaayF7A,good app,5,0,6.86.1,2026-08-21 09:43:25,"Hi! Thank you for giving us a perfect score. It is a delight to see us matching up to your expectations. Hope to do more business with you, do refer us.",2026-08-21 13:35:59,6.86.1
30940946-24a1-46fb-bc10-9e636c0078a9,Priyadharshini K,https://play-lh.googleusercontent.com/a-/ALV-UjUJGXAHl-2nmAbICZaf3yyel7Fqy_G1bm_i6t-tCIzBQ95es--e,good response,5,0,6.86.1,2026-08-21 09:37:51,"Hi Priyadharshini, thanks a lot for your rating & feedback. Your appreciation means a lot to us. Hope you continue to enjoy our service.",2026-08-21 13:35:27,6.86.1
38acdefb-9004-46a5-9d8c-a3d4c27afe45,Arhan Khan,https://play-lh.googleusercontent.com/a/ACg8ocKE4sgM4hAT8I7Q2FR-tB-yIHOJ3gffMLtdtR4ICzDxkJOhhg=mo,👍,5,0,6.84.0,2026-08-21 08:40:13,Hi! Thank you for giving us a perfect score. It is a delight to see us matching up to your expectations.,2026-08-21 13:24:52,6.84.0
99af452e-9582-49e4-be68-636a78e62a1e,Pallavi Sakhare,https://play-lh.googleusercontent.com/a-/ALV-UjVusV5o54S7H4btgI46QkXZKDfRSSRPS6MJd5tE4XYkZhkWS_L8AA,verry helpful aap for the any emergency...I like it,5,0,6.87.0,2026-08-21 08:18:24,"Thank you for the wonderful review, Pallavi! It’s reviews like this that keep us pushing forward to become better at what we do! :)",2026-08-21 13:24:21,6.87.0
a041b04c-56cb-4ae7-852a-36d059b35740,Hari Krishna BV,https://play-lh.googleusercontent.com/a-/ALV-UjXQRJxmEjVhqNDxcglvie03aa8o18l7d3XHAnq50fCLFCvo9J4,late order pick up,4,0,6.87.0,2026-08-21 06:52:24,"We're truly sorry to hear about your negative experience. Your feedback helps us improve, and we'd like to make things right. Please email us at help@porter.in.",2026-08-21 13:23:20,6.87.0
f7626ed1-c55e-49f4-bcb4-6aa804070810,Amreen Fatima,https://play-lh.googleusercontent.com/a/ACg8ocJSyEoIW1ZCpTBXkTZH_PYJDYEiedD3g43oNx3cyGuPHaRLMg=mo,Thank you so much 👍 for your loyalty and punctuality I am very grateful,5,0,6.87.0,2026-08-21 06:38:21,"Hi Amreen! Thank you for the wonderful review and for taking the time to share your feedback with Porter. Our priority is customer service, and we are ecstatic that we met that mark! :)",2026-08-21 13:22:43,6.87.0
96720bde-9811-4f48-93ad-467cf814784d,AJAY YADAV,https://play-lh.googleusercontent.com/a-/ALV-UjX3ad7behJW_CPTVYjHJGIun6WroKX6iaf3DNxW56kWXhkYG7HR,"Your case 76407330 has been closed. If you are not satisfied with the resolution or for further queries, reach us via the support chat on your app. Thank You - Team Porter without resolution ticket id is closed. person is calling at 12 pm & disconnect the wall & ticket are closed. im disappointed from this service. please don't use porter use alternate app",1,0,6.86.1,2026-08-21 00:04:33,"We regret your disappointment, Ajay.
Your concern has been escalated to our team, and they will get in touch with you after thoroughly reviewing the matter. We truly appreciate your patience in the meantime.",2026-08-21 13:08:06,6.86.1
68aeaa54-cddb-402a-b8b2-b684a32cbfb5,Khaja moinuddin,https://play-lh.googleusercontent.com/a/ACg8ocLBkNa6BCr24Nj0qR4D70WKUVW8XTHkyjtUXzU3cw4wZypPIw=mo,good,5,0,6.85.0,2026-08-20 23:03:12,Hi! Thank you for giving us a perfect score. It is a delight to see us matching up to your expectations.,2026-08-21 12:24:58,6.85.0
db412ad7-d24f-4f72-9509-c374ec744a9f,Sowmya R,https://play-lh.googleusercontent.com/a/ACg8ocKsOmjwFDCWLBLDnSaIEHK-1-MMlxi1Lsv4wF3eL3n-smZPnywg=mo,good,5,0,6.86.1,2026-08-20 22:59:06,"Thank you for the lovely feedback, Sowmya :) We are glad we were able to meet your expectations!",2026-08-21 12:22:51,6.86.1
d92126ce-fea0-4c82-ac80-67da2721fe3c,Abdul Kalam Azad Laskar,https://play-lh.googleusercontent.com/a-/ALV-UjWKGXNdP-SqTzGVcYA8Q4fuYgCOvKEKqMJXUfDmn42c0UHNvzgm,Beautiful,5,0,6.86.1,2026-08-20 22:54:33,Hi! Thank you for giving us a perfect score. It is a delight to see us matching up to your expectations.,2026-08-21 12:22:19,6.86.1
8ddf3cfa-59db-4212-84c2-9b2e75945780,G.Hariprasath Hariprasath.G,https://play-lh.googleusercontent.com/a-/ALV-UjWUw3DKP7K4xbr33HZ5GMsnlwkpYIly_zYWuiG-cPB1XpmtXna8,good service,5,0,6.86.1,2026-08-20 22:54:31,"Appreciate the review, Hariprasath! Your satisfaction is what drives us, and we can’t wait to serve you again!",2026-08-21 12:20:31,6.86.1
81219762-b87a-4393-8644-845c3d0689e0,Vicky Krish,https://play-lh.googleusercontent.com/a-/ALV-UjWjo_Plyg_tR8-tVq78lgj2VG1Obw3b9JQz_rqveyOn8ItXTAqM,good response and service......,5,0,6.85.0,2026-08-20 22:40:04,"Thank you for the wonderful review, Vicky. We are happy to know that you had a good experience with Porter! :)",2026-08-21 12:06:37,6.85.0
546f2934-c27b-4e30-98ad-6e3f2c74728e,Ayaan Hashmi,https://play-lh.googleusercontent.com/a-/ALV-UjUs6JytwLAca9aVf1QKf9x0BitH1EpcFcUHV9fiX1tGDN1IBfE,wow,5,0,6.87.0,2026-08-20 22:31:04,It's customers like you who make our job truly enjoyable – thank you for the 5 stars!,2026-08-21 12:04:17,6.87.0
9e6edfd0-4ac0-4efe-b0d5-73647b09ef55,Mukesh Kumar Gautam,https://play-lh.googleusercontent.com/a/ACg8ocIqiOIfp8ZlehSjQlgyCfk4QfMFKMV8kyluEptn1dW5qzCnsw=mo,nice and timely reached,5,0,6.86.1,2026-08-20 22:20:24,"Your trust in Porter means a lot, and we’re glad we could deliver on it.",2026-08-21 11:56:07,6.86.1
a5d21b3c-2020-4b93-899c-102714bc84cd,mohd jamshaid,https://play-lh.googleusercontent.com/a-/ALV-UjUMe91dWjW8qXnBSGtBJBGmWldzL8qzU5uzuQm1sM9C4YspDO3Q,online payment,5,0,6.81.0,2026-08-20 22:14:25,A perfect score is what motivates us to keep delivering our best.,2026-08-21 11:54:51,6.81.0
7eed923a-cc06-4a02-9bec-47a491e2f495,kani fancy,https://play-lh.googleusercontent.com/a-/ALV-UjUJ_wNjXdg8tOWuVxLkLgtdDdU9DBVTy9FfAMP-0BPuEBzxIT_J,quickly response,5,0,6.84.0,2026-08-20 22:09:41,We're on cloud nine knowing our logistics solutions met your expectations – thank you!,2026-08-21 11:53:33,6.84.0
60ae947e-f3cd-4462-82f2-2f26c54b094c,Ashfak Alam,https://play-lh.googleusercontent.com/a-/ALV-UjW9qEmpyDhgG0fOZs-Qu6DHc5vNJRbzeQQKvdOQ_58EnrramAY,good,5,1,6.87.0,2026-08-20 21:42:56,Your satisfaction fuels our passion for providing top-notch logistics services!,2026-08-21 11:52:14,6.87.0
5e7b97b0-dfa1-4c28-ab5b-14d0f69572e2,Arvind Kashyap,https://play-lh.googleusercontent.com/a-/ALV-UjURcSSJMLa7XygdJVEPQEM07cZnI8XdN93pjlbtIhdNNy_r0Rc,very good,5,0,6.86.1,2026-08-20 21:18:41,Hey! It is delightful to hear such positive words and it’s always a pleasure to provide a smooth experience :),2026-08-21 11:50:04,6.86.1
3ddfa2c0-061f-4671-adf6-19718bc77803,Kuberan MGV,https://play-lh.googleusercontent.com/a-/ALV-UjV3OuibTBU5GsKeFGtKA2qar-ONETjxEn0a5UDecn4P1B7caUUg,excellent,5,0,6.86.1,2026-08-20 21:08:21,"Hello, we're happy we met your expectations :) Thank you for your positive feedback.",2026-08-21 11:48:38,6.86.1
b3cfaf26-675d-4fa6-b7c1-b09e52c967c3,Sanchit Goyal,https://play-lh.googleusercontent.com/a/ACg8ocJ3S5GHyl9vB3NQlmq1HB406djMx_Rt2QFfiQr8Ele0wCL-Sg=mo,Excellent,5,0,6.83.0,2026-08-20 20:57:16,Hi! Thank you for giving us a perfect score. It is a delight to see us matching up to your expectations.,2026-08-21 11:46:44,6.83.0
b37ae14c-4156-47a2-a961-51b8ea27987a,Sanika Naravane,https://play-lh.googleusercontent.com/a/ACg8ocK5fibBp9xVFatOeFHPaDUFIiKEsAZ9jqI74DdbrglsSg3buw=mo,Good and Fast Job. Speedy Dispatch and Reply Thank you for the nice service.,5,0,6.86.1,2026-08-20 20:48:03,You're making us blush! We appreciate any opportunity to hear from our customers and do our best every day to ensure that our customers' needs are met and heard. Thank you! :),2026-08-21 11:46:13,6.86.1
cc2807d1-a0ea-4b8f-ab39-c8935cb8ade0,Mr SP Boy,https://play-lh.googleusercontent.com/a-/ALV-UjXhVVPcwlE1XMsOzhTXkTC_lEB9GYNzQr6SyZjrihPWWE9WFExm,good,4,0,6.86.1,2026-08-20 20:35:55,Hi! Happy to hear that you find the app good :) Please let us know the reason behind this low rating at help@porter.in. We'd be happy to improve our app based on your suggestions. Thanks!,2026-08-21 11:44:07,6.86.1
c48f9bd5-0989-41e1-b39a-2c767146bf93,Sujith Sujith,https://play-lh.googleusercontent.com/a-/ALV-UjUIcD5RIqtBfmiuUkETV3q_nZrtBhscu_YB00Sz3Y9ebwfQilk5,good 👍,5,0,6.86.1,2026-08-20 20:17:51,Hi! Thank you for giving us a perfect score. It is a delight to see us matching up to your expectations.,2026-08-21 11:37:25,6.86.1
1b1daf95-2018-4bbd-b98d-0decb38d66e2,gohel hiren,https://play-lh.googleusercontent.com/a/ACg8ocLjfD86X-PqA8JzkznKT9jqJTqBFHWQeiBUpFUmyLY3302BZA=mo,good,5,0,6.86.1,2026-08-20 20:10:43,"We are so happy that you enjoyed your experience with us, Hiren. Thank you for choosing Porter! :)",2026-08-21 11:36:19,6.86.1
d42e14f4-4eec-4c57-a1d8-f3b86a17192f,Anil Gupta,https://play-lh.googleusercontent.com/a-/ALV-UjUYFPl8t_mght3IlzTnVD8HGmmWKsow9hwvRlTYWX9bqd0YuZ-c,not good,5,0,6.85.0,2026-08-20 20:08:19,"Hi Anil! Your feedback matters to us, and we apologize for any inconvenience you faced. Connect with us at help@porter.in to share more details about your experience. We're committed to resolving your concerns.",2026-08-21 11:35:36,6.85.0
9241e8a8-db0b-4933-8cdf-ad606fe2aca7,Sriveni Siri,https://play-lh.googleusercontent.com/a/ACg8ocIF70O6Ot64Xxu08Xqf8BZOTO-QrLWcyqiMGnZZnpFMUg34_A=mo,good,5,0,6.86.1,2026-08-20 20:02:22,"We are so happy that you enjoyed your experience with us, Sriveni. Thank you for choosing Porter! :)",2026-08-21 11:22:43,6.86.1
1e0d5d64-5f04-4115-b9eb-a844e6ca220d,ßťąûřť Ąńśåřî,https://play-lh.googleusercontent.com/a-/ALV-UjWYBAAPtNPb_T-yVzsffrpqJQtKIJf87ThBLLDvfkxWxnRav-lfIQ,Nice 👍,5,0,,2026-08-20 19:46:05,Your satisfaction fuels our passion for providing top-notch logistics services!,2026-08-21 11:04:05,
a7cff04d-b17c-44e1-b902-ac2f7985b2d7,Deepak Kumar,https://play-lh.googleusercontent.com/a-/ALV-UjWvy4NNJMzMP11w_GK1exDmv_V00FJxp3njBEdtaL6HnvanDvQh,good,5,0,6.86.1,2026-08-20 19:28:44,Your satisfaction fuels our passion for providing top-notch logistics services!,2026-08-21 10:58:21,6.86.1
516c3374-be02-47cd-84db-297011470a0d,Satish Kumar,https://play-lh.googleusercontent.com/a/ACg8ocKMYyF2zJOQo21CT4PnFyo1G2XGm0xJDs1IztwozzSSX3f8TQ=mo,good,5,0,6.86.1,2026-08-20 19:27:51,"Your trust in Porter means a lot, and we’re glad we could deliver on it.",2026-08-21 10:57:55,6.86.1
945e503a-9763-4ad3-8163-0032e8f22069,Himanshu Chaudhary,https://play-lh.googleusercontent.com/a-/ALV-UjUq4IuBHOTgW4ChWUbVgFM9BYLqY9d18q4ghKx882XfbSY8k1O3,good,5,0,6.86.1,2026-08-20 19:21:06,"Thank you so much for your encouraging star ratings, Himanshu!",2026-08-21 10:57:31,6.86.1
1ec97741-d63c-438a-b995-2b60129df410,Mr Shaan (Azmi),https://play-lh.googleusercontent.com/a-/ALV-UjUKEDzyXH71UlMEPuaVbgs8FO4bVu_YAfoRJtPJVLJ-_dsYOwjV,good working,3,0,6.86.1,2026-08-20 19:17:15,"Hi, thank you for the positive review. We request you to let us know more about your experience by writing an email to help@porter.in so that we can make our service worth 5 stars.",2026-08-21 10:57:01,6.86.1
f6247e95-e5a0-4715-b846-5c889f37dad0,VIRAL DAMOR,https://play-lh.googleusercontent.com/a-/ALV-UjUPaO6RBSh3m3hWIpRuWnJf_lhB1EGE6-lefLHGmJPWpmJr3hi0,good 👍,5,0,6.87.0,2026-08-20 19:02:45,A perfect score is what motivates us to keep delivering our best.,2026-08-21 10:55:12,6.87.0
e9ec3318-eb0e-47e8-a711-ba99f7b3368f,Anil Bais,https://play-lh.googleusercontent.com/a/ACg8ocITVy8eh9CbGb6alQ3UofYtA41huwA8ZsazM_lFrlLgPZlmfQ=mo,prompt & Safe service,5,0,6.87.0,2026-08-20 18:58:45,"Thank you for your very kind review, Anil! We are happy to know that you had an amazing experience with our service.",2026-08-21 10:54:35,6.87.0
bd245659-82bf-4ba1-94a1-a294e2ead4d6,Vijendra Prasad,https://play-lh.googleusercontent.com/a/ACg8ocIbf3ZukMGW1xzwYbWXtjqP5dp2C6yUfxHdLTpN_pk8sfJUTA=mo,Good,5,0,,2026-08-20 18:45:26,"We are so happy that you enjoyed your experience with us, Vijendra. Thank you for choosing Porter! :)",2026-08-21 10:53:52,
d38a1a77-d99b-4c44-b35b-f5faa3c88576,Omprkash JAT,https://play-lh.googleusercontent.com/a-/ALV-UjX1oLuxI5SkXZc0Q13qArB9vPomG2t3x4ptBKPgpyXu1q2ny1eS8A,very nice good,5,1,6.87.0,2026-08-20 18:43:34,"Thank you for the wonderful review, Omprkash! It’s reviews like this that keep us pushing forward to become better at what we do! :)",2026-08-21 10:41:59,6.87.0
c478fe36-2ff6-4a85-92ce-9ba831d76750,Meena Agrawal,https://play-lh.googleusercontent.com/a-/ALV-UjV68anWyzMeUFDEUjLKfFGCHWpUoZyPDKKsJvIoHXddBZaDju4U,👍,5,0,6.86.1,2026-08-20 18:33:01,We appreciate your generous rating; it helps us grow.,2026-08-21 10:18:43,6.86.1
2e588558-3ba1-41cf-b847-2d62813ab1cd,"Narasimharaju, C K",https://play-lh.googleusercontent.com/a/ACg8ocLxHHQkiHk6AVCwRNiDOfXYCIz45fGC-Gnga91MC1_a3wzkMQ=mo,super,5,0,6.87.0,2026-08-20 18:27:00,Hi! Thank you for giving us a perfect score. It is a delight to see us matching up to your expectations.,2026-08-21 10:18:12,6.87.0
84f14e18-727a-47f6-a6c2-d71e1a12f2a6,Satyendra Yadav,https://play-lh.googleusercontent.com/a-/ALV-UjXSLbv84tfwnqfmsqLXeqdUpdPJm3OdtVQI3DAwZP3-rMFb0r61,Good 👍,5,0,6.86.1,2026-08-20 18:15:28,"We are so happy that you enjoyed your experience with us, Satyendra. Thank you for choosing Porter! :)",2026-08-21 10:17:45,6.86.1
bf29f2ea-3316-47ca-8d5c-4ab8e797befe,Mukesh Chandra,https://play-lh.googleusercontent.com/a-/ALV-UjXbtYLebOCS2iM5bCqjKKZNV73Fp5SQR2BPvVQZCyO_u0PFHx9Q,excellent 👍,5,0,6.86.1,2026-08-20 17:57:56,Hi! Thank you for giving us a perfect score. It is a delight to see us matching up to your expectations.,2026-08-21 10:14:36,6.86.1
11b698af-e9a5-427b-868c-91aff7d8c21e,Moti lal Munda,https://play-lh.googleusercontent.com/a-/ALV-UjU7RkKXamzcF1mIJy8-BorQWnwLcaVV2EmsdIAqFEp_WEQb1KTP,good,5,0,6.85.0,2026-08-20 17:44:17,"We are so happy that you enjoyed your experience with us, Motilal. Thank you for choosing Porter! :)",2026-08-21 10:09:13,6.85.0
16ed1f41-4faa-4694-ac63-01b275de6b62,Vinay Sahu,https://play-lh.googleusercontent.com/a-/ALV-UjWPTpP8lq-fdvnolIkB79twn4gUCLds8CPE5E_v1vwI0CZZK3QtlA,Worst app ever . Takes too much time to deliver,1,0,6.86.1,2026-08-20 17:15:38,"We're truly sorry to hear about your negative experience, Vinay.
Your feedback helps us improve, and we'd like to make things right. Please email us at help@porter.in.",2026-08-21 10:07:05,6.86.1
9d6889b4-8d20-4cb4-a65a-b8f75d430d64,Suraj Kurup,https://play-lh.googleusercontent.com/a-/ALV-UjUe76mT_5K4XihppSpTf0LrpYpiMcfmMl5ZKI5dPihxuN93l9A,worst app and worst customer service on earth fraud app won't refund u money whether mistake is from there end,1,0,6.86.1,2026-08-20 17:04:16,We regret your disappointment. Please share your registered number at help@porter.in so that we could understand your concern over the call and provide you with a satisfactory resolution.,2026-08-21 10:05:53,6.86.1
d8e96b01-aea4-4cea-b3aa-420c17ade50f,Dharmesh Modi,https://play-lh.googleusercontent.com/a-/ALV-UjXAPuYNF03bXYfVy0vWMj43BNuS5onSDnqb_TtRXovUIQfkSDtN,Driver not except on line payment very bad services,1,0,6.86.1,2026-08-20 17:00:27,"Apologies for the partners' behavior, Dharmesh!
We request to share the specific order IDs at help@porter.in along with your contact number so that we could look into the matter and take corrective measures.",2026-08-21 10:04:25,6.86.1
94e40087-6425-4b3d-a3f1-405ed80a9aac,Jameel Ahmed,https://play-lh.googleusercontent.com/a-/ALV-UjXm1ruiTGG179yA3yujyHqrQvPD97eFVo_Xbl_FOiDNL_eeasZWXw,nice Experience 👍,5,0,6.86.1,2026-08-20 16:54:57,"Thank you for the lovely feedback, Jameel :) We are glad we were able to meet your expectations!",2026-08-21 10:02:33,6.86.1
5ead6a4e-cca8-40ac-8df7-76f03cd35bba,ravi Ahuja,https://play-lh.googleusercontent.com/a/ACg8ocJgjIcy7lRZiRBx9UzluL17T-DHhHjjFbB1jSc5tzDzPbTg8g=mo,gud,5,0,6.86.1,2026-08-20 16:53:13,We appreciate your generous rating; it helps us grow.,2026-08-21 10:01:48,6.86.1
d9dafee5-b167-43e5-b98b-886dc9f48627,muruga dass,https://play-lh.googleusercontent.com/a-/ALV-UjWou0y4dJ2EIYel9As_8fMczrPu0g3aMZwoD_XB-J4Mh7VfK19N,super,5,0,6.86.1,2026-08-20 16:52:48,Hi! Thank you for giving us a perfect score. It is a delight to see us matching up to your expectations.,2026-08-21 10:01:14,6.86.1
fe3a69fd-e390-4b49-a60a-0aff95a38aa2,Mohd Sajid,https://play-lh.googleusercontent.com/a/ACg8ocJnmBmGHDk5ap3VqCxw3D7lBd-WF16GCen4u8xIh9m8QitxEw=mo,good job,5,0,6.86.1,2026-08-20 16:49:16,"Hi! Thank you for giving us a perfect score. It is a delight to see us matching up to your expectations. Hope to do more business with you, do refer us.",2026-08-21 10:00:49,6.86.1
47346c1d-8f66-4dc1-9f93-065f54d058fe,Summu Shaik,https://play-lh.googleusercontent.com/a/ACg8ocIfdggUYdJQ7jW7JB11HRf85J-S5JaFeiKFSOn4Ang_ZL-nsw=mo,good,5,0,6.86.1,2026-08-20 16:38:17,"We are so happy that you enjoyed your experience with us, Summu. Thank you for choosing Porter! :)",2026-08-21 09:59:27,6.86.1
a6b8bbee-af0c-48b3-8c92-1165fa344a3d,Jivan bavaskar,https://play-lh.googleusercontent.com/a/ACg8ocJ5xhYu5pTdTBm83hK71JRBODRMlJOMBlBqmqLzazZQbTAd6qo=mo,best parformns but ret is highly,5,0,6.87.0,2026-08-20 16:24:39,"Hi Jivan! We consistently aim to offer competitive pricing while maintaining the highest service standards. Nevertheless, we highly value your feedback and have taken it into account for our ongoing evaluations.",2026-08-21 09:53:40,6.87.0
348db2ab-576a-4bb8-891b-b2758b555e7d,Bhavin Bhatt,https://play-lh.googleusercontent.com/a-/ALV-UjW6wolFMineQSLYbG_eZqclnvD0-tvEZE9Ox_FocmhVHdugDauj,Good,5,0,6.87.0,2026-08-20 16:20:50,We are glad you liked our service and thank you for the phenomenal rating.,2026-08-20 20:48:19,6.87.0
9e5f4ca8-57e8-49a4-b2d2-7376676f3a6e,Mukesh Ray,https://play-lh.googleusercontent.com/a/ACg8ocLo4tc3O_P9cnvxV2srhXFxHIPkn6oRu6PWjhmWiDBWJLV06Q=mo,good jop,5,0,6.86.1,2026-08-20 16:17:07,Thank you for your generous review. Knowing we met your expectations inspires us to keep aiming higher,2026-08-20 20:34:21,6.86.1
dba099cd-9978-4acb-a80c-992d070182ad,Jitender Karakoti,https://play-lh.googleusercontent.com/a-/ALV-UjVI1qG1t9Yw1cs93JaQc1b02Ok3A6mbVJRrtdRoIpWf162Ei-g,sometime vehicle search take time alote,3,0,6.85.0,2026-08-20 16:11:51,"We sincerely regret the challenges you faced. Email us at help@porter.in to share further details, and we’ll do our best to assist you",2026-08-20 20:33:35,6.85.0
55b08eee-ba36-45d2-ae33-bd33eb216fac,nitin Kumar,https://play-lh.googleusercontent.com/a-/ALV-UjVlZi3W9i1Ju96Vwa7e4LjmMviVZib6wafsbQNcSGvHsMrtiOPC,good,5,0,6.85.0,2026-08-20 16:09:30,Your words are like a pat on the back for our team.,2026-08-20 20:32:29,6.85.0
bb1f6271-ef17-429c-959c-a5b99f217ea7,Krishna Ahirwar,https://play-lh.googleusercontent.com/a/ACg8ocJKw3DBv_-ZdN56Q_BXdXf-QxMBHCaJA9XlVr0jhE1i5nyfUw=mo,nice service,5,0,6.85.0,2026-08-20 16:06:55,Your positive feedback has made our day unforgettable.,2026-08-20 20:32:06,6.85.0
a7512ea4-473c-4e7f-bc21-0392b29399c6,sakthi3987 deva,https://play-lh.googleusercontent.com/a-/ALV-UjWcGSV4nSNUQGrHMnyQs4FYVQFxJXNmq57qWpVISTShIrWuH6ap,Super....Quick Service..,5,0,6.87.0,2026-08-20 15:39:27,Your kind feedback is a gift we’ll always treasure.,2026-08-20 20:30:23,6.87.0
38447d61-74f3-4e5d-abae-3f3aafb03fdb,Mega Robot,https://play-lh.googleusercontent.com/a-/ALV-UjWt1U16tTbhD4FlbCWbJbHbBQAE_OkQLht01pShEwUw0azu4-M,nice,5,0,6.86.1,2026-08-20 15:26:30,Your satisfaction is the best reward we could hope for.,2026-08-20 20:28:30,6.86.1
5306dd1c-4709-47a3-b917-dee0a78acf45,Rahul Kumar,https://play-lh.googleusercontent.com/a/ACg8ocJI_e7AfQAwjRa_Bjf69SxATDM2Dw2dQE1kzGqBzdCO7KaYvA=mo,very good service 😃,5,0,,2026-08-20 15:21:22,We’re delighted to know you value our efforts.,2026-08-20 20:28:07,
c79435e5-be09-411b-b70d-c9eadc296b86,narendrasingh Rajpurohit,https://play-lh.googleusercontent.com/a-/ALV-UjXQPE0ddalSqEYYuI0I3xaJRP35Na5uTqj4VOGEt19R8hGmPiIAQw,mujhe revers nahin Mil Rahe Hain,1,0,6.84.0,2026-08-20 15:19:44,We’re sorry for the trouble caused and appreciate your feedback. Kindly contact us at help@porter.in so we can address your concerns,2026-08-20 20:27:45,6.84.0
1c7449b7-50e5-427f-999a-5df59ac6247c,Ashok parmar Parmar Ashok,https://play-lh.googleusercontent.com/a-/ALV-UjXr_713T0UztvRiRTkMYNzhfcDlLtYvcvR6rq3b_5OV_bMTVDzE,ok 🆗👌 thanks,5,0,6.84.0,2026-08-20 15:13:42,Your 5-star review is incredibly encouraging. We’re delighted to know we’ve met your expectations and earned your trust,2026-08-20 20:26:13,6.84.0
3b6be202-0cf5-4fa5-9f7a-55174aa53392,S.A Kitchen,https://play-lh.googleusercontent.com/a-/ALV-UjVjLbM_5pp1I167--ZPkg3Ef7kbTkgYrDp4dk3BPIzAlcgE3J2u,super and fast service,5,0,6.86.1,2026-08-20 15:13:25,We’re so grateful for your glowing feedback. Thank you for sharing your experience and for the perfect rating,2026-08-20 20:25:50,6.86.1
4a61054b-7806-4d89-9827-0240e2c53b4d,Sutheesh K Nair,https://play-lh.googleusercontent.com/a/ACg8ocICGnVrwwTCv8Q8p2JmfVFoPgKEXRDx8uwFLjYLyxpz0enmIdcV=mo,"no customer care and no call back, what type of service is this.",1,0,6.86.1,2026-08-20 15:07:36,We apologize for the issues you encountered. Kindly provide additional details at help@porter.in so we can address your concerns directly,2026-08-20 20:24:56,6.86.1
cf208304-1f30-4338-bcb5-2c8d8a7f0bb1,Vishal Joshi,https://play-lh.googleusercontent.com/a/ACg8ocJlVS_yq30q0BSLIXBsUbqrU6NSIdckqfXdOvZj9h04Ozzq4g=mo,goog,5,0,6.86.1,2026-08-20 15:01:15,"It’s always a pleasure to serve you, and we look forward to doing so again.",2026-08-20 20:24:00,6.86.1
ea87e2d9-9aef-4b74-9674-bcd2e37e086b,Sk Nasiruddin,https://play-lh.googleusercontent.com/a-/ALV-UjVmKGa6VQHK_-Ue0_M5vbDdr_Hd7ENpo7FmKKpxbpYhjdMD1c2h,good uhv,5,0,6.84.0,2026-08-20 14:56:00,"Your glowing review made our day, and we can’t thank you enough.",2026-08-20 20:23:37,6.84.0
3fe0a38a-4bfd-40f3-82c5-9ba3cb89fd3a,Gulam Naby,https://play-lh.googleusercontent.com/a-/ALV-UjUf45lr8zOekfiUmls-59RziXv4GEuD4Tvrlgy35s2wQCJ2AypJvw,Best for parcel,5,0,6.86.1,2026-08-20 14:54:07,We’ll continue to work hard to provide you with the best possible service.,2026-08-20 20:23:08,6.86.1
27b7e3c0-237c-486f-80af-7bdf99f77279,Shobhit Mishra,https://play-lh.googleusercontent.com/a-/ALV-UjUhXuHG2cHpg_RqXFkKNXx8UpcXkpQi4BYbJqkeDp2xb708Znwz,Good,5,0,6.85.0,2026-08-20 14:48:51,"Your satisfaction is our ultimate goal, and your words confirm we’re on the right track.",2026-08-20 20:22:11,6.85.0
a59f8ef2-0714-4069-9f67-8f00e0638d30,Akshay Pandey,https://play-lh.googleusercontent.com/a-/ALV-UjUo6YBGtJbQVr46q9wVxD6JEbzWeeVmZ7ltc9YSgbWpNZTNVaI,very good,5,0,6.86.1,2026-08-20 14:39:39,We’ll continue to work hard to provide you with the best possible service.,2026-08-20 20:17:25,6.86.1
6416fde8-d2c6-4eba-864c-53a34423eb22,Md Aziz,https://play-lh.googleusercontent.com/a-/ALV-UjVI9v3-1BcVbzWzcKnQ-JmSJC8TbZHjspVz62hmT1kxyOKHghk,nice pic up,5,0,6.87.0,2026-08-20 14:24:34,Your positive feedback is greatly appreciated. Thank you for taking the time to share your wonderful experience with us,2026-08-20 20:15:25,6.87.0
ff706f8b-ebd7-4314-adfb-520e92a51bf7,Sadiq Shaikh,https://play-lh.googleusercontent.com/a-/ALV-UjV6vE0I-TZdzxSrcUmPNA8K-_popag-BPMOM5VPmzCFsB49fE7Dww,best app for parcel delivery,5,0,6.85.0,2026-08-20 14:19:49,Your review is a testament to the hard work our team puts in every day. Thank you for acknowledging our efforts with 5 stars,2026-08-20 20:15:03,6.85.0
de86491d-3e35-40f5-9f21-e016d1bde99b,rajnath kanojia,https://play-lh.googleusercontent.com/a-/ALV-UjU8U-LCJwiDOa29H9BH5PzKIr0VGLbTjqw_ksOB_AY2-omypVHl1g,satisfied,5,0,6.85.0,2026-08-20 14:03:10,Your feedback is a testament to the dedication of our team. Thank you for taking the time to share your positive experience,2026-08-20 20:14:46,6.85.0
ac610cc5-3c08-4640-a767-340468f90c96,Ivarar Khan,https://play-lh.googleusercontent.com/a/ACg8ocLmvtJeoPgWacBBxoh0MubjmX_bxfLTz6mW0G8V_SJxYGuYsjs=mo,good,4,0,6.84.0,2026-08-20 14:02:53,Your review is a treasure to us. Thank you for being such a wonderful customer and for your thoughtful rating,2026-08-20 20:14:08,6.84.0
ed8b4ab9-4f8a-4fd9-915d-263005d06cb2,dhaval patel,https://play-lh.googleusercontent.com/a-/ALV-UjUJfdZgHsiPzux4s_w2DTboa_rbiqbl1_FlwzzRfW7xN5kllP5L,very fast service,5,0,6.85.0,2026-08-20 14:01:31,Your positivity means the world to us. Thank you for your excellent rating and for supporting our mission to serve you better,2026-08-20 20:13:50,6.85.0
c00b342f-34f3-4e2c-9c93-c1010c9cd6c1,Santosh Gaikwad,https://play-lh.googleusercontent.com/a/ACg8ocJSxTO9ISIm_pTUHRjM6-cdq5yfujvU75H2BcnqOApgsaMOpwA=mo,nice experience form you app,5,0,6.86.1,2026-08-20 13:49:21,Your appreciation keeps us motivated to excel every day. Thank you for the 5-star review and for your glowing feedback,2026-08-20 20:13:31,6.86.1
b8ea4131-8329-413b-be63-d575c61059e9,narayan kalekar,https://play-lh.googleusercontent.com/a-/ALV-UjUHuc-cqzo_na6aZkfhwgf3DtgcZLZNLkyiiDhQymjuS3Td79iZ,good service,5,0,6.86.1,2026-08-20 13:48:49,Your review validates our commitment to excellence. Thank you for the recognition and for your incredible feedback,2026-08-20 20:13:06,6.86.1
b7e990ff-8c55-4ceb-8451-8ed793541b11,Ramesh Subramanian,https://play-lh.googleusercontent.com/a/ACg8ocLiKHAOh_dUg0Wl93J-QSzvw8HoNncIPLTp_S_cIRUoHDAAcw=mo,The delivery partner had Good & polite behavior,5,0,6.86.1,2026-08-20 13:40:46,"Your support is the backbone of our success, and we thank you.",2026-08-20 20:12:29,6.86.1
25a61d26-587d-46fa-9d6c-8e16b67c4ab5,harshan choudhary,https://play-lh.googleusercontent.com/a-/ALV-UjXZ6nTFIH4jduP8v_5wsvjPrH-hpcPJHmNjNFvZFViqKzTDMRwL,Good,5,0,6.86.1,2026-08-20 13:06:00,Your satisfaction is our inspiration and reward.,2026-08-20 20:11:57,6.86.1
b07db832-00d1-40c1-b1b8-654b689ce3b6,Bhupender kumar,https://play-lh.googleusercontent.com/a/ACg8ocIvVSbq-cAEx5Mso876cKcZpjjmwG6vyh5_4-NGTgZ-YS-srg=mo,good driver and every language is safe thanks porter,5,0,6.86.1,2026-08-20 13:02:55,Your satisfaction is our inspiration and reward.,2026-08-20 20:08:08,6.86.1
7a3352ad-6108-48e6-8f30-3ceca804489e,Divya P,https://play-lh.googleusercontent.com/a/ACg8ocLjVUmM5-PmNdl_MLZ_sf8O7MUtEt-NV_5dkhjEYnZLW6E4RXo=mo,Actually its very good service for peoples,5,0,6.85.0,2026-08-20 12:50:11,Your satisfaction brings us immense happiness.,2026-08-20 20:04:18,6.85.0
7e25862b-9846-438d-bb4a-77c8a7246313,Ramesh Vaghela,https://play-lh.googleusercontent.com/a-/ALV-UjWdGrZzz3mAjgJp0HDu5erHnK3rggHCSVUotFnnMsa5cP1SPiKE,ડ્રાઇવરો ને પુરતો રેટ મળતો નથી પોટર કંપની દિવસેને દિવસે ભાડા ઘટાડે છે કંપનીને થોડું ઘણું ડ્રાઈવર નો વિચારવું પડે આઉટ ઓફ ટેશન ના ઓર્ડર કમ્પ્લીટ થતા નથી કારણ કે ભાડું ઓછું અને ટોલ એડ કરતી નથી એના કારણે ડ્રાઇવરો કેન્સલ કરાવે છે,1,0,6.86.1,2026-08-20 12:45:30,We deeply regret any inconvenience caused and would like to assist you. Kindly share your concerns with us at help@porter.in,2026-08-20 20:03:55,6.86.1
a657e2bc-f1ab-4b1f-b90c-487e586f264a,PANDIYARAJ P,https://play-lh.googleusercontent.com/a-/ALV-UjUCQDHq9rypCm6D8ZgTnrO7Qtpn-rC4hUM-gwoLs2cuh_qldyWuZA,ok,5,0,6.86.1,2026-08-20 12:44:04,Your support is the reason we strive to be our best.,2026-08-20 20:03:30,6.86.1
d02a94bf-9277-45ae-b9fd-a2980f455335,Dipali Katole,https://play-lh.googleusercontent.com/a/ACg8ocL_iRJPueLXA1WXHKwvwEAvJHY-l4H4ndeq0477H3yMAZOmWw=mo,very fast delivery nice! 🙂👍,5,0,6.86.1,2026-08-20 12:43:29,"Your trust means everything to us, and we’re honored to have it.",2026-08-20 20:02:53,6.86.1
fe9c7d43-1a3e-4914-903a-360ea4c7ffed,Prajwal,https://play-lh.googleusercontent.com/a/ACg8ocJJpZZusrDai8_9h5V9SrbdJhxtw6QuFTo1qfIJpFW6Ux0HUw=mo,nice App Very Helpful,5,0,6.87.0,2026-08-20 12:43:17,Your happiness is what drives us to do better every day.,2026-08-20 20:03:11,6.87.0
0439a9c6-de2f-465f-abce-02eba55acc5a,kapil jain,https://play-lh.googleusercontent.com/a-/ALV-UjVzA8Hfi81ULhEXP4g2ZPWUl-7PmWEUQLgzSP5QWm3s-BQwrQpm,god service...,5,0,6.85.0,2026-08-20 12:31:39,Your 5-star review is incredibly encouraging. We’re delighted to know we’ve met your expectations and earned your trust,2026-08-20 19:53:31,6.85.0
f5a3c236-d26c-4f5b-89c0-1b3e2e90ca7d,Dermamoon,https://play-lh.googleusercontent.com/a/ACg8ocL_9y1kVrbfzf2QG6NzNFT68uU7xICPgbjGLgxpECq0VC1fOg=mo,best,5,0,6.86.1,2026-08-20 12:23:02,Your 5-star review means the world to us. We’re so glad you had a positive experience and we look forward to serving you again,2026-08-20 19:51:11,6.86.1
bb97c724-1f13-43fb-9c29-356b44f59ed3,Glo pricelist,https://play-lh.googleusercontent.com/a/ACg8ocJJWmDv0E--oadv56XZduKiXTyjy6GcCvywmF3otrDYeihtzA=mo,Good 👍,5,0,6.86.1,2026-08-20 12:17:47,It’s customers like you who make our work so rewarding. Thank you for the 5-star rating and your kind words,2026-08-20 19:50:53,6.86.1
b829fd9c-e841-4eaa-b27e-0f1556ce63a9,B L Fashion Surat,https://play-lh.googleusercontent.com/a/ACg8ocKQrDfhwsf9aoXm31I7lbd03q-8xk-Mx6Dszsm7vw8HRwtqsw=mo,happy,5,0,6.86.1,2026-08-20 12:11:19,"Thank you for your stellar review. It’s always our goal to provide outstanding service, and we’re glad you experienced just that",2026-08-20 19:47:10,6.86.1
d321945d-4d3a-4971-b2cf-ae774b694c8d,Nashi Vajeliy,https://play-lh.googleusercontent.com/a-/ALV-UjXv9MuzIpIlHuG6IrtB39k0XDUXKYxbxdPRp2hAyg8wiLFwz_Ld,my block ID 👎🏻 no porter,1,0,6.85.0,2026-08-20 12:00:19,We deeply regret any inconvenience caused and would like to assist you. Kindly share your concerns with us at help@porter.in,2026-08-20 19:46:34,6.85.0
a356319a-f5fd-4194-8540-0df97e429514,TOOFAN SINGH,https://play-lh.googleusercontent.com/a-/ALV-UjW451LCe0pghnjY4MFm8dG8ak6sOuC_PBMNfdrx47BJkcF7ETeW,exillance work,5,0,6.87.0,2026-08-20 11:49:45,"Hi, thanks a lot for your rating & feedback. Your appreciation means a lot to us. Hope you continue to enjoy our service.",2026-08-20 13:28:38,6.87.0
bac7d95f-7aa2-47af-b477-2ffe650b29ee,SHANKER LAL,https://play-lh.googleusercontent.com/a-/ALV-UjV2dnXsbqKkpFFZ534zAFPS7_nTTFmOmtwYj-BHVaAoFuO3Hsc,sandar,4,0,6.85.0,2026-08-20 11:36:50,"Hi, thanks for the review. If you like our app, would you mind rating us 5 stars? That would be very encouraging for us.",2026-08-20 13:20:24,6.85.0
6b5ee0df-0fd0-43e9-8727-164182a2fe11,Gufran Ali,https://play-lh.googleusercontent.com/a/ACg8ocJuO-4fqVUPVZhHUei2qywi9JbtUA2pms5DYlMtFlsZ3anmRQ=mo,good,5,0,6.86.1,2026-08-20 11:24:24,"We are so happy that you enjoyed your experience with us, Gufran. Thank you for choosing Porter! :)",2026-08-20 13:17:28,6.86.1
c528b6de-7938-428d-8a8f-303009fc8f9d,Rakesh Kumar Sharma,https://play-lh.googleusercontent.com/a/ACg8ocIAdvG6Eda2Q32aWtvpJN1SOyN1C3gTkm6AauNDLl5ecwr93g=mo,Very Good service provided by driver,5,0,6.86.1,2026-08-20 11:01:22,"Hi Rakesh! Thank you for the wonderful review and for taking the time to share your feedback with Porter. Our priority is customer service, and we are ecstatic that we met that mark! :)",2026-08-20 13:08:49,6.86.1
8c12d9fa-de58-44f9-af33-08212956f1ae,Ramvijay Yadav,https://play-lh.googleusercontent.com/a/ACg8ocKGEFD0XTEOdbHWLA8Z1yJGfU48TB3P6nr-GUzQ8uzGieIjzA=mo,very good,5,0,6.84.0,2026-08-20 10:51:43,Hey! It is delightful to hear such positive words and it’s always a pleasure to provide a smooth experience :),2026-08-20 13:07:23,6.84.0
85cc59cc-6a39-45b3-9edb-a93c201240f2,Ravindra Pandit,https://play-lh.googleusercontent.com/a-/ALV-UjW4HZS2U04biqBV1cgPlq9Ox-kpdX5UTMC6MVvdrUhICPsUjJpFlg,good service 👍,5,0,6.83.0,2026-08-20 10:25:14,"Appreciate the review, Ravindra! Your satisfaction is what drives us, and we can’t wait to serve you again!",2026-08-20 12:58:59,6.83.0
f3b0de24-9138-4730-9971-597c49dadf30,RAJAN PATEL,https://play-lh.googleusercontent.com/a-/ALV-UjU49zug4xvgfV2MztZUwGe-kMKzaGTHsJOf0r1M-p6CgJC5pfgE9g,greatfull service,5,0,6.85.0,2026-08-20 09:47:22,"Thank you for your very kind review, Rajan! We are happy to know that you had an amazing experience with our service.",2026-08-20 11:50:05,6.85.0
74fe31b5-f5f1-4e13-a555-04ed9a6ae2c9,jaison kj,https://play-lh.googleusercontent.com/a-/ALV-UjUASRLT3SmHXxAm_C8SlajTIgs_La0RadEWo6p5PdUDipNGkPxoTQ,super,5,0,6.86.1,2026-08-20 09:40:28,Hi! Thank you for giving us a perfect score. It is a delight to see us matching up to your expectations.,2026-08-20 11:49:27,6.86.1
3177a24c-3cbf-491f-99d4-98e2e730bf04,Suraj,https://play-lh.googleusercontent.com/a/ACg8ocKm7FZjV5sgsGnm2qL9Slzdf5SqF9S8LJ3n8vYIq9psD7U4aA=mo,bahut bekar apps hai ye,1,0,,2026-08-20 09:01:16,"We are sorry that we didn't meet your expectations, Suraj.
Please let us know what we can do to improve. Drop us an email at help@porter.in and we will definitely try to resolve the issue.",2026-08-20 10:48:43,
c50a7205-66ce-4997-b2fe-7c91343ae9f1,Zeeshan A,https://play-lh.googleusercontent.com/a/ACg8ocL0jqBW6jft4WH3vLWWWo-3DTAcdskuJb2E0_AFiifF66UWzw=mo,I wanted to shift my scooter to service centre. the service centre did not give location properly. due to that I had to pay extra 1000 rupees for porter person. i feel it's too much. i feel looted. and Porter should have been the intermediary between me and porter person regarding additional payment. it was not a good experience. disappointed.,3,2,6.86.1,2026-08-20 08:25:32,"We regret your disappointment, Zeeshan! Please share your order details at help@porter.in so that we could look into this right away.",2026-08-20 10:45:40,6.86.1
e039ea60-d74f-4eb0-b348-4ac823a97b3f,Mehnaj alfah,https://play-lh.googleusercontent.com/a/ACg8ocIwDqu0_8IKwD_xi7Ry7MJGtf44J8qvfWg_iUu3jMcjYHDzSQ=mo,goood,5,0,6.86.1,2026-08-20 08:05:53,"We are so happy that you enjoyed your experience with us, Mehnaj. Thank you for choosing Porter! :)",2026-08-20 10:44:07,6.86.1
bdeabe36-5e63-4b00-bbf6-f9b31ccdad35,Rakesh Singh,https://play-lh.googleusercontent.com/a-/ALV-UjU6KhFbYHrzeL31fUwL7yzHWvGx9sqFOag7YBtzTKXyXz39279A,Don't Like,1,0,,2026-08-20 06:58:09,Hey there! We would like to discuss your issue and request you to kindly write to us on help@porter.in for further assistance.,2026-08-20 10:40:52,
7d7f0a04-abfd-4439-8e88-cba04a09ad85,Krishna Upadhyay,https://play-lh.googleusercontent.com/a/ACg8ocKOlVmsTHef5OhILltE_iYn8AUz1u-o2-Jfw_79-2qMt57eYZ4V=mo,good,5,0,6.86.1,2026-08-20 04:59:22,Hi! Thank you for giving us a perfect score. It is a delight to see us matching up to your expectations.,2026-08-20 10:38:58,6.86.1
5c9d0887-28c1-4298-a4b7-009bb5980d8a,Vishnu.121 Gorakanti,https://play-lh.googleusercontent.com/a-/ALV-UjVXCY5cOMCBhLEZo1AvK6VH5IqE22ijQvLulOreChbJWR9Eq64RHw,good,5,0,5.46.1,2026-08-20 00:12:43,"We are so happy that you enjoyed your experience with us, Vishnu. Thank you for choosing Porter! :)",2026-08-20 09:53:29,5.46.1
fbc189ee-e134-4661-af2f-9fcec13e8266,Vijay Sharma,https://play-lh.googleusercontent.com/a-/ALV-UjV3ltsoQ0H6d04xIxB1b01PwfRceVKdCGkcUXyjzMWwaUBVTfEB,nice,5,0,6.87.0,2026-08-19 23:41:30,"Thanks for the ratings, Vijay! This motivates us to keep serving you better with every order.",2026-08-20 09:50:58,6.87.0
d66e0e45-0cee-44f9-8607-871e7d5a0c0e,Ajay Dabhi,https://play-lh.googleusercontent.com/a-/ALV-UjXCmBwSgTXYJVUGTaQ9yIA2K2mfA1s-L1ab1lME552flBAQbNDs,very nice,5,0,6.84.0,2026-08-19 22:39:58,Hey! It is delightful to hear such positive words and it’s always a pleasure to provide a smooth experience :),2026-08-20 09:32:55,6.84.0
d15a81de-ff11-4665-b921-da15961bd1a5,Imtiyaj Ansari,https://play-lh.googleusercontent.com/a-/ALV-UjXq60pZj_ab8cjkvFfbIRSq35jtFAO8KCmBCemj6vyf-UgRlq0P,porter delivery boy is very silent and good person,5,0,6.85.0,2026-08-19 22:14:09,"Thanks for taking the time to share your thoughts, Imtiyaj. We are happy to know that you had a good experience with Porter! :)",2026-08-20 09:29:55,6.85.0
19d267f2-5856-4884-ab26-85d27d3fa7af,insimmibnkrealty,https://play-lh.googleusercontent.com/a/ACg8ocLD_k0cVsiZ5HXLbT-NjSuUCzyjhRnohcTcvUjWP27c2hThfA=mo,love it,5,0,6.86.1,2026-08-19 21:51:37,Hi! Thank you for giving us a perfect score. It is a delight to see us matching up to your expectations.,2026-08-20 09:22:09,6.86.1
0170c7ee-e072-4543-bbe9-255fb7698294,Mohd Dildar,https://play-lh.googleusercontent.com/a-/ALV-UjU6FVCG4p7PY-zzBTBlp6-BdsE387JWZNBEsNaGhlF0QFYbF444,very good service,5,0,6.86.1,2026-08-19 21:50:24,"Appreciate the review, Dildar! Your satisfaction is what drives us, and we can’t wait to serve you again!",2026-08-20 09:21:34,6.86.1
83b47179-bed2-4b6d-9d1a-c0abfe603e77,Rutvik Dobariya,https://play-lh.googleusercontent.com/a/ACg8ocKCc0ud7WDlyVSt8Br3HxyQU7EtGSPTJBH_MPODNuw711g7kg=mo,good,5,0,6.86.1,2026-08-19 21:06:25,"We are so happy that you enjoyed your experience with us, Rutvik. Thank you for choosing Porter! :)",2026-08-20 09:17:01,6.86.1
81afb78f-9c7c-4214-87ac-0459dc99c72c,Ganesh Datta,https://play-lh.googleusercontent.com/a-/ALV-UjWx8LXzZy4z4RrZiLYRy7TH2HPYo-qKO1rNBUd6f0umcEXW-aA,good job,1,0,6.85.0,2026-08-19 21:04:04,"Hi Ganesh, please let us know the reason behind this low rating at help@porter.in. We'd be happy to improve our app based on your suggestions. Thanks!",2026-08-20 09:19:22,6.85.0
943f1e09-8945-4bb5-839e-12e092aa8db4,keshavareddy T N,https://play-lh.googleusercontent.com/a-/ALV-UjURGuiSlyaGtzcA694xQIE2_pVKCFD8WxEJwM3446w0XEudolx6,Professional and good delivery partner.,5,0,6.86.1,2026-08-19 20:58:07,"Thanks for taking the time to share your thoughts, Keshava. We are happy to know that you had a good experience with Porter! :)",2026-08-20 09:05:58,6.86.1
f264ca3f-89d8-412b-9274-55c45411f1a4,RISHI GOSWAMI,https://play-lh.googleusercontent.com/a-/ALV-UjUihr1sfvtt2AbGPColUnBAFjNoWD_96jBU8uzUNzUFvSI4ttBT,ड्राइवर बहुत अच्छा था बहुत ही ज्यादा अच्छा और उन्होंने अपना काम बहुत अच्छे से किया,5,0,6.85.0,2026-08-19 20:34:26,Thank you for your kind words :),2026-08-19 20:41:48,6.85.0
b8bce2d3-33cb-419e-875e-aa67aa64b064,Mala veeresh,https://play-lh.googleusercontent.com/a-/ALV-UjXUk8n3LtOWC5d8v7QrSY7X07Yi9AdQ-Nn-Gl18hTjMdVT-jHHiWw,on Time Delivery Thanks Porter,5,0,6.84.0,2026-08-19 20:28:40,Appreciate the positive rating :),2026-08-19 20:31:00,6.84.0
596505ca-edcb-4a96-a984-50b483d16e00,MUZAMMIL Sbz,https://play-lh.googleusercontent.com/a-/ALV-UjW9CTfLWIUUnbxtYlIlAscNGla5TKz77HgxftkVOwrcOKb3AnuZ,good,5,0,6.85.0,2026-08-19 20:25:20,Thanks for the positive rating :),2026-08-19 20:31:25,6.85.0
f65faef9-9f5b-4bb8-b94a-5f1353d11dcc,NAGARAJU H S,https://play-lh.googleusercontent.com/a/ACg8ocJNwBdMHLwuft2OrAZedv5lLrpWMUFxTk22d1vI32-uQAQscnY=mo,Very Helpful,5,0,6.86.1,2026-08-19 20:22:38,Thank you for your kind words :),2026-08-19 20:29:56,6.86.1
4b319267-f1ab-43f4-85fa-10ed37781c90,Ashish Sahu,https://play-lh.googleusercontent.com/a/ACg8ocKFEZbz9-iOk2oas0Ckj_JoY8xasOovA6IxVuG-Vb8YWJOvzA=mo,best ride,5,0,6.84.0,2026-08-19 20:19:46,Thanks for the positive rating :),2026-08-19 20:29:31,6.84.0
ada39b00-ae7a-48c4-9bb6-ae04d76a7f06,Phool Singh Choudhary,https://play-lh.googleusercontent.com/a-/ALV-UjXdKzfKWyHe_Lb604nthS9hk8oYjkSbElu7vY0vspwuKfDX7LrE,"not update the apps, pls support",1,0,6.79.0,2026-08-19 20:09:54,Please reach out to us on help@porter.in for any help needed.,2026-08-19 20:25:15,6.79.0
8a91bdd6-a0d6-42d3-bbf9-52bd52fd8e3f,Sairaj Khosare,https://play-lh.googleusercontent.com/a-/ALV-UjWGRI0xW6SQ9PBXPygM7ANrIY1WgCO0b96OHNSR-nUUHom7hd4y,"Very disappointing Packers & Movers experience – 1/5 I had a very disappointing experience with Porter Packers & Movers. At the time of booking, I was informed that around 3–4 people would be available for the shifting, with at least 3 people expected. However, only 2 people arrived, and they did not have proper wrapping or protective materials for the belongings. During the shifting, my steel almirah was damaged, including damage to one of its side legs/feet. I raised a damage claim for this",1,1,6.85.0,2026-08-19 20:07:56,Really sorry for the experience. Please share the order details on packermover@theporter.in so that we may investigate this and assist you further.,2026-08-19 20:26:31,6.85.0
71a867fd-ce10-4bb2-baf4-a51439deed93,Wasim Devdiwala,https://play-lh.googleusercontent.com/a/ACg8ocKaPzObFyYr3pA8ec_ui9g-dxOF7XfrYIhK4dNwqFE6CDT3Eg=mo,👍,4,0,6.86.1,2026-08-19 19:59:10,Appreciate the positive rating :),2026-08-19 20:24:22,6.86.1
76c4f82b-6143-4a71-bdc9-050c3d28f5bf,Aashiya Ansari,https://play-lh.googleusercontent.com/a-/ALV-UjVrJgngGXRiMP_q-zzWw7l9kGGhd3PvY09nffvhdMlFdjoxG-Vr,Address miss communication At the sum time I add the full address but when a driver is allocated to as at that time only it is mentioned apartment number. So you all need to do sum thing on this,4,0,6.85.0,2026-08-19 19:59:04,Really sorry for the hassle. Your feedback has been shared with the team for further review and consideration.,2026-08-19 20:23:53,6.85.0
9ddabff0-c089-4958-a6c6-a1a298893d90,Chennu Siva Babu,https://play-lh.googleusercontent.com/a-/ALV-UjUIw-AkHJFT2J_Ib-f8RWUXmTCE3RJuptyuIbs8eKKcs5t8AfRMUg,good,5,0,6.87.0,2026-08-19 19:51:13,Thanks for the positive rating :),2026-08-19 20:15:11,6.87.0
2085c044-1048-4ace-995c-7014940cd38d,Mohd Sameer (Fitness),https://play-lh.googleusercontent.com/a-/ALV-UjVg9FvrC5fO_txZGagxhNbfzsRPdjniyy92TAUbnH6noDGqhBKC,excellent 👌,5,0,6.80.0,2026-08-19 19:43:17,Thanks for the 5 star rating :),2026-08-19 20:13:39,6.80.0
258cf5e0-69f1-49f6-9f35-8a803288d34e,omkar singh,https://play-lh.googleusercontent.com/a/ACg8ocLkAucvg8G5ttS2ztOY8GJMKBXTGMHssIKpPDlXRh-X_yLEUA=mo,very good service,5,0,6.85.0,2026-08-19 19:24:31,Thanks for the positive rating :),2026-08-19 19:26:13,6.85.0
2d89968d-3e67-4f6e-bf82-d8b637d482d9,Mamatha Mammu,https://play-lh.googleusercontent.com/a-/ALV-UjWIJ_SHwHVvCQcZEh-ggMb5hqjC_EkTLhD8KFbPeZClLTRJBw6q,Had a nice shipment experience,5,0,6.86.1,2026-08-19 19:17:33,Delighted to know about your positive experience :),2026-08-19 19:25:49,6.86.1
091ab6d7-aa4c-422b-8d2c-512f6ff0164d,PAWAN GUPTA,https://play-lh.googleusercontent.com/a-/ALV-UjXWzzBplxQb-0fSG94LWBJvqsMsPE9jExFZNasPDX55F-rdPOGl5A,best sarvice,5,0,6.86.1,2026-08-19 19:09:04,Thanks for the 5 star rating :),2026-08-19 19:24:14,6.86.1
07b7c47f-7d05-4094-a22b-de135ca62833,Narsaram Choudhry,https://play-lh.googleusercontent.com/a/ACg8ocJLnhbMSSmRUmyNjx0T1CLdOL4f6tYojzdmbbObNC3wwQm0Nw=mo,Good Sarvice,5,0,6.86.1,2026-08-19 19:06:01,Thank you for your kind words :),2026-08-19 19:25:09,6.86.1
407928f4-82d2-4249-800c-ac9e4c2c8c0a,Saurabh Vaish,https://play-lh.googleusercontent.com/a-/ALV-UjVsryh8gg5zxZwBnI1MMeZgh-GxaJzQTiuPdd-HyNYn8TKbkP81qw,very helpful aap,5,0,6.86.1,2026-08-19 18:59:26,Thank you for your kind words :),2026-08-19 19:07:02,6.86.1
136c0b58-9348-498d-aa8e-ff3ceb80973a,Ankith,https://play-lh.googleusercontent.com/a-/ALV-UjW1TEHwnO4aFViW072cQPtlt6ie6I3u-QZOuTKBCzQTfNsTYrDl,"No rider in day time, had to cancel twice n then I got 1 at evening",2,0,6.86.1,2026-08-19 18:56:58,Sorry to hear that. Please reach out to us on help@porter.in for any help needed.,2026-08-19 19:06:34,6.86.1
ce012d19-e6b4-4578-a0a4-207e64dcfa20,Nagaraj,https://play-lh.googleusercontent.com/a/ACg8ocJ59PFMQKQO1yJGoQFBmWWB1HKqJO_i3_ppSNzXgI0hGxPmONE=mo,very good,5,0,6.86.1,2026-08-19 18:48:47,Thanks for the positive rating :),2026-08-19 18:52:50,6.86.1
e66fed1a-7f84-4f0e-ba1a-3df9a764d19f,Chandru G,https://play-lh.googleusercontent.com/a-/ALV-UjWAgAW3KRFZrV_fiEEdpq6mn3JJzo36T3P8EzN30KOkO4wjxp6VOA,really quick and good service,5,0,6.86.1,2026-08-19 18:40:31,Thank you for your kind words :),2026-08-19 18:48:11,6.86.1
d9444af4-3b8f-416b-8851-660d1a094ef4,Rajratan Rahratan,https://play-lh.googleusercontent.com/a-/ALV-UjU2PR8v8i-lYPYiO3LY8xidCVbLEQtdsuunSw0XPMndXqJviDDx5A,good,5,0,6.85.0,2026-08-19 18:26:17,Thanks for the 5 star rating :),2026-08-19 18:32:12,6.85.0
63c0df9e-78fc-4c82-be51-7ab98a8172da,ashok kumar .g Kumar,https://play-lh.googleusercontent.com/a-/ALV-UjVrIYwSsHkLU9igQzPW0daiseeqzCcSbq9VobawUSgfQjpIwdkaXQ,extra ordinary person,5,0,6.86.1,2026-08-19 18:05:12,Thank you for your kind words :),2026-08-19 18:22:55,6.86.1
38b12e01-18c0-4f85-a19f-c64e7436c96e,sateesh kandula,https://play-lh.googleusercontent.com/a-/ALV-UjWEdYrZgE3PDuiFgxmRzJ638CTqgjIo-w40Po6D2vjh6FsL-zIP0A,good,5,0,6.85.0,2026-08-19 17:55:08,Thanks for the positive rating :),2026-08-19 18:03:54,6.85.0
5c9f9d66-8ded-4055-b5df-ca7413bfcf37,Sanghmitra Mukati,https://play-lh.googleusercontent.com/a-/ALV-UjX6Lwl5cJBU8ocnCx6evCrzKoJzyTIEF4rFdpjzkWe0XhK5pQYg,fast ride,5,0,6.86.1,2026-08-19 17:44:22,Thanks for the 5 star rating :),2026-08-19 17:57:40,6.86.1
4f226cb3-e18d-43d0-bbd4-8abbb5c667da,RAJESH KUMAR,https://play-lh.googleusercontent.com/a-/ALV-UjVB1JVMXYPK1UOlqWUA3f0AnWJnqbIOF5BH9Ub4lPfrUOb1NkBh,nice,5,0,6.86.1,2026-08-19 17:34:42,Thanks for the positive rating :),2026-08-19 17:42:09,6.86.1
3b5f464e-796f-4e30-855d-f4a23ed236b9,prabhu dayal,https://play-lh.googleusercontent.com/a-/ALV-UjX-POj5pU8sfOKxHQNjIt2LE2cCqhUvI2hbwP_VnqrhWDWjlto,Parcel size issue found every time but parcel weight approx 10-15kg,3,0,6.85.0,2026-08-19 17:28:14,Sorry for the hassle. Please reach out to us on help@porter.in for any help needed.,2026-08-19 17:33:53,6.85.0
9466d4ef-2aab-479d-9067-f1d33f41c145,khandala tarun,https://play-lh.googleusercontent.com/a/ACg8ocLDkpA2Ceh6jYidhjFP15vQ-eb6MzJ8YpFCqIk1GDuE-7XnVs0=mo,Good Service,5,0,6.80.0,2026-08-19 17:20:09,Appreciate the positive rating :),2026-08-19 17:32:25,6.80.0
4e313326-15a0-4310-aa56-b52f4f3e8ac6,Yash Bansal,https://play-lh.googleusercontent.com/a/ACg8ocJrUYUakaqP46S3J22hUu_lcATTu_-s9ssyaA2kHMSEWNouTA=mo,taking too much time to confirm for the booking,2,1,6.87.0,2026-08-19 17:17:49,Sorry to hear that. Please reach out to us on help@porter.in for any help needed.,2026-08-19 17:31:57,6.87.0
d021e8cd-ae3d-48ef-bd73-de9c04abe8f8,SASI MASETTY,https://play-lh.googleusercontent.com/a-/ALV-UjW8EhD3ftL54MKK53nkifRx4Q156ZE5OKwIgJQ1-0ve5R5j8sxdBA,good service/ driver kumar,5,0,6.86.1,2026-08-19 17:16:00,Thank you for your kind words :),2026-08-19 17:29:58,6.86.1
fc409850-e750-4534-be87-c3dd32effe27,Monisha G Rakshith,https://play-lh.googleusercontent.com/a/ACg8ocL57E1Hn8GpjEzBycnIuOSfjtPyqbn1qFLPbQwJ5aIgyt_KDA=mo,❤️ Good,5,0,6.86.1,2026-08-19 17:14:17,Thanks for the 5 star rating :),2026-08-19 17:25:41,6.86.1
066ec594-58d2-4abc-b958-d3bf31712cea,Neha Mhatre,https://play-lh.googleusercontent.com/a/ACg8ocJZX7CazS5653hjz1I8bC431XQTLFLDx6ZUbtY87lJz6RB_GuI=mo,Good 👍,5,0,6.86.1,2026-08-19 17:12:33,Thanks for the positive rating :),2026-08-19 17:18:33,6.86.1
c17e6c9d-f4eb-4972-a2c5-a5add380c0b4,Vishnu Sagar,https://play-lh.googleusercontent.com/a-/ALV-UjXqCy3DKCp8cFkNnZT-XSYw04fMgdP-t0jeYpH-TAQIPkzo9JPb,amazing 😍😍,5,0,6.87.0,2026-08-19 16:33:32,Thanks for the 5 star rating :),2026-08-19 16:48:25,6.87.0
a0b19457-c9da-424c-b3d0-09addde828c7,BACHHU NAGENDRA BABU,https://play-lh.googleusercontent.com/a/ACg8ocIkRIA7kj0U2a9iWgG0fBU0zioHvJZzBHRCLAmwMhTKwzbSSQ=mo,Location added is improving your app,4,0,6.86.1,2026-08-19 16:23:04,Thank you for your kind words :),2026-08-19 16:47:02,6.86.1
dc8588c4-13fb-482b-8ccb-06f0cb61c849,Aman Vishwakarma,https://play-lh.googleusercontent.com/a-/ALV-UjXJZ80L5Hzf7Hg3CAWy4FJXADASHY7JVt_e-IhjJ6B1yryEZtFb,good,2,0,6.86.1,2026-08-19 16:17:55,Can you please rate us with more stars if you like our services?,2026-08-19 16:45:39,6.86.1
6252aad2-a635-4acb-bf05-f94137864dad,Shashi Kanth,https://play-lh.googleusercontent.com/a/ACg8ocJ7hMBzaTHVWmRdp8c31Xdixs5arC9CSRAf3thtSHYMGNAFRg=mo,Good,5,0,6.87.0,2026-08-19 16:11:01,Appreciate the positive rating :),2026-08-19 16:17:37,6.87.0
3e9ecdf4-de0c-457a-b6b1-79dc2d3dfd10,Pinal Patel,https://play-lh.googleusercontent.com/a-/ALV-UjUJbdak7mkiHRfRR194SbBirrerKu9GsYUm1q7Z-2tSxnVeudE,good,5,0,6.84.0,2026-08-19 16:09:35,Thanks for the positive rating :),2026-08-19 16:17:03,6.84.0
06e1747b-cc63-448f-9a1f-bb200885f063,Smeet Patel,https://play-lh.googleusercontent.com/a/ACg8ocKarKPQ3QPmZG00D3aPCBcYyZvsuTH0tFhQzQNZQ90W8kXSsQ=mo,"I have 100's of addresses saved in the application. I need to scroll each time to search for the address I want to send the goods. Why don't you add a search button to find the required address? i suggested the same thing 6 months back, but I feel you don't find this feedback worthy.",1,0,6.86.1,2026-08-19 16:05:47,We are really sorry for the hassle. Your feedback has been shared with the team for further review and consideration.,2026-08-19 16:16:04,6.86.1
a484c481-479c-489b-9b7a-c23af7cc009b,Poonam Suri,https://play-lh.googleusercontent.com/a-/ALV-UjXN6f-NEVmkxfrCoVDg40gi0ZP4sRs96jTbK14Hjsbs5Y_wE2-j,amazing service.,5,0,6.86.1,2026-08-19 16:03:02,Thank you for your kind words :),2026-08-19 16:14:55,6.86.1
31aae9de-d541-4ff1-8f1d-92d3c43dfbdf,SA Travels,https://play-lh.googleusercontent.com/a/ACg8ocIPCchKfD1RxHuPClIx2VcGocahwV8NHYYVeb7Kqm-rLBXUIw=mo,Good 👍,5,0,6.86.1,2026-08-19 16:02:36,Thanks for the positive rating :),2026-08-19 16:04:10,6.86.1
c43c6377-297c-4828-be73-eda77145d57e,KV G,https://play-lh.googleusercontent.com/a/ACg8ocIy2KwdDYAipH-uJmQvr_PIjTHVJGKpQZdob3rVJPQ999D94rY=mo,Good delivery without pilferage of brass items. VG,5,1,6.87.0,2026-08-19 15:43:22,Appreciate the positive rating :),2026-08-19 15:53:21,6.87.0
ca3b2a42-dfb0-446e-9b35-92e6cc74607c,Sandhya Chopdekar,https://play-lh.googleusercontent.com/a-/ALV-UjUZJrj4OJ2-wdPSW1zCVix4S0yt8e-tUuJwxhzQzZor_BlvZwPh,मेरे अँप ओपन नही हो रहा है .............,5,0,6.66.2,2026-08-19 15:27:08,Sorry to hear that. Please reach out to us on help@porter.in for any help needed.,2026-08-19 15:51:01,6.66.2
fb3b8f8b-a5c1-4b16-b35c-a2965deeb5a1,Ayaan Shaikh (MD MUSTAQ),https://play-lh.googleusercontent.com/a-/ALV-UjUkeuz3ccoETb5hMyoFKYRyheFL5rOiOYx7Gq8OwXTAgj3yjIct,good service,5,0,6.86.1,2026-08-19 15:22:38,Appreciate the positive rating :),2026-08-19 15:47:14,6.86.1
ec2ace15-444d-40af-a7d3-1d5d4b0fcb12,amold Chavan1999,https://play-lh.googleusercontent.com/a-/ALV-UjXV5_v82O3HShJBrbdGf30YqNRZigndRHYhL9OpTeHujnqiHk1r,very good,5,0,6.86.1,2026-08-19 15:17:49,Thanks for the positive rating :),2026-08-19 15:46:32,6.86.1
1244fed2-921d-474c-98af-e25752987e9c,vinay kumar,https://play-lh.googleusercontent.com/a/ACg8ocJEE65-Z50f_LjW931EMQB1qHC51cJvFSOaz4_H_6vBix4QIg=mo,best service,5,0,6.85.0,2026-08-19 15:16:21,Thanks for the 5 star rating :),2026-08-19 15:44:51,6.85.0
27112392-8af6-47b2-a35f-5aefe2b94e79,Samiksha Kalekar,https://play-lh.googleusercontent.com/a-/ALV-UjUtH8qjC3363VTg_QMq7KjMxDYQ8r4YWD90aW9NXWgb5JrKWRw_qA,good service,5,0,6.86.1,2026-08-19 15:14:18,Thank you for your kind words :),2026-08-19 15:34:04,6.86.1
6550f2cc-aa4b-41ed-93f5-f9f431bcb894,Mani Kandan,https://play-lh.googleusercontent.com/a-/ALV-UjXnv6nME8kDZJ5gR4K6ht-kg1RH0vP92pJnFv0cW5KXwTkLY57I,very nice,5,0,6.80.0,2026-08-19 14:58:43,Appreciate the positive rating :),2026-08-19 15:13:22,6.80.0
4097d27c-934e-4fa2-9474-d91ab50f2150,Sandeep Yadav,https://play-lh.googleusercontent.com/a/ACg8ocLolPfv6f-VDE-BOZ_DjM9uTGeWtA4ErTJNp7O7KsRFGXi8fw=mo,good driver,5,0,6.81.0,2026-08-19 14:57:39,Thanks for the positive rating :),2026-08-19 15:08:45,6.81.0
c011bbab-4810-4d50-8fa5-347254970ac3,HEMANT SHARMA,https://play-lh.googleusercontent.com/a-/ALV-UjXarL1_PTqlq2DY1JCmJWDJWt7xiVRuPKoOS75Fg0gi1Eb_O8k,good service,5,0,6.86.1,2026-08-19 14:47:36,Thanks for the positive rating :),2026-08-19 14:52:57,6.86.1
f9aad1bd-04c5-4a8e-8c41-348df50b615c,Baba,https://play-lh.googleusercontent.com/a/ACg8ocIyKg3QNAey9UX7oIwMXFUlUh31uo2ZAcks62Evf1udlr4Kog=mo,good and smart driver,5,0,6.83.0,2026-08-19 14:34:38,Appreciate the positive rating :),2026-08-19 14:49:51,6.83.0
a686a207-af22-4c3d-a848-ac1be59a89c4,Rania Yazid,https://play-lh.googleusercontent.com/a/ACg8ocLTtzRRuDXsTVmqD0gKBImCbozogIzupHMSdZOFd8qoc8OIeA=mo,I really do like the service,5,0,6.86.1,2026-08-19 14:32:17,Thank you for your kind words :),2026-08-19 14:49:29,6.86.1
16b8f8a1-dd1d-48f6-9849-1ba1ee1897f5,Vinayak BS,https://play-lh.googleusercontent.com/a-/ALV-UjU2RKRdNKAy2R9MOS3dfUqsxTO8E9C9rbnHnZisfvWM1nvY2j21BQ,driver demanding more money,1,0,6.86.1,2026-08-19 14:31:20,We apologise for the partner's behaviour. Please share the order details on help@porter.in so that we may check this and assist you further.,2026-08-19 14:48:58,6.86.1
11762d45-56ec-4fb7-aff5-5b3ab1793c88,Ankit Mittal,https://play-lh.googleusercontent.com/a/ACg8ocJcJbK0c2Jg2fP2LpqSaNJXOEhWPCkTtRWtZ3ZS2r_k-guKag=mo,"very dependable, affordable and quality porter option. My medicines were picked up and delivered at my residence seamlessly. Thanks to Vikash and Porter team!!",5,0,6.86.1,2026-08-19 14:26:05,Delighted to know about your positive experience :),2026-08-19 14:47:48,6.86.1
c01c9402-6064-4cb0-9d2c-1fd2bafa5ffd,appy patel,https://play-lh.googleusercontent.com/a-/ALV-UjUL0mU-BkD2fjOEo6zs3UIvdqt2q1noHWcoMrGgflroliBNGJcq,good,5,0,6.84.0,2026-08-19 14:17:53,Appreciate the positive rating :),2026-08-19 14:47:22,6.84.0
970d8567-7554-44dd-83b5-71d4c74ffb43,BIREN SHAH,https://play-lh.googleusercontent.com/a-/ALV-UjXkhj8vDZ6vw0gc54lgF88gMK5t4IHnRAsfpgx_wLRF-aUL0liuIw,Super Hit Service 👍🏼,5,0,6.86.1,2026-08-19 14:11:00,Thanks for the 5 star rating :),2026-08-19 14:46:00,6.86.1
6890b7a6-d6a3-4a45-b5c7-7dd50a7bd198,Saddam Shaikh,https://play-lh.googleusercontent.com/a-/ALV-UjVl32GMxSuR5Czk94pB5hmmcxp8bnm30f-kpoAxFXVdC1sNDU4s,achcha h,5,0,6.86.1,2026-08-19 14:02:42,Thanks for the positive rating :),2026-08-19 14:44:49,6.86.1
33b059cb-bc6a-418a-8267-2c6c72f671e4,Thandava Moorthy,https://play-lh.googleusercontent.com/a-/ALV-UjVO56KSBbmmIVMxEboP_3TadetSgE2km7iA53g1jZdOo5eFRrFJ3w,Good,5,0,6.86.1,2026-08-19 13:45:44,Thanks for the 5 star rating :),2026-08-19 14:34:58,6.86.1
edc3980f-1103-4150-89e4-a1921acbc697,Saurabh Joshi,https://play-lh.googleusercontent.com/a-/ALV-UjW9r_JG9xaEYqO6oZvAqJsTz5khM45mfObfMneYMTawTL0E27MZZg,"I am extremely disappointed with my experience using Porter in Pune. What should have been a simple, same-day, point-to-point delivery turned into a stressful, multi-day ordeal filled with delays, dishonesty, and complete lack of accountability. If you value your time, money, and peace of mind, I strongly recommend looking for an alternative service. I booked Porter for a basic intracity delivery. The app made it sound fast, professional, and reliable. The reality was the opposite.",1,0,6.86.1,2026-08-19 13:30:59,We are really sorry for the experience. Please share the order details on help@porter.in so that we may check this and assist you further.,2026-08-19 14:34:06,6.86.1
a0acc3ed-a54b-4083-a07f-f68f66906180,Basavaraju Raju,https://play-lh.googleusercontent.com/a-/ALV-UjVYstjInq62IzAVJ_rr45Zhb2WRFvOvcmOpLjMQxrFxgnSg34EjZA,ಗೂಡ್ಸ್ ಗಾಡಿ ಮಾಲಕರಿಗೆ ನೀವು ಮೋಸ ಮಾಡುತ್ತಿದ್ದೀರಾ,1,0,6.87.0,2026-08-19 13:27:03,Sorry you feel that way. Please reach out to us on help@porter.in for any help needed.,2026-08-19 14:33:25,6.87.0
bf1b51d0-3882-4e64-a240-d7c850571fcc,sacdixit14,https://play-lh.googleusercontent.com/a/ACg8ocIlcs-2ug4m29LpEpUVUpBV4uJmGqvzEVlASL-CeBGqtmkhnQ=mo,very cooperative delivery person,5,0,6.86.1,2026-08-19 13:25:05,Thanks for the positive rating :),2026-08-19 14:32:41,6.86.1
6902a5b8-6a6e-4e0f-a007-c17b2d2691d9,om prakash sharma,https://play-lh.googleusercontent.com/a/ACg8ocL8Vzgk08wcVGDtzxVLrRRAGf1A-xrgg4OsQrmIe0Oyh6LqHQ=mo,good,5,0,6.86.1,2026-08-19 13:02:11,Thanks for the 5 star rating :),2026-08-19 14:31:56,6.86.1
e259fd5a-8144-4817-899f-76d9574d69b3,Fariz Makani,https://play-lh.googleusercontent.com/a-/ALV-UjWo_-1EjRgxba3yCRWrnGX68PzYfzyJgS7cdkP8rFQ1KtpYt3NTIQ,very good service by the porter delivery partner. Thanks,5,0,6.86.1,2026-08-19 12:55:20,Delighted to know about your positive experience :),2026-08-19 14:31:19,6.86.1
41c8c1db-1315-499f-aabd-6990555ed944,Chirag Bharwad,https://play-lh.googleusercontent.com/a/ACg8ocKLe069Vjzhn34wdMDvMhwHdgkhcaLi7xQUl1x3rzFPLht4rw=mo,fast service 👌,5,0,6.84.0,2026-08-19 12:53:51,Thanks for the positive rating :),2026-08-19 14:30:47,6.84.0
d67959f3-25b2-43ec-a6d5-b4ed7c7b8683,raja veerasamy,https://play-lh.googleusercontent.com/a-/ALV-UjV15oQcbpiIkkMVVtr_O7bRDDQkGsmhJ2K21NSMaHzKPy92QQfa,good service 👍,5,0,6.82.0,2026-08-19 12:50:25,Thank you for your kind words :),2026-08-19 14:30:22,6.82.0
f50b6460-f739-46fe-bfad-ad675b953530,venmani,https://play-lh.googleusercontent.com/a/ACg8ocJyw9v0KSVHgfyh0WhKXNPORQPVLPDviOw5IUiU-3wIKEMiMg=mo,"Absolutely the worst experience with Porter. The way my issue was handled was extremely disappointing and unprofessional. Mistakes can happen, but the way the team treated me was unacceptable. They did not even speak to me with basic respect or properly listen to my concern. Instead of taking responsibility and helping resolve the issue, I felt completely dismissed. Very poor service, extremely disrespectful customer handling, and zero accountability.",1,0,6.86.1,2026-08-19 12:39:38,We are really sorry for the experience you had with us. Please share the order details on help@porter.in so that we may check this and assist you further.,2026-08-19 14:27:00,6.86.1
e65c004b-4716-48c4-bad2-91eb4dff10ea,Sandeep Pathak,https://play-lh.googleusercontent.com/a-/ALV-UjW6MX4Yi13aTQBivROIAp4c9m19EJuGQmOET9KmUNP9rwYzV7TTaw,nice,5,0,6.86.1,2026-08-19 12:39:34,Thanks for the 5 star rating :),2026-08-19 14:26:07,6.86.1
3559f533-01e6-4acd-a152-4de33adf083a,Yuvraj Kumawat,https://play-lh.googleusercontent.com/a/ACg8ocJyW69-G0QUtHqmCvs2lNPAakQENdzrRalf7QrWHQXKNT-UMQ=mo,good 😊,5,0,6.86.1,2026-08-19 12:24:09,Thanks for the 5 star rating :),2026-08-19 14:25:05,6.86.1
08907ebc-b01e-4d81-9678-314c2e310b6e,Sampath Kumar,https://play-lh.googleusercontent.com/a/ACg8ocKBJQBfzptPjnMYTk5OvcOsIxLddQ7sGSGrcaqzSDVTni8qKw=mo,good 👍,5,0,6.86.1,2026-08-19 12:24:02,Appreciate the positive rating :),2026-08-19 14:24:43,6.86.1
77832ccf-cb36-418a-97c6-b9ffa9898d10,Pravin Lad,https://play-lh.googleusercontent.com/a/ACg8ocLRc4Qcb_xcxd6LgOIOYazo3njqbT6EovPB-kjsebiKJCE4DQ=mo,good,5,0,6.86.1,2026-08-19 12:15:03,Thanks for the 5 star rating :),2026-08-19 14:24:06,6.86.1
76c75cbb-ba3a-4bb4-8c2a-8dc4a1f2dee0,Sajeda Shaikh,https://play-lh.googleusercontent.com/a/ACg8ocLDtvoHDbRIrwBUoQ4qeFRNZVks8LlCXb2nLAg2S_lA2WCPrA=mo,good app,4,1,6.87.0,2026-08-19 12:01:23,Thanks for the 5 star rating :),2026-08-19 14:18:05,6.87.0
7b328d5a-2dde-4097-9384-63af278615d3,Mohammed Hameedulla,https://play-lh.googleusercontent.com/a-/ALV-UjXoGSpMV1kNKHezBTcljiAKTsAwrEqDcJbycO-NRF1oyHqDFXMENg,useless app parcel goes offenly missing and no custmer care is taking any action dont download this app,1,0,6.85.0,2026-08-19 12:01:09,Really sorry for the experience. Please share the order details on help@porter.in so that we may check this and assist you further.,2026-08-19 14:17:37,6.85.0
7ca96766-526a-49ef-b83b-a7393f17a0e8,Pankaj Salon,https://play-lh.googleusercontent.com/a/ACg8ocLyX2agAgCFTF2TYZVujjFchZT_7j3NYJcD_dRA7QEg0kZVvw=mo,very nice 👌,5,0,6.86.1,2026-08-19 11:38:52,Thank you for your kind words :),2026-08-19 14:16:56,6.86.1
228f89a4-7c56-4fc1-80d4-dc7cc8d0448d,D M Kothari,https://play-lh.googleusercontent.com/a/ACg8ocK6XDMa7H4EpZ-Yr-QeK7R_fvBdsvSH7ak730p3AH7d2XwVDg=mo,good,5,0,6.86.1,2026-08-19 11:37:38,Appreciate the positive rating :),2026-08-19 14:16:32,6.86.1
cabfd592-b4b7-42d2-ab40-1e7f95e52f31,KULDEEP YADAV,https://play-lh.googleusercontent.com/a-/ALV-UjWl2q24-1oalvhhpZMdwSqlJwJrF96sj-vNeETi9QG-WlS_9PhwZQ,good,5,0,6.86.1,2026-08-19 11:36:35,Thanks for the 5 star rating :),2026-08-19 14:16:05,6.86.1
b90dbc60-fc4f-44d3-a7db-000b17456e15,Rajan Rajendhiran,https://play-lh.googleusercontent.com/a/ACg8ocIKXSZU3SnsFSKNuqj0BXehFxycfXipkyPcQNDWIu0JGMrHiOm7=mo,good delivery,5,0,6.86.1,2026-08-19 11:27:33,Thank you for your kind words :),2026-08-19 14:15:38,6.86.1
3aa6a886-b8f1-4473-bacd-3d43b156ad72,harsh patel,https://play-lh.googleusercontent.com/a-/ALV-UjXuy0FY-Vv4vqfVj8F6uM7kj907Ztwl91b93PkCVPuUGgIJpXjq-w,good 👍,5,0,6.86.1,2026-08-19 11:14:27,Thanks for the positive rating :),2026-08-19 14:15:10,6.86.1
dd5e0f3b-342e-4b60-98d2-de85692d7566,Semiteck prime India,https://play-lh.googleusercontent.com/a/ACg8ocL69P1h5NC9MLQ7pQFhmES5d0ctiOiBYOGQEq-ygiU4BKJhnQ=mo,good,5,0,6.86.1,2026-08-19 11:13:44,Thanks for the positive rating :),2026-08-19 14:14:32,6.86.1
e95db9b9-f1d5-41ca-8899-6e4e25a87a10,Lakshmi Rajesh Joshi,https://play-lh.googleusercontent.com/a/ACg8ocLj10amEzIz03lnkALNYtMnvPeOVB6Rv6R4e5twT9sZPL8F0Q=mo,drwar is best,5,1,6.86.1,2026-08-19 11:10:56,Appreciate the positive rating :),2026-08-19 14:14:05,6.86.1
276d8240-f91a-422f-9888-2a71dfe3be38,Naresh Parmar,https://play-lh.googleusercontent.com/a-/ALV-UjVQFHm2xatGrN-b2yuY7nzhG2AcgPC9iLobZ4rGS1mLd-Uk7HbSTA,good,5,0,6.86.1,2026-08-19 11:08:14,Thanks for the positive rating :),2026-08-19 14:13:02,6.86.1
dc970bff-3aa0-4771-a1d1-b6e8b0c56e83,Dr. Shahzad alam,https://play-lh.googleusercontent.com/a-/ALV-UjVcHDNavP9up3OwO3NcNxd6cF9qx0gcFGAG3OH1-ZaAWtajeo_Yag,very good service and porter man so good mohd Aslam he is very nice person,5,0,6.86.1,2026-08-19 11:06:01,Thanks for the 5 star rating :),2026-08-19 14:12:32,6.86.1
c704c15d-a878-428f-be9e-d98a911938dd,shubhada panditrao,https://play-lh.googleusercontent.com/a/ACg8ocKZqluPqdLdtWHSU4oZ6b0T4OCjQ11qeEZDcWrFVkuoGRzRzg=mo,very prompt and convenient 👍,5,1,6.86.1,2026-08-19 10:59:52,Thanks for the 5 star rating :),2026-08-19 14:11:55,6.86.1
31a847c6-065d-43a8-a631-0b2c18ff4e26,Srinivasan G,https://play-lh.googleusercontent.com/a-/ALV-UjWcwKFe1G_MQiD6ZidXLZBKwGGcdw_6p0C15RBFpmBq4fL9oDQT,nice,5,0,6.86.1,2026-08-19 10:57:28,Thanks for the positive rating :),2026-08-19 14:11:30,6.86.1
a3e9e220-fbb2-4a9c-ab73-de4640b8cec8,Toreen Revenkar,https://play-lh.googleusercontent.com/a-/ALV-UjVqCk5BKPpqgFS-lF1sdp2HVZQ0oairm_3cVNj1lRXsBtLFLQBd,"Humble , pick up on time, drop on ti e, thank you porter and staff",5,0,6.86.1,2026-08-19 10:51:26,Delighted to know about your positive experience :),2026-08-19 14:10:02,6.86.1
3a717226-87c5-42a6-ab08-30ad8cf60f17,Suresh D,https://play-lh.googleusercontent.com/a-/ALV-UjWsXjZKnB49NXy-hPSwSv5OuVCoAr0-1_XGWRLsDwWHHWVspQWcBg,Excellent service by the Porter as well as the van driver.,5,0,6.86.1,2026-08-19 10:39:32,Thank you for your kind words :),2026-08-19 14:09:35,6.86.1
6dcecead-23ce-4de7-9891-3742312d10bb,Abdul Aziz,https://play-lh.googleusercontent.com/a/ACg8ocIqnnxXlUZv29bPcs8p5RBpIZX1OMT4H-oFGc_k6NXidYLpag=mo,good,5,0,6.86.1,2026-08-19 10:36:03,Appreciate the positive rating :),2026-08-19 14:08:52,6.86.1
05335e49-cfcb-4ba4-9b0c-af9f62b154e2,Abhishek,https://play-lh.googleusercontent.com/a-/ALV-UjW8jsb3KdvL-8b7ntEdcOrPmwWuAzw1h5SG6kNLQ96Kt74kiHA,"This the most pathetic app I've come across in my whole lifetime. They suspended my account for illegal activity and when I contacted support they tell that account can't be restored, sorry. I don't even know what prompted this action as it were the delivery partners who kept on cancelling rides. Most useless support and app experience",1,0,6.86.1,2026-08-19 10:27:39,Sorry to hear that. Please reach out to us on help@porter.in for any help needed.,2026-08-19 14:08:01,6.86.1
b971b7b6-41cb-499a-ae49-d04ed611913e,Ashutosh Tiwari,https://play-lh.googleusercontent.com/a-/ALV-UjW1E2xT-NE-3ADON_yyf_lpDcMcB13mVW1kT3OqHv5LSKAFbfnN,Name enter karne ke baad freeze ho raha hai app,1,0,6.86.1,2026-08-19 10:07:31,Sorry for the trouble. Please reach out to us on help@porter.in so that we may check this further.,2026-08-19 13:59:06,6.86.1
f581f118-c1e2-40aa-913f-3d6c896e15f3,Nizam Mirza,https://play-lh.googleusercontent.com/a/ACg8ocIlbU3Vo3znzy1lRCxOLNy_iDUHuxT1sIlnxhvcY31rG5STgg=mo,excellent 👍,5,0,6.86.1,2026-08-19 10:02:38,Thanks for the 5 star rating :),2026-08-19 13:58:26,6.86.1
8041acd6-cc2c-4532-b891-808c95d0c510,RONAK SOLANKI,https://play-lh.googleusercontent.com/a-/ALV-UjV2aiJdSI4pbRRZseWbBvX-RN_sy1_B8KhbrQbU3_rW8WQl5PBL,good,5,1,6.86.1,2026-08-19 09:43:34,Thanks for the positive rating :),2026-08-19 13:57:15,6.86.1
5b465bc8-b2f3-451b-a9a0-47af80c40147,Rajendran Shunmugam,https://play-lh.googleusercontent.com/a/ACg8ocIOF-oTrMRnui72f3laCpzC0K5KGGGSeSM6uYJ0iCdSY-c4zQ=mo,good,5,1,6.73.0,2026-08-19 09:05:14,Thanks for the positive rating :),2026-08-19 13:54:52,6.73.0
12e8c103-dc66-426c-b28a-62301b5690ff,Viraj Zunajrrao,https://play-lh.googleusercontent.com/a-/ALV-UjW7LIb7_wXvP6LG6DBB4fPl7mJj86e2mV5OyRWZatXNCRF4EWWN,"my belongings were successfully shifted from Bangalore to Mumbai. Everything arrived safely and in good condition. Most importantly, we were able to track the location of the shipment throughout the entire journey.",5,3,6.86.1,2026-08-19 09:03:50,Delighted to know about your positive experience :),2026-08-19 13:54:28,6.86.1
98457de6-39c5-49c2-8cc2-9d18e339c6fe,satish shetty,https://play-lh.googleusercontent.com/a-/ALV-UjUnGSe30QdehCc4BdGW1U5hlag-t4O3_mU-huCjq6_yMZH7mU4d,very good,5,1,6.82.0,2026-08-19 08:16:31,Thank you for your kind words :),2026-08-19 13:37:57,6.82.0
36dbf6e9-039a-4d1b-8c7a-6e29282b0d4e,Amrit Nagar,https://play-lh.googleusercontent.com/a/ACg8ocJjzEcbAr5Khv7sETaGqmbO7XKYprQr_oxH3pjl7Y_Jvt9xOg=mo,good service,5,0,6.87.0,2026-08-19 00:16:44,Thank you for your kind words :),2026-08-19 13:27:33,6.87.0
ba36c2cd-bdb6-443e-bfbc-024b89c52990,Binod Shukla,https://play-lh.googleusercontent.com/a-/ALV-UjU9hENXtFDqeWriBcpz5JO_-bsr9WYgfa-Vlt4qv_94_kPZs0n2,good 👍,5,0,6.86.1,2026-08-19 00:03:17,Thanks for the 5 star rating :),2026-08-19 13:27:08,6.86.1
4d9bbde5-28a7-450a-bd35-787260ebbb5c,Suresh Mojawat,https://play-lh.googleusercontent.com/a-/ALV-UjUKuGeguQo4h6nBUDPvRF8nQjEHQoeDQjSvSFGZv2nfqJC--YHk,good service,5,0,6.86.1,2026-08-18 23:45:57,Thank you for your kind words :),2026-08-19 13:26:07,6.86.1
a934e1b1-8ebf-4270-8b1e-938892e611c4,Navnath D Patil,https://play-lh.googleusercontent.com/a-/ALV-UjV5R34bNHd2nU3GFSkL-aLrck3XtPnbjOfcbciGhTuHGgxlHNGg5w,good,5,0,6.86.1,2026-08-18 22:54:40,Thanks for the positive rating :),2026-08-19 13:03:32,6.86.1
dc5cdc48-4d6e-4086-8812-62f2c0213735,Nipun,https://play-lh.googleusercontent.com/a/ACg8ocLS7hjdBxII7GNexKBAer0J7FaOvW4wHxztQdZB9nL5CtBotC8s=mo,A very neccessary one. Thankz,5,0,6.86.1,2026-08-18 22:43:12,Appreciate the positive rating :),2026-08-19 13:02:58,6.86.1
1e556160-d88c-4aeb-9bc0-6ccb5b47ab53,Uday Bhingardeve,https://play-lh.googleusercontent.com/a/ACg8ocL7t94zbx1ppgZjYd5rk3Y-cgzaSZqk-J27rzHWpSl0PiHJJw=mo,nice,5,0,6.86.1,2026-08-18 22:39:04,Thanks for the positive rating :),2026-08-19 12:43:24,6.86.1
36bc0455-ccda-4d96-b400-0d79dc3df122,Ganesh Kumar,https://play-lh.googleusercontent.com/a-/ALV-UjWy1_NvYUMhbX3G-Amc0wIAhgTAQLNwiqEESwGKYEUUY1mYosD_,trustable organization,5,1,6.86.1,2026-08-18 22:15:45,Thank you for your kind words :),2026-08-19 12:23:40,6.86.1
bf702bbd-adc3-4e8d-bbdb-fee13b9285e0,Anil John,https://play-lh.googleusercontent.com/a/ACg8ocIE4Y3PVbiNHiofvOa7xnJcHpgNIzutq25ojX9At-F9Re0T0g=mo,"Fast, efficient, no fuss",5,1,6.86.1,2026-08-18 22:13:15,Thanks for the positive rating :),2026-08-19 12:22:14,6.86.1
24df69ed-34fd-45c1-84ee-507278d6c3ba,Sri Kanth,https://play-lh.googleusercontent.com/a-/ALV-UjWcV5JzaScjAXcV2Bl5_1YTBAqCyMXdaytiyRygem7eJWvo9NMm,not ok,1,0,6.86.1,2026-08-18 21:56:57,Sorry to hear that. Please elaborate your concern on help@porter.in so that we may assist you further.,2026-08-19 12:21:44,6.86.1
13953ac8-8705-4789-ac95-5a325297d4b4,Rohan Navasare,https://play-lh.googleusercontent.com/a-/ALV-UjWx-E9X8EALkCg-F8Gtpa-xEF9wRxsxDJgkWzF-EybV1LdexIRr,very good,5,0,6.86.1,2026-08-18 21:51:51,Thank you for your kind words :),2026-08-19 12:17:31,6.86.1
a95d1493-59e2-42f1-b631-c18540b19462,afzal khan,https://play-lh.googleusercontent.com/a-/ALV-UjXmVAxkYUAXcjBFNtJz8CDCl4woclk17PraBRlPyrQLL_rJSnFn-Q,Nice App,5,0,6.86.1,2026-08-18 21:46:43,Appreciate the positive rating :),2026-08-19 12:17:00,6.86.1
31e3f65a-5fee-4fd8-9697-ecdccce51ec5,Manmohan Singh,https://play-lh.googleusercontent.com/a-/ALV-UjUuhAQbavSbHlo-fF8sZ8nYoXsViNS7mfGgTeAtOQqHbfwzrygMOQ,Good Service 👍,5,0,6.86.1,2026-08-18 21:24:07,Thanks for the 5 star rating :),2026-08-19 12:04:57,6.86.1
257bf355-21c2-4137-b08d-926f95b64d52,Huzna A,https://play-lh.googleusercontent.com/a-/ALV-UjXZQRAtx1mgl4QZTKcPXPHvhdOilDq7xHiGnfCe5qlx19IBP1X2,very nice,5,0,6.86.1,2026-08-18 21:21:20,Thanks for the positive rating :),2026-08-19 12:02:35,6.86.1
ce21cca3-0b29-448e-882c-6a7288c47e19,Nandakumar Desikan,https://play-lh.googleusercontent.com/a-/ALV-UjUZ12hQuV3r8WYYR_YwKXdEhb6ZcNBXG8ttiWFf5oS5mIOUBpCscA,Very useful.,5,0,6.86.1,2026-08-18 20:52:13,"Hi! Thank you for giving us a perfect score. It is a delight to see us matching up to your expectations. Hope to do more business with you, do refer us.",2026-08-19 09:57:15,6.86.1
38ca85cf-e8b8-4832-b2ef-dad0388aab22,Lalit Pant,https://play-lh.googleusercontent.com/a-/ALV-UjVjvXtTIMTxh_o_B67I4iFXqfM5HK5gaHtZq_aNRPCG9hcflarL,very nice service,5,0,6.86.1,2026-08-18 20:18:18,Thank you for your kind words :),2026-08-18 20:29:55,6.86.1
58235253-9c3b-4ab3-89c2-27a7dce5eb27,Kishan Jakhar,https://play-lh.googleusercontent.com/a/ACg8ocL_tIcyZUbqCZw5DjPSewOH0XGUdArWTNP-akgk59F5pPI6eg=mo,best delivery,5,0,6.86.1,2026-08-18 20:17:36,Thanks for the 5 star rating :),2026-08-18 20:28:28,6.86.1
031ede81-3a71-4577-839e-d4df33cc2969,Javed Al,https://play-lh.googleusercontent.com/a-/ALV-UjUYHeC7dogyzCkFxzTrl2FqIBvb9aoSs3ryPXXKLbNXNo-jVAOA,good app,5,0,6.86.1,2026-08-18 20:15:14,Appreciate the positive rating :),2026-08-18 20:27:03,6.86.1
2541e537-123e-4b5d-9d61-56b9b7afe74c,Krinaa Umariya,https://play-lh.googleusercontent.com/a-/ALV-UjWWA9HzLW9Yr9oMcGduCuTP5IFsP9vJWxIO2QNWENEibSSiqOc,very helpful and fast service,5,0,,2026-08-18 20:02:38,Thanks for the positive rating :),2026-08-18 20:07:01,
8ae745c9-317f-4c14-a9d4-a93ebf51caa0,Abhay Goel,https://play-lh.googleusercontent.com/a-/ALV-UjVGR9OcMGkf_4T8PIeF7p2ptYmbElzNC4vhhI8zslekP7_b7jBXGA,The app is good. The customer service is bad. Problem resolution is worst. Riders take multiple consignments and deliver late. There is no accountability. Porter needs to work specially on this aspect. They will better their ratings after that.,3,3,6.86.1,2026-08-18 20:02:16,We are really sorry for the experience. Please share the order details on help@porter.in so that we may check this and assist you further.,2026-08-18 20:06:11,6.86.1
f9e76862-97a8-4663-be04-ad9f386af849,Viswanathan Radhakrishnan,https://play-lh.googleusercontent.com/a-/ALV-UjWH8-O4PnE6CcpOlHjsLOvosR484Zhk9ttP0rx9AtZdOLGSk7Fy,Good Transport & very good driver,5,0,6.86.1,2026-08-18 20:01:16,Thank you for your kind words :),2026-08-18 20:04:10,6.86.1
6ecd118b-f7b2-4cd7-b51f-c42b36bf0262,Balwantsingh Rajput,https://play-lh.googleusercontent.com/a/ACg8ocLyU6NeDByT3Dk7tu-bAtnSU4xmG5NiS60_pmtFK_uklcDytQ=mo,good,5,0,6.86.1,2026-08-18 19:44:26,Thanks for the 5 star rating :),2026-08-18 20:02:05,6.86.1
f4d021e2-e884-4fe6-9119-e588ec58db02,Shekhar Banerjee,https://play-lh.googleusercontent.com/a/ACg8ocKzyG_olO-lqMBQz25rK2oklm9hpP7fX447JgN438BNmdB-Gyfg=mo,Satisfactory service,5,0,6.86.1,2026-08-18 19:39:58,Thank you for your kind words :),2026-08-18 19:55:18,6.86.1
d1e73fbe-eb33-4869-bfb0-352e2b52bd3f,Gaurav Pancholi,https://play-lh.googleusercontent.com/a-/ALV-UjX-FDII7vnVlOXiTZW1QkqYw69kUCfxZB2raGjMIoK-62ay6nG5xg,good 👍,5,0,6.86.1,2026-08-18 19:36:49,Appreciate the positive rating :),2026-08-18 19:53:41,6.86.1
b4647502-943b-4fc6-aea5-23c8b4dbc2ad,NEMI CHAND JAIN,https://play-lh.googleusercontent.com/a/ACg8ocIesGwJy_ZvJmlHKfNnUvyis_Rah0WhAkQ7IAj32gDCK2Q2Zw=mo,"सबसे बुरी सर्विस, 10 बार कम्प्लेंट नोट करने के बाद भी कोई रिस्पांस नहीं है, बस कंप्लेंट को रिजॉल्व बोल कर बंद कर रहे हैं, ना कोई सुनने वाला, केवल जो इनके डिलेवरी पार्टनर ने कह दिया बस वो सही है, क्लाइंट की कोई सुनवाई नहीं है, जबकि इनके पास पूरा ट्रैकिंग सिस्टम है",1,0,,2026-08-18 19:36:06,Sorry for the experience. Please reach out to us on help@porter.in for any help needed.,2026-08-18 19:52:45,
e1682a04-673c-4dcb-9374-680f0edea36f,Basavaraju Basu,https://play-lh.googleusercontent.com/a-/ALV-UjUph13LddggCeTbbj87AsU6SX7jih_RYkWzce9f5TdcAR9SlT2p,good driver,5,0,6.84.0,2026-08-18 19:34:20,Thank you for your kind words :),2026-08-18 19:50:12,6.84.0
5139710f-bb57-4a40-80bc-2559b398e584,Chhathu Yadav,https://play-lh.googleusercontent.com/a/ACg8ocIYMpUxJwbAIc4_z8NJHosH_l3aRuOmbOAAh7bQNjHKqjiCcA=mo,good srvice,5,0,6.86.1,2026-08-18 19:32:44,Thank you for your kind words :),2026-08-18 19:42:28,6.86.1
a58dc748-d991-4a39-922f-dc55f017771e,Rukhsar Khan,https://play-lh.googleusercontent.com/a/ACg8ocKPaGkVSWy-o8tozO3UL1l56Ae73Sz1guysdklBgfu9jSbTzg=mo,very good,5,0,6.87.0,2026-08-18 19:14:46,Appreciate the positive rating :),2026-08-18 19:29:26,6.87.0
3760e269-b2fe-4184-bb4c-0ff42e063ce5,Kabir Zoya,https://play-lh.googleusercontent.com/a/ACg8ocIuJLvZvjOrXDSR4Le80Q275A2Vqcn6OYIQ-ZZd-oL1AVwqKA=mo,v good,5,0,6.86.1,2026-08-18 19:06:37,Thanks for the 5 star rating :),2026-08-18 19:27:03,6.86.1
ef251314-4fe2-46d3-b8a9-2a17b798d303,Jineshwar Infocom,https://play-lh.googleusercontent.com/a-/ALV-UjW76HwPEIgSwc16CZGUJSCPAlapGJkxZKtpItRMeLqln9Q-tLM,"Very easy, convenient & trusted app for logistics... Thanks Porter & Captain.",5,0,6.86.1,2026-08-18 19:02:21,Thank you for your kind words :),2026-08-18 19:24:04,6.86.1
287a9d82-e894-43e9-855a-c15697f3abfa,Shada Siddiqui,https://play-lh.googleusercontent.com/a-/ALV-UjXGwJ7ktAQhIk9Ykftg1l44yRcCPcYT9zBkmbilwOBHziu-w7wK,Booking and shifting experience was very smooth. Team was professional and on time. Great Value for money. Highly recommend.,5,5,6.86.1,2026-08-18 18:59:00,Thank you for the endorsement :),2026-08-18 19:25:52,6.86.1
5b9fea82-85e7-4004-90aa-b0cbc4629994,Abhijit Kundu,https://play-lh.googleusercontent.com/a-/ALV-UjVAM_GB2napi893iS5ZLFLQZhACzsE9PqYoUUvyXSh5C_JYEzPz,Porter is a good app for transporting your home luggage into desire location.,5,0,6.86.1,2026-08-18 18:48:00,Delighted to know about your positive experience :),2026-08-18 19:11:10,6.86.1
4c102055-57b4-4811-b43e-9b055ad687a1,Tisha Rana,https://play-lh.googleusercontent.com/a-/ALV-UjVGQVl8boInXKHiyzUnclU6DpCKkXB3VlHSNN0gtfY-vOvPOtg,totally garbage did not taking any responsibility of vehicle even one star not deserve they lost my vehicle key...!!! and customer care take a clean cheat and told it was not them responsibility..!!,1,0,6.86.1,2026-08-18 18:33:10,Really sorry for the experience. Please share the order details on help@porter.in so that we may check this and assist you further.,2026-08-18 18:51:41,6.86.1
e060bf25-c249-4a9d-8952-26264d84f27a,prakasha naik,https://play-lh.googleusercontent.com/a-/ALV-UjWcNrBCpmk_grq6zHJqLDSCHp3fWplYLfwuFnwsoOwxBhl1U_fU,excellent service 👍,5,0,6.86.1,2026-08-18 18:33:02,Thanks for the positive rating :),2026-08-18 18:55:33,6.86.1
c5278563-1ca7-49f2-b475-4f202b3de43c,sainath KS,https://play-lh.googleusercontent.com/a/ACg8ocLT3jSkxd269Bax_fksX_M3SDR5y5gWI3rPY5s4TkK7wurNuw=mo,Very poor service. Neither drivers not Porter customer support attends your issues.,1,0,,2026-08-18 18:27:05,Sorry for the hear that. Please reach out to us on help@porter.in for any help needed.,2026-08-18 18:44:41,
f7395b97-03ba-48b3-bc16-f630a65438ae,Amara pushpam,https://play-lh.googleusercontent.com/a-/ALV-UjXtDveK-uaS4CmTn_iBRzFaSjFh_dpxsouJgXarhu3noOwZlqw,good person,5,1,6.86.1,2026-08-18 18:07:11,Thanks for the 5 star rating :),2026-08-18 18:39:10,6.86.1
520aa29f-28f4-47a0-81ee-0726cde1ff84,Jesu Amudhan,https://play-lh.googleusercontent.com/a/ACg8ocKfSRABWUgs3721ngNtMZx3_wxQBs67ItiIzj3XA5mxmcSzUjFh=mo,Good Service in time,5,0,6.86.1,2026-08-18 18:04:45,Thanks for the positive rating :),2026-08-18 18:38:44,6.86.1
3a4ac4eb-bf61-4d01-a1e0-6defef7c43ef,Md Asdaque Alam,https://play-lh.googleusercontent.com/a/ACg8ocJfGD4JRLHFZob4t6rXpGZMQl_up6ve6DQvAgLCYkJHWwwn6Ms=mo,good,5,0,6.83.0,2026-08-18 17:54:32,Thanks for the 5 star rating :),2026-08-18 18:33:18,6.83.0
004c43be-36e0-40cd-9220-22ec6b6fdd6e,Shekh Vishu,https://play-lh.googleusercontent.com/a/ACg8ocJPTHIxZDuBRRXMIxw1Hh7vKRP-jOhGRwi7JK8LvcfiyDDVLQ=mo,good,5,0,,2026-08-18 17:16:40,Thanks for the positive rating :),2026-08-18 17:31:33,
a31ca1d4-75de-4cf3-bd3c-09b0cd09d748,Himanshu Arora,https://play-lh.googleusercontent.com/a/ACg8ocI3dLuKQfEJhvsMRzaTcGchStEbDn6fgaOqPIg4Q0Afo1BKDQ=mo,bhaiya bahot ache h time pr pahicha diya thenk u bhai,5,0,6.86.1,2026-08-18 17:03:08,Thanks for the 5 star rating :),2026-08-18 17:30:57,6.86.1
8364b686-ccbf-4e26-93e8-a09874e731ef,Akshayam patanjali stores Sankar,https://play-lh.googleusercontent.com/a-/ALV-UjVs8VG1_eJmSR3ce-CyNm4H-BE9Ogh71wK5b4aDlrF0-i1Xn60,Excellent service,5,0,6.86.1,2026-08-18 16:59:16,Thank you for your kind words :),2026-08-18 17:30:10,6.86.1
200156c7-51d1-4003-a25f-3b0b1c7d1ff6,Pushpa Sundararajan,https://play-lh.googleusercontent.com/a/ACg8ocKujeyVBTU2BvpBE8qBvaDYIe0Hh7HnKwR8AeIuxmw6NEspwVlp=mo,excellent public must aware about this and know how to use,5,0,6.86.1,2026-08-18 16:56:37,Delighted to know about your positive experience :),2026-08-18 17:29:24,6.86.1
ed2bf886-1f73-46a1-ad57-ea10cacdfa0b,Ramdas Jadhav,https://play-lh.googleusercontent.com/a/ACg8ocJ_Cis2e0SH0nQMr4w7WVwFDs1qStW14uWsh-myMUorq3JUGw=mo,good,4,0,6.85.0,2026-08-18 16:54:12,Thanks for the positive rating :),2026-08-18 17:26:26,6.85.0
0cb7342f-2501-4466-91b5-0d94b0698f58,naresh dabani,https://play-lh.googleusercontent.com/a-/ALV-UjUZ_UDc6sEzXOi3DpftIS52qpQCv8OROXhs02bhZf3EiVt4jEXW,practicaly comfortable,5,0,6.86.1,2026-08-18 16:53:01,Thank you for your kind words :),2026-08-18 17:26:58,6.86.1
fa981c2d-80e5-411e-8af0-e9740d93a4fd,Rajiv RajivRaj Tattoo Art 9811633302,https://play-lh.googleusercontent.com/a-/ALV-UjXl3AzDS2yZ-gLQmDE3exqoP8FMHBM3E__8llKMXruNRbUww7wXYQ,nice job,5,0,6.86.1,2026-08-18 16:44:40,Thanks for the 5 star rating :),2026-08-18 17:22:58,6.86.1
c56998b7-cbc2-4c1c-8a0e-902616436bea,Sathiavani Murugesan,https://play-lh.googleusercontent.com/a/ACg8ocLk5tIv5sYyDzHW7f6q5saC8PS4LMwt2MDgJFlndlMUCYM78g=mo,on time and prompt delivery,5,0,6.86.1,2026-08-18 16:23:47,Thank you for your kind words :),2026-08-18 16:38:12,6.86.1
4be6cafc-65dc-495a-a25e-5bc065a94987,Ankush Khamkar,https://play-lh.googleusercontent.com/a/ACg8ocJwxsaeW028vHneQokCdVYZ5T7frmTVPDSZcFmtdMojoAffog=mo,good,5,0,6.86.1,2026-08-18 16:22:21,Thanks for the 5 star rating :),2026-08-18 16:36:47,6.86.1
bc8bc41d-f031-4710-bbcb-23b262b30dd6,Gangatharan,https://play-lh.googleusercontent.com/a-/ALV-UjVeY9Qm31xTgh3KhsfreY4DB0SJad999FlMkYZa8ED9YrsFeJi9,nice,5,0,6.86.1,2026-08-18 16:21:37,Appreciate the positive rating :),2026-08-18 16:37:21,6.86.1
ac80ec3e-b495-4a3b-8f33-32fe4e6c0ce7,Prajapati Yogesh,https://play-lh.googleusercontent.com/a/ACg8ocKweQrw-cR7eFdkDc76JEivk_ypLX2Jwltd0fA6z_C_Ku3LIQ=mo,all ok. good,5,0,6.81.0,2026-08-18 16:09:13,Thanks for the 5 star rating :),2026-08-18 16:36:23,6.81.0
d8d77181-e752-410b-9c24-9ed310dc00d2,pal suman,https://play-lh.googleusercontent.com/a-/ALV-UjXCh_70sQyHr-5KnTmPJRb6kUcswmXi7VbbyVIieZF0g0WBw2ZC,very good,5,0,6.86.1,2026-08-18 16:07:18,Thank you for your kind words :),2026-08-18 16:35:52,6.86.1
988cd6da-f0a4-48d7-9de7-22ad6e8f7949,Sohail Qureshi,https://play-lh.googleusercontent.com/a-/ALV-UjVHilKlFS81bXmnxU5bB4XHfqOetqWeoo69fvuLUQWx51sonDK1,very bad app it's not work,1,0,6.85.0,2026-08-18 16:06:15,Sorry to hear that. Please elaborate on your concern on elp@porter.in so that we may assist you further.,2026-08-18 16:35:25,6.85.0
7090f89d-5901-4604-9363-6d2f63ef8015,Manjunatha Manjunatha,https://play-lh.googleusercontent.com/a-/ALV-UjX2E19GHJuw1_VW--zKQaV2LqdP_uVfaI7_CDjG-4dI5vmN--UvLA,good,5,0,6.85.0,2026-08-18 16:05:57,Thanks for the positive rating :),2026-08-18 16:34:38,6.85.0
4692d86b-850b-44ae-8d6e-d5eea20b32c6,Deepak Kumar Thakur,https://play-lh.googleusercontent.com/a-/ALV-UjURsGXidayVF6oHWAd0QM5hSa82YtM-0S0RhR9yPVoMtacI725k,outstanding,5,0,6.86.1,2026-08-18 16:05:30,Thanks for the positive rating :),2026-08-18 16:34:13,6.86.1
b1cc508d-3791-4db8-9960-d89560b03e1c,Mukesh Nagari,https://play-lh.googleusercontent.com/a-/ALV-UjWnXEqM1GkXs2orgwxjw-V0cZLChIs8KgKOMAfw7ZRKg4k3TKEw,Nice services,5,0,6.86.1,2026-08-18 16:00:53,Thanks for the positive rating :),2026-08-18 16:33:37,6.86.1
26738d52-6f64-4e8c-a443-defe77c062ca,joby merchant,https://play-lh.googleusercontent.com/a/ACg8ocIXxagCDZhbXrq2Gm2ixFBRhGZBfY52ZYHiFBL55gEBROiJlg=mo,"Your saved address management is an absolute mess to navigate. Forcing users to endlessly scroll through a massive, unorganized list just to pick one location is terrible UX and a complete waste of time. ​Fix this immediately ​Add a functional Basic usability features like search bar should have been there on day one. Fix this garbage workflow if you want to keep users from switching to competitors, and maybe you'll actually earn a 5-star review instead of a 1-star complaint.",1,0,,2026-08-18 15:53:06,Really sorry for the hassle. Your feedback has been shared with the team for further review and consideration.,2026-08-18 16:33:12,
559677e6-d68f-45fe-b24d-383eb5270892,Nawaz Khan,https://play-lh.googleusercontent.com/a/ACg8ocLxBMzkJBqkmbO55-_zFUCmT0iXEPNsAQLlHd7ylNJr3FFi2w=mo,very bad app taking longer time on extra amount also very very bad not good is app,1,0,6.86.1,2026-08-18 15:40:52,Really sorry for the experience. Please share the order details on help@porter.in so that we may check this and assist you further.,2026-08-18 16:31:28,6.86.1
ca70771d-5324-49c4-b147-4d8c4395dbff,Asif Patel,https://play-lh.googleusercontent.com/a-/ALV-UjUtLZ4QCiXd5MsRuiQaQR8k8HaF5WtC8JRip9HxvaqVsEGwg4hI,ok,5,0,6.86.1,2026-08-18 15:07:21,Thanks for the positive rating :),2026-08-18 16:28:03,6.86.1
fd7a956e-3b52-46ef-923b-2a7befb94e4e,krupa Joshi,https://play-lh.googleusercontent.com/a-/ALV-UjUBHwxCLG2K-sjIFrBFEavuGWsS6-_JRQhMYiL25I8tbKRvgKc,good,5,0,6.86.1,2026-08-18 15:04:36,Thanks for the 5 star rating :),2026-08-18 16:27:42,6.86.1
729e8d74-cfaf-4e8f-895e-80c5a6de2eec,RAMESH CHANDRA MANDAL,https://play-lh.googleusercontent.com/a/ACg8ocLwlCwuoNZqC6zI1bY1NQSnrfe1B_Hy0bZtvTRjD70cAIxmp4s=mo,very nice 👍,5,0,6.86.1,2026-08-18 14:50:27,Thank you for your kind words :),2026-08-18 14:56:12,6.86.1
70e59dca-73a7-4cc6-8d05-5febae3ba876,Sarfraj Shaikh,https://play-lh.googleusercontent.com/a/ACg8ocIysT7aSEe24liYK45MQIMD9u9pCKxC0ziwuJZC_ol_t1Yy0Q=mo,good,5,0,6.86.1,2026-08-18 14:30:45,Appreciate the positive rating :),2026-08-18 14:52:32,6.86.1
a345d83c-859d-425a-a3ec-3a034e89c16e,MUBEENA BAGAM,https://play-lh.googleusercontent.com/a/ACg8ocIsTSoV1iyI4NXvQ-6zH6rdiofJB9SzPS41LB0NvZmlNCRcwg=mo,ghatiya app bakwas app bekar app driveron ko gulam banane wala app is app ko sabhi driver log delete kar do i driveron ke liye nuksan dayak app hai 👇🚫🛺🚚🚛,1,0,,2026-08-18 14:20:28,Really sorry you feel that way. Please reach out to us on help@porter.in for any help needed.,2026-08-18 14:26:38,
544748ec-6e18-49a4-82da-d11a27ff2add,tn arpi,https://play-lh.googleusercontent.com/a/ACg8ocL6tNTuPyWjMRK5Olt4fuJAgRZKwK9Yz7VJkeMDPTcWK-36nQ=mo,super,5,0,6.86.1,2026-08-18 14:15:20,Thanks for the positive rating :),2026-08-18 14:25:53,6.86.1
4256d191-a5fb-4e2e-a07b-5e9e064452a4,Jai Bamal,https://play-lh.googleusercontent.com/a/ACg8ocK9udgCS3y5rZbNk5RLj9hSrAIkL2J32JamWPIhN7UtX0oueQ=mo,v good,5,0,6.86.1,2026-08-18 14:04:03,Thank you for your kind words :),2026-08-18 14:22:54,6.86.1
f359661e-adc2-48f3-a968-88326d224cdc,pawan singh,https://play-lh.googleusercontent.com/a/ACg8ocLrVyF0iKVDr-MncoU4w46GHwzEiCjbJrmE64ndhlAQxXWeOw=mo,good,4,0,6.85.0,2026-08-18 13:56:45,Appreciate the positive rating :),2026-08-18 14:09:55,6.85.0
7368aaaa-c876-4052-8acd-3ef5e0176122,Amin Khan,https://play-lh.googleusercontent.com/a-/ALV-UjUPm5LY1TfynQaOPsdYpHLMou9ShF53ZNJ2QwprMuGN9Ymd-zCa,good 👍,5,0,6.86.1,2026-08-18 13:38:52,Thanks for the 5 star rating :),2026-08-18 14:06:30,6.86.1
c8a3bd03-af58-47cd-acbe-c7c9539e4871,H.K. GUPTA,https://play-lh.googleusercontent.com/a-/ALV-UjVXoywhkF0aEC5LvGR5m6cI91v25FpaARNOrS8TtY889Vy8_lY,It's not user friendly does not Store required information,2,0,6.86.1,2026-08-18 13:26:58,Sorry to hear that. Please elaborate your concern on help@porter.in so that we may check this further.,2026-08-18 14:06:00,6.86.1
cfee391c-5aa9-4e5b-b055-f2b4a3c70693,Pankaj Kumar Pargi,https://play-lh.googleusercontent.com/a-/ALV-UjW8v2pJTCzpb07D8aHtI9utLmz3yrSu-EgirMud_TutQEwMKq37,very good 👍🏻 👏,5,0,6.86.1,2026-08-18 13:26:05,Thanks for the positive rating :),2026-08-18 14:05:22,6.86.1
4f8107b1-3a04-48d4-88fa-b4f7f3e5adf1,Lokesh kumar,https://play-lh.googleusercontent.com/a/ACg8ocJrrndXKla9bq4bjvD9sE2dFhBofd7fO00XgZxHCaQxs2t6Yg=mo,very good,5,0,6.86.1,2026-08-18 13:21:36,Thank you for your kind words :),2026-08-18 14:03:59,6.86.1
5b86e3d4-9e12-4c07-929d-9d8f1c9b2dae,Bhagirath Singh Tomar एंडोरी,https://play-lh.googleusercontent.com/a-/ALV-UjX-2XqIHv6SnJORC6vWPy-LuzOljigqEwRlw_pIFPK3Sduoqw1v,perfect,5,0,6.86.1,2026-08-18 13:18:20,Thanks for the 5 star rating :),2026-08-18 14:04:30,6.86.1
cbf808eb-6ff8-4d21-8421-e806e4819aa2,VIGNESH TRADERS,https://play-lh.googleusercontent.com/a-/ALV-UjXFUFzi1Edfl-rxeotWuwgBQLw6zXoblgLN4cK9MNttRWJ0hlYgHg,good driving,5,0,6.84.0,2026-08-18 13:15:34,Thanks for the positive rating :),2026-08-18 14:03:14,6.84.0
befa9424-a4e2-4120-a7af-3bde01af123b,Sathya Pichamuthu,https://play-lh.googleusercontent.com/a-/ALV-UjVSnQofP7eBlr1Obh0Hkhs9vWM2FNjaoas9j9oViAEYhE1kIHIM,good service,5,0,6.86.1,2026-08-18 13:06:56,Thank you for your kind words :),2026-08-18 14:00:16,6.86.1
173b8ed8-c8be-4168-83b7-97ae3b454919,Shiny Jedidiah,https://play-lh.googleusercontent.com/a/ACg8ocKqiE0AhoqlxCqZ3Cq6iuShRbQ-PmEAIogk_C44YnwA4pSqjw=mo,Good service,5,0,,2026-08-18 12:45:34,Thank you for your kind words :),2026-08-18 13:54:52,
503bcbe4-cf24-4beb-bb72-ec778a9e95de,Saurabh,https://play-lh.googleusercontent.com/a-/ALV-UjUCD9jV4DpR5Cm8BeDf89lUJAy-FeCtZsjuu2XsC9wd4DEaPCrtMQ,Such a pathetic service on 1st I booked movers and packers service from there end and nobody ever came they wasted whole 1 day by saying we are aligning our partner then at the end they canceled it and said you will get your refund in 7 to 10 days it's the 18th day no refund and customer care is pathetic always saying someone will call you back we have highlighted the issue neither I get a call back and refund. horrible service,1,0,,2026-08-18 12:41:29,We are really sorry for the negligence and the overall experience. This is not what we aim for. Please share the order details on packermover@theporter.in so that we may check this and assist you further.,2026-08-18 13:50:49,
75516570-89e0-40ea-bcf7-dab4ddc7c2ed,Srikanth Matangi,https://play-lh.googleusercontent.com/a/ACg8ocIID5ytZLe3pQWvxebWE5gYB3_Rmz_ju6VgCQocOPaUmySp2g=mo,nice,5,0,6.86.1,2026-08-18 12:36:33,Thanks for the 5 star rating :),2026-08-18 13:47:47,6.86.1
7470aa12-04b0-41ac-b81a-1ffd501b1072,NP28,https://play-lh.googleusercontent.com/a-/ALV-UjVqbZ-qrwqJ8TB9m9z0G3n91snHmbZJ0nS9OtSSoMx7Uqa0_yb_,good,4,0,6.86.1,2026-08-18 12:29:55,Thanks for the positive rating :),2026-08-18 13:47:19,6.86.1
887c92d2-a74c-4290-8522-2105e6645bed,Prem Bhoir,https://play-lh.googleusercontent.com/a-/ALV-UjXG1TduQtA11xRtmWmyJmcSl9Me3mSyiYwcriLvF3ze4XwrXRIqfg,nice,5,0,6.86.1,2026-08-18 12:16:54,Appreciate the positive rating :),2026-08-18 13:46:55,6.86.1
ccbe6d1c-035c-42d0-8350-486509fc9103,Anil Jhalani,https://play-lh.googleusercontent.com/a/ACg8ocI6DQmV0uhnbBKJF8-twuJdKLaN-ni5hba1UqNP5mD3FR6tRcg=mo,delivery in time,5,0,6.86.1,2026-08-18 12:12:31,Thank you for your kind words :),2026-08-18 13:46:10,6.86.1
221a87b4-d8f7-4f97-8c61-902455559369,Chandrakala Shinde-Rewale,https://play-lh.googleusercontent.com/a-/ALV-UjV4R85FQ70OWOb9zo5gj1XHBDNd07mcdToUHSqWVLSyVTCF--sZPw,very helpful service thanks a lot,5,0,6.86.1,2026-08-18 12:05:45,Thanks for the positive rating :),2026-08-18 13:45:45,6.86.1
43aed535-49fc-4ff6-aef7-acddfeb981b7,Vikash Pal,https://play-lh.googleusercontent.com/a/ACg8ocLCJDOsxAETTQHGJqxvZYx4kKsSSPLTSK0cLzy8CZ3DUhY=mo,nice one,5,0,6.85.0,2026-08-18 11:58:56,Thanks for the positive rating :),2026-08-18 13:44:35,6.85.0
c8763b1d-9f9a-4382-863a-083c45a4abc6,Laddidhaliwal Dhaliwal,https://play-lh.googleusercontent.com/a/ACg8ocLI9pCfCexwiU2DpP0XtO-8QBGMo7j7cNJ1IrqatKrjhbIUyw=mo,nice service,5,0,6.86.1,2026-08-18 11:36:19,Thank you for your kind words :),2026-08-18 13:43:30,6.86.1
45d03c93-33a0-472c-8fc8-05fbd9732dab,Paramesh VBSnet,https://play-lh.googleusercontent.com/a/ACg8ocI4vG3spzwmaxMgfpyEoiB-HvnqPJYZUwE7rfn9K8t9AQ55VA=mo,it's very good,5,0,6.86.1,2026-08-18 11:27:03,Thanks for the 5 star rating :),2026-08-18 13:42:36,6.86.1
545d4c1e-446b-4ed2-9f38-303fdc133fc5,Dharmendra 1990,https://play-lh.googleusercontent.com/a-/ALV-UjW-njCwpzQ7-1LNwu12ckkDvATUJyombG5UKHx06R-NtTCeB511IQ,good service,5,0,6.85.0,2026-08-18 11:26:48,Thank you for your kind words :),2026-08-18 13:42:11,6.85.0
2b2334f9-32b9-41e6-9fe3-6826fca40dc7,SHIVU Muddu MS,https://play-lh.googleusercontent.com/a-/ALV-UjV3ZBwhi4LzkAti5WInXZtGCObOpz8kPF1gmopO4fp_2XNOljE,good results for this app 🙂,5,0,6.86.1,2026-08-18 11:22:07,Delighted to know about your positive experience :),2026-08-18 13:39:48,6.86.1
40370597-fff8-48b6-aa80-10af070e7b19,shamsuddintvm shams,https://play-lh.googleusercontent.com/a/ACg8ocI1XHB13rKCVUJyu_Gex609j5kgastwRRS66knpgO93GAFkbQ=mo,very good service with less service charges,5,0,6.86.1,2026-08-18 11:10:51,Thank you for your kind words :),2026-08-18 13:38:37,6.86.1
0a071c11-d46b-435b-8332-efb79664f738,Chhotu Kumar,https://play-lh.googleusercontent.com/a/ACg8ocJWMzeXq_KgnXPQpb9TD_1hHNgyLBQIof98p-yFPoIrTkMi1g=mo,nice,5,0,6.84.0,2026-08-18 10:53:40,Appreciate the positive rating :),2026-08-18 13:30:37,6.84.0
bd3e9d9d-0b75-43a0-8c47-d64f1b5ea9c1,Digawa,https://play-lh.googleusercontent.com/a/ACg8ocIsF9-gVZok0zPT05ke8fDuNlc0YFNnHpeTKcni6FZiTk4n4Q=mo,Very good service & facility.,5,0,6.86.1,2026-08-18 10:42:43,Thank you for your kind words :),2026-08-18 13:29:39,6.86.1
5d7899dc-f8d5-4bd5-a00a-1bd027159edc,Hello Babu,https://play-lh.googleusercontent.com/a/ACg8ocJcxTLo-GufxmEqtPKBDEasyAYoyk1wKIiPQnnbwr8B8Aoa2nE=mo,nice service,5,0,6.85.0,2026-08-18 10:42:07,Thank you for your kind words :),2026-08-18 13:29:16,6.85.0
28396e96-8a7e-4998-930f-003892c03ce9,sushant kavatkar,https://play-lh.googleusercontent.com/a-/ALV-UjWaZKmdIB_3ELA4bOh8CV8MJvgaXUOSfGCQo4Heyof6M3IrTQQN,आज 17.08.2026 को मैने नागपंचमी के त्योहार पर मोदक ऑर्डर किया था पर वो ऑर्डर मुझे मिलाही नही. ऑर्डर लांनेवालेका नाम शाहिद खलिक अन्सारी था ये पोर्टर का एम्प्लॉयी था. पोर्टर का कस्टमर केअर एकदम घटिया है. इतके सिस्टिम मे अँप मे देखोगे तो होममेड फूड सिलेक्ट करनेका ऑपशन है लेकिन आपको रिफंड आधा देंगे. ये एक फेक अँप है इसे इस्तेमाल ना करे. इन्होने शाहिद खलिक अन्सारी का आयडी ब्लॉक किया है ऐसा बोल रहे है. पर ये फ्रॉड चालुही रहेगा. सिर्फ पैसा लुटनेका जरिया है. इनको बिलभी दिया लेकिन इससेघटिया अँप नही देखा.,1,0,6.85.0,2026-08-18 10:39:28,Really sorry for the experience. Please share the order details on help@porter.in so that we may check this and assist you further.,2026-08-18 13:28:48,6.85.0
a841ad76-91ac-4f67-8f0e-89cb6cc14926,Sana Memon,https://play-lh.googleusercontent.com/a/ACg8ocLPgUJW7kxsvbyUpMl2esgdhehyLX0DIW36xJDBJGjdQ9DW=mo,the rates is not affordable but service is good,4,1,6.81.0,2026-08-18 10:12:20,Delighted to know about your positive experience :),2026-08-18 13:27:21,6.81.0
6c0bcdd5-cc87-401b-b32f-bef7c6de4d4f,harshal patil,https://play-lh.googleusercontent.com/a-/ALV-UjUyb6O-3ojv_whGX7r1KF0sW-WXYBlZf2RV8MwvFbZ6CqeoGvpl,👍 best ride,5,0,6.86.1,2026-08-18 09:24:48,Appreciate the positive rating :),2026-08-18 13:25:40,6.86.1
48e6713c-48f5-482e-a2b0-6e2096a7ebfb,Aadvay,https://play-lh.googleusercontent.com/a/ACg8ocKDa2uffMz2AJGRxYTiCodJILN1ErL-BPNW9P4siheNhfGMKw=mo,customer support bahut ghatiya h,1,1,6.84.0,2026-08-18 08:56:36,Sorry you feel that way. Please elaborate your concern on help@porter.in so that we may assist you further.,2026-08-18 13:22:06,6.84.0
afbbda51-1188-4a7d-99ae-61391a3fc6c5,AMAL WILSON,https://play-lh.googleusercontent.com/a-/ALV-UjXeiZI-OUz2hbDyZ5yWghezme5XshWwg03sn6_aq3C4C-OVbqod,"i have logged in as a porter driver. so i couldn't use the porter service app. If it is in the swiggy delivery partner, i can login as a customer and order food if I want. Can you resolve this issue please. Porter Driver cannot always be Porter Driver, He can also be a customer for you.",3,0,6.86.1,2026-08-18 08:50:44,"Unfortunately, we do not have that provision as a safety precaution to avoid self-orders. You can create a customer account with an alternate number.",2026-08-18 13:18:11,6.86.1
a72e0373-2040-43e2-96ce-281ea1e37770,Sakshi Pandit,https://play-lh.googleusercontent.com/a/ACg8ocJbqM86LXcG0-owlcmF5zkrY0ZCSzDjqCiGHjXcvAlMqytAZw=mo,Porter की service बहुत अच्छी रही। सामान को बहुत carefully handle किया गया और shifting के दौरान पूरी responsibility के साथ काम किया। Staff का behaviour भी polite और cooperative था। समय पर delivery और अच्छी handling के लिए धन्यवाद। Overall experience बहुत अच्छा रहा और मैं definitely 9–10/10 rating दूँगी। Highly recommended! 👍,5,0,6.86.1,2026-08-18 07:41:05,Thank you for the endorsement :),2026-08-18 13:15:44,6.86.1
9650e5ea-e010-4b0a-bac0-c6572c61bf7f,M chandrappa Chandu,https://play-lh.googleusercontent.com/a-/ALV-UjVAMLF18Row-TNf0jo017pGC2u93kfcyWTwkRUOUy_WNvnU7WPB,👍,3,0,6.86.1,2026-08-18 05:16:41,Can you please rate us with more stars if you like our services?,2026-08-18 13:14:36,6.86.1
c297c56b-a0ad-43e4-9b94-b9293093cf7e,Shiva Dhangar,https://play-lh.googleusercontent.com/a-/ALV-UjUyLL3rS6sVSJDNRP1CyCsnky2jA02IdQdK9P1iGAYhYBL41Gk,not good chor,1,0,,2026-08-18 01:37:01,Sorry you feel that way. Please reach out to us on help@porter.in for any help needed.,2026-08-18 13:11:55,
23e1a67f-7851-483e-aa51-14eeaae29cbf,Sam Sam,https://play-lh.googleusercontent.com/a/ACg8ocKRutZUqwKnkL39yG6P28KeON0VNf80OD6qaPUXqIatuQ8-NQ=mo,"Very poor experience with Porter. The charges were extremely high compared to the service provided. The pricing was unreasonable and not worth the money. Please review your rates and provide more transparent, affordable pricing.",1,3,6.86.1,2026-08-17 23:40:02,Really sorry for the experience. Please share the order details on help@porter.in so that we may check this and assist you further.,2026-08-18 12:42:56,6.86.1
0ec37872-b289-48e2-9c64-51b9727822e8,Jiyo Paul,https://play-lh.googleusercontent.com/a-/ALV-UjVLsMkHILLg7Pg2YwSrNkSj5ZhrrkqfFKlpNPSbNPyGfeJV60uu,good team,5,0,6.86.1,2026-08-17 23:26:02,Thanks for the positive rating :),2026-08-18 12:41:38,6.86.1
9628d5f6-5698-425f-9852-d6fa5f4ef5a8,Amit Rana,https://play-lh.googleusercontent.com/a-/ALV-UjVc0PI2Tg_Em-Nq7dhnacZ8D3y6XKe422zwZLVlbdj-motF9Dc,great work,5,0,6.86.1,2026-08-17 23:00:08,Thank you for your kind words :),2026-08-18 12:36:40,6.86.1
a63e8da3-ba6e-4aea-b1ed-9d3018c0f164,Md asgar,https://play-lh.googleusercontent.com/a/ACg8ocIhmO4BxHoU2jAZ7b1wpIKQtPaLBdDKiHM19Ah_Iln1LLp3WNo=mo,very good 👍,5,0,6.86.1,2026-08-17 22:54:41,Thanks for the 5 star rating :),2026-08-18 12:31:57,6.86.1
36349e35-8788-4adb-a70e-f9fcf0b46556,crime reporter Mustafa captain news,https://play-lh.googleusercontent.com/a-/ALV-UjWyGnfjQo8Yup7qe7w1x_yZSudDkCPRi8sDFKexzJOd-vZWyj-n,Our journey is also satisfying.,5,0,6.86.1,2026-08-17 22:53:43,Thanks for the positive rating :),2026-08-18 12:30:45,6.86.1
10a2e5d4-e142-473a-b362-a2218a669a14,Parthiv Here,https://play-lh.googleusercontent.com/a/ACg8ocIwe9tyGV_yGTUyB_6F0IhgYwmRawvjrPp_chtNwbdLiQ9EuA=mo,good,5,0,6.85.0,2026-08-17 22:39:38,Thanks for the positive rating :),2026-08-18 12:28:45,6.85.0
fa41de61-3ca8-4f09-9d15-02a6bb38e5c7,Akram Khan,https://play-lh.googleusercontent.com/a/ACg8ocKdcNxzKpcbyY9EY8sTSSzXa3AREPzJ4FpaoJky1aa6sOu0rg=mo,good working...👌 are you busy use porter or life easy.....,4,0,6.86.1,2026-08-17 22:34:17,Appreciate the positive rating :),2026-08-18 12:28:21,6.86.1
8ccfe73b-bd7c-4445-a6ee-269ed2301084,PAARTH MHATRE,https://play-lh.googleusercontent.com/a-/ALV-UjUc5wv1cwSG7PITxdPGSQSD4hMx2UGKBIV2z7F1AvuRVKHGA-_i,Great First Experience,5,0,6.86.1,2026-08-17 22:32:58,Delighted to know about your positive experience :),2026-08-18 12:27:51,6.86.1
a05a7905-3b0d-4119-8f15-7129b5d1156f,Armaan Khan,https://play-lh.googleusercontent.com/a/ACg8ocIaZWpEsIV9qWeKtXRBAdcXpUXnKASaAFN-ZJTjZaOcUqzb8g=mo,the delivery is very good and they delivered my parcel very safely.,5,0,6.85.0,2026-08-17 22:15:17,Thank you for your kind words :),2026-08-18 12:25:38,6.85.0
25832462-6640-419d-9dfd-5dd857a249f2,Saiyed Mo.Faizal,https://play-lh.googleusercontent.com/a-/ALV-UjVrvp8AsMiO878LIvM68hRJBfDPEbmtXak_BYpFoAINtcUNCn8v,Fast and safe service thank u porter 👍,5,0,6.86.1,2026-08-17 22:07:54,Thank you for your kind words :),2026-08-18 12:24:58,6.86.1
e25769c4-6bad-4352-b48f-75aa006c2e1b,divya vijay,https://play-lh.googleusercontent.com/a/ACg8ocKHur9y_f_KkEgm_eP8ca4zsqhmKviWYmHGHSV8R4gB1NC5nA=mo,Porter is not helpful when their driver do some fraud.,1,0,,2026-08-17 22:03:42,Sorry to hear that. Please elaborate your concern on help@porter.in so that we may check this and assist you further.,2026-08-18 12:22:57,
45103f9f-ae73-4a81-847e-5477c869d154,New Galaxy Inn,https://play-lh.googleusercontent.com/a/ACg8ocIbh-YCxpScOElg19mtvR3hSQb_hM5HzLJ8MGZmbLLrHjqzWw=mo,"nice but , it take too much time",3,0,6.86.1,2026-08-17 22:00:37,Sorry to hear that. Please share the order details on help@porter.in so that we may check this further.,2026-08-18 12:19:38,6.86.1
3e478a8d-046a-464a-93f4-b40736f07a65,Bipin Bipingoswami,https://play-lh.googleusercontent.com/a-/ALV-UjV1imA6eprbnYdFsVisjtbA3cL8MxeyopU-tiKP-dNjImHKqlB1,ok,5,0,6.86.1,2026-08-17 21:48:46,Appreciate the positive rating :),2026-08-18 12:18:28,6.86.1
930da716-72e4-40eb-9201-f763dafbd7b1,Ashwath T Marigowda (Neravu ATM),https://play-lh.googleusercontent.com/a-/ALV-UjULqldzk_oa4fFZ1LtUZE4u9qanp1EeIYa3jpV2U1L8Qzkzt8c0,good behavior and good driving,5,0,6.86.1,2026-08-17 21:35:57,Thank you for your kind words :),2026-08-18 12:17:25,6.86.1
d97d6b73-e2cc-4f41-a661-07b32784d3ee,Rajesh Chatur,https://play-lh.googleusercontent.com/a-/ALV-UjVKHTv0T3C_mmY2W81VT6VN3s7GiAEDRtfTLD80EK2BsbAYkrq-8g,best service,5,0,6.86.1,2026-08-17 21:16:34,Thank you for your kind words :),2026-08-18 12:15:06,6.86.1
940aa096-05a6-4daa-9235-42a44d40ec48,Naval bhalerao,https://play-lh.googleusercontent.com/a-/ALV-UjVnJ_Q2_nh5FHxR-ARSWIPHrw5Gbbt5Y7cF79rbPmh2lyN2OZzQ,good job,5,0,6.86.1,2026-08-17 20:58:44,"Thank you, Naval. We value the positive review and are happy to hear that you enjoyed our service.",2026-08-18 08:32:28,6.86.1
d921f213-b82c-4b2e-b48b-73fb00716636,Mohammed Sayyed Abbas Ali,https://play-lh.googleusercontent.com/a-/ALV-UjW7hULu-ksfVWOVaStC1VZcsltp7df4hmnVvqp82RlXmeQRB0WFhw,very good service,5,0,6.86.1,2026-08-17 20:48:00,Thank you for your kind words :),2026-08-17 20:53:03,6.86.1
83a94d2d-4a35-4cfc-b8ff-f9d73a0b41ee,tarun kumar,https://play-lh.googleusercontent.com/a-/ALV-UjV4Jh22s66k8letfu7gA1LE_IyKVnvIi_JxgMpdFS8mJDQL2UPrhA,nice work,5,0,6.86.1,2026-08-17 20:31:10,Thank you for your kind words :),2026-08-17 20:50:31,6.86.1
64f8434b-884b-4f19-8385-bca1e7564f9b,Shabina Fatima,https://play-lh.googleusercontent.com/a/ACg8ocIcbMxDsrM1NtJ8id-VOrUVZBpqRjJfGIf26qCMhGzfaIyUIg=mo,good,5,0,6.86.1,2026-08-17 20:24:01,Thanks for the positive rating :),2026-08-17 20:26:01,6.86.1
7b36e22d-c6f0-4a0f-a342-eb4c1cf24cf9,K.Sai Aditya,https://play-lh.googleusercontent.com/a-/ALV-UjXD6n_Sv1Kya5RC4mPjBvB9ni5AONjARyCLA1tasQwV8uPJcSMu,The first time code didn't work and the customer care agent called and the call got disconnected intentionally.,1,0,,2026-08-17 20:13:49,Sorry about that. Please reach out to us on help@porter.in so that we may check this further.,2026-08-17 20:19:31,
e7a5b818-b8ff-4c70-81d4-009195f8b8f9,madhu Sharmabac,https://play-lh.googleusercontent.com/a-/ALV-UjUSuTdezC3Rw1jvKoPuZYKENnK5cDinZjKNkR0enUPN6CpMrR7_,good service 💯,5,0,6.86.1,2026-08-17 19:37:05,Thanks for the positive rating :),2026-08-17 20:11:15,6.86.1
3ad8beb6-ff29-4cd4-8043-3434054c7b51,Amit Rajput,https://play-lh.googleusercontent.com/a-/ALV-UjVKauv9vQl8bFkrRkdpChWEGeiKbfmy1ia4NkS2SNwu6dea5F4,Great service,5,0,6.84.0,2026-08-17 19:30:42,Thank you for your kind words :),2026-08-17 20:10:29,6.84.0
438858c1-5359-47ec-9abd-b23238bf8e0f,Selva Selva,https://play-lh.googleusercontent.com/a/ACg8ocJceMRY6Pk7yJ3zTsmJpwzYt8PayrmbVNfokPwexZNYR7HWdw=mo,super app,5,0,6.86.1,2026-08-17 19:21:23,Thank you for your kind words :),2026-08-17 20:05:38,6.86.1
2af24edc-3fa6-4ea1-92a3-498c6384004b,Vikash Sain,https://play-lh.googleusercontent.com/a-/ALV-UjXvFt4GYSsNeP1bnc23L7ZaFOusDMTZY-bhdndo0MQk2xnWz7sk,good service,5,0,6.86.1,2026-08-17 18:55:14,Thank you for your kind words :),2026-08-17 19:30:04,6.86.1
0fab358f-6a1f-4fb4-8640-2c2aa7289b13,Abhishek Mogra,https://play-lh.googleusercontent.com/a-/ALV-UjVlTsuQq-BRzJyv-2u6LEv6z68bHoMRaqsNhpxtJJJJdqLNwRUEuA,good,5,0,6.86.1,2026-08-17 18:54:25,Thanks for the positive rating :),2026-08-17 19:33:27,6.86.1
7abea7e5-f685-472d-b239-3d0db221944c,thiyagarajan a,https://play-lh.googleusercontent.com/a-/ALV-UjXUeEjvgRp54Noj2iPD499HAat0cjo4eLCQN9AlOAliC01wMzsI,good,5,0,6.85.0,2026-08-17 18:36:08,Thanks for the 5 star rating :),2026-08-17 18:46:06,6.85.0
d62bd129-17a4-4208-a2fd-72fafbcffa20,Mohd Faisal,https://play-lh.googleusercontent.com/a-/ALV-UjX7iiX2SeYxUIJiC0L6D70EV5BoDE3qN0lVFoKpuC5WgG7mp1qBrA,ok,5,0,6.86.1,2026-08-17 18:33:51,Thanks for the positive rating :),2026-08-17 18:45:37,6.86.1
2ffe1146-836d-4221-abec-08700afe1ce3,shailesh patil,https://play-lh.googleusercontent.com/a-/ALV-UjXyRXgvtnL56HzvWkrm0D3kCJiMb6c_hXYmQe54N6teNjnkJjFh,good,5,0,6.86.1,2026-08-17 18:31:58,Appreciate the positive rating :),2026-08-17 18:44:28,6.86.1
05a2770e-1877-42a0-877e-eb529c7f2691,Rajeev Singh,https://play-lh.googleusercontent.com/a-/ALV-UjVg4Hb9DOYCyMzqtLOzwe5XvO4bUXx2aMHov0DeRNz4YKlWSZg,nice,5,0,6.85.0,2026-08-17 18:30:17,Thanks for the 5 star rating :),2026-08-17 18:43:53,6.85.0
1828a1a3-87dc-4f87-8ae6-5bd809dabe24,Aftab Khan,https://play-lh.googleusercontent.com/a-/ALV-UjWOsJg2m1XwDB4N6HCFxkUin55vOHTcqQJBI_ZNA9CNpUAr4b2H,koi bhi support nahin Hai inke pass aur koi bhi direct call nahin Ja sakti bekar ff porter👎,1,0,6.86.1,2026-08-17 18:26:42,Sorry to hear that. Please reach out to us on help@porter.in for any help needed.,2026-08-17 18:39:49,6.86.1
3f3ed41e-95d8-4e80-b44f-bd2111a039c5,Gw Lasix,https://play-lh.googleusercontent.com/a/ACg8ocLv7w7axQgHiO1ZSWCbjXDVLbYxZQThelRh_lpgVmMbytU80w=mo,faceing many problems to set pick up location,1,0,6.86.1,2026-08-17 18:05:39,Sorry about that. Please reach out to us on help@porter.in for any help needed.,2026-08-17 18:31:59,6.86.1
a7c03e4f-834c-44ac-bffd-8eaa910e2f2d,Bilal Saeed,https://play-lh.googleusercontent.com/a-/ALV-UjWpVb1EAcYslNRdj8dx5knEt_iswg79DufgkQkvQfhBGAFHgJh0,good aap,5,0,6.85.0,2026-08-17 18:00:43,Thanks for the 5 star rating :),2026-08-17 18:04:46,6.85.0
345faed5-5f66-4fe2-b645-abc22d359efa,Shabanam Dixit,https://play-lh.googleusercontent.com/a/ACg8ocL5SiUrzuYi5E5PW4GFWRu-AKEMrxMl0SXfedblblXt61knPQ=mo,good 👍🏻,5,0,6.86.1,2026-08-17 18:00:26,Thanks for the 5 star rating :),2026-08-17 18:03:45,6.86.1
5a4776a2-4c61-4550-a43f-06be821aba2d,NNIKI Gogri,https://play-lh.googleusercontent.com/a-/ALV-UjV-n0ZxOI58s5EQUkkG6V5mqWfDQ2F7fgTg2if7-cnVcGOYrS_nUw,good Service,5,0,6.86.1,2026-08-17 17:46:33,Thank you for your kind words :),2026-08-17 17:57:11,6.86.1
b0afea7b-4d58-4491-8581-574e92ce8b4a,karm Balar,https://play-lh.googleusercontent.com/a-/ALV-UjVtTvyYypHKVBZXE-aq2SyhGMpOnJlPED8Jyua6DquVqZ2WbQHU5g,"i cant access the application, whenever i try to add location its forcefully stop.",2,0,6.85.0,2026-08-17 17:33:48,Sorry for the hassle. Please reach out to us on help@portre.in so that we may check this further.,2026-08-17 17:42:39,6.85.0
d74719e2-9920-4a3b-bdf6-21b3ef8438e9,Puneeth Rakshi,https://play-lh.googleusercontent.com/a/ACg8ocIOIv-GLVMjcqJT_ztZyxGSC8aOEna_U64To5OoO5F9AQoScg=mo,super,5,0,6.86.1,2026-08-17 17:31:59,Appreciate the positive rating :),2026-08-17 17:41:53,6.86.1
6382b312-b26a-4b41-be92-d610833b25eb,Sanjit Barman,https://play-lh.googleusercontent.com/a/ACg8ocK9C1t_oFdsLzLxs-67gsrguBteh3aeRKq89wRU8yeKtvLY0g=mo,nice,5,0,6.86.1,2026-08-17 17:22:09,Thanks for the positive rating :),2026-08-17 17:25:54,6.86.1
1c5a1b13-2521-406b-bb41-4d47cf2e81ab,Mohd Murad,https://play-lh.googleusercontent.com/a/ACg8ocLf5agID34TykCqY_7g9PHn6fZKzGDbcwqj77mez3X32aJkPA=mo,not taking my exact location.,3,0,6.85.0,2026-08-17 17:12:22,Sorry for the hassle. Please reach out to us on help@porter.in so that we may assist you further.,2026-08-17 17:16:02,6.85.0
4cddcffc-7f2a-419e-a924-ec511948ac1c,Sandhir Kumar,https://play-lh.googleusercontent.com/a/ACg8ocL383g8baZ4MAZ_P0MBz4ugoAXjHR1eTW1T5y3l0T7PHXMP5w=mo,nice,5,0,6.85.0,2026-08-17 16:58:44,Thanks for the 5 star rating :),2026-08-17 17:05:16,6.85.0
03220166-d29d-4b49-a525-3ad17bd79e6e,Ashwin Vala,https://play-lh.googleusercontent.com/a-/ALV-UjW_RSbNLqC6JM3Du26keP7MZKPJuCfFOLQ_7a_sfFX-uE1QZ-M,"Unnecessary Notifications, so preferred to delete the app",3,0,,2026-08-17 16:57:43,Sorry for the hassle. Your feedback has been shared with the team for further review and consideration.,2026-08-17 17:04:45,
e3dbe806-4267-4459-8866-585f3e52b351,Malik Nabeel,https://play-lh.googleusercontent.com/a/ACg8ocLd-zUKyoAGibep2cCzPwolRBIxn-pI4y_bU96dXSdO6XW-2w=mo,great service nice Muhammad ijaz good helping guys fantastic man,5,0,6.86.1,2026-08-17 16:52:48,Thank you for your kind words :),2026-08-17 17:03:52,6.86.1
1d46c18d-cf30-403e-94fd-bdd767d447a4,Prince Soni,https://play-lh.googleusercontent.com/a-/ALV-UjVjuGbVGAeJARkc480uBw911aCwC7xogYHPL4dVGRElAZ3R45Ycgw,not book ride for delivery and pickup,1,0,6.86.1,2026-08-17 16:41:38,Sorry to hear that. Please reach out to us on help@porter.in for any help needed.,2026-08-17 17:01:55,6.86.1
e3ce75f6-9559-44a4-85bf-94542250365e,Renu Singh,https://play-lh.googleusercontent.com/a/ACg8ocJMY0bwDJez0s2uMmp8ILKA7zknS2KwNlozxqdcenDJMs9TwQ=mo,very nice,5,0,,2026-08-17 16:35:55,Thanks for the 5 star rating :),2026-08-17 16:42:36,
f4168678-f218-4096-a9c0-4bbfce50e63b,Manoj N,https://play-lh.googleusercontent.com/a-/ALV-UjXiGaa5o9FleLeDoDIlZLeKURZNupV_zIsjMmwBsgPlz3vMF-I,super 😍,5,0,6.86.1,2026-08-17 16:34:16,Thanks for the 5 star rating :),2026-08-17 16:42:02,6.86.1
d70b7b46-e8ad-4d51-bb9d-3841dcf79446,Prince Mourya,https://play-lh.googleusercontent.com/a-/ALV-UjXbuQ0f9onplOt9Pb02Tf7sxkX9-PzrjjN4V_r1QpPDN0JPiax8,Good,5,0,6.85.0,2026-08-17 16:26:43,Thanks for the positive rating :),2026-08-17 16:36:28,6.85.0
a8e418a3-100c-42bf-a960-a03e976cc278,Kavita Bhagat,https://play-lh.googleusercontent.com/a/ACg8ocIZ56aMrVoPDgZYB8F7HKx8zVGff2v7dW5mDp_b4t2aLOT9xQ=mo,good,5,0,6.84.0,2026-08-17 16:15:33,Thanks for the positive rating :),2026-08-17 16:30:43,6.84.0
82fab90a-7a95-4b16-88eb-6a2d0ab78e18,Golu Kumar,https://play-lh.googleusercontent.com/a/ACg8ocKtuidmHluNH3Qz38f7HxOb6kSOx2xIGCkD9oIO1cv89Ij7lA=mo,fast delivery porter,5,0,6.86.1,2026-08-17 16:13:24,Thank you for your kind words :),2026-08-17 16:24:30,6.86.1
15080058-f9f3-4f16-a91f-83c13f26ac2d,Narendra Yadav,https://play-lh.googleusercontent.com/a-/ALV-UjVf_1lBCfzdGkeqkS-GpUZLXc_1tucofzvMyFQt5FtkmYGj_h4k,Good one,5,0,6.86.1,2026-08-17 16:10:08,Appreciate the positive rating :),2026-08-17 16:23:58,6.86.1
a7746ece-c312-4196-a750-b26b60f2a782,Mikka Singh,https://play-lh.googleusercontent.com/a/ACg8ocLlkoBKnQuhZC2rwXOfE8Vna6IY3wrjOqMECXsg68q5saB87g=mo,good app,5,0,6.86.1,2026-08-17 16:07:34,Thanks for the 5 star rating :),2026-08-17 16:23:09,6.86.1
d80cac89-a2b6-4d56-952d-4dd289579931,Vidyasagar jain,https://play-lh.googleusercontent.com/a/ACg8ocJrzRcQ13Dy8ukNWxNToMI1vtvZpLme-ydDlEmqG6gbDvC7HItI=mo,nice 👍 service,5,0,6.84.0,2026-08-17 15:58:44,Thank you for your kind words :),2026-08-17 16:21:11,6.84.0
2b985a89-ca9b-497f-a77b-fa6c815444da,Raam Bharvad,https://play-lh.googleusercontent.com/a-/ALV-UjWA937BB3OEaS7S-SPdZEKBgnIo90QiGD9k_JqP6pjJhqCHDkzr,good,5,0,6.86.1,2026-08-17 15:48:34,Thanks for the positive rating :),2026-08-17 16:19:01,6.86.1
50487c91-7bc4-4af8-a122-eb5cc0dede37,Ravi Kumar,https://play-lh.googleusercontent.com/a/ACg8ocIeJdjXc6PjdMJ1OX6qFhE13XVlupAQGgy-IcArrXrrY443LQ=mo,Good,4,0,6.85.0,2026-08-17 15:44:22,Appreciate the positive rating :),2026-08-17 16:17:08,6.85.0
0053b884-b7be-4692-8d96-d2ad6a459797,Shubham Shahu,https://play-lh.googleusercontent.com/a-/ALV-UjXRhl3j9wfk8XxX4X6I1g-jVIqzPGMZ8EP6fZnUoNGl434bedI,good,5,0,6.86.1,2026-08-17 15:42:32,Thanks for the positive rating :),2026-08-17 16:18:18,6.86.1
3efbc659-aaae-426f-9c28-2b86547d5b66,Ravi Ravi,https://play-lh.googleusercontent.com/a-/ALV-UjV1xcKHxuqHuHXqdiKDoXe91iJv8Zcvv7R27a-h270WQi_8v98D,very good,5,0,6.85.0,2026-08-17 15:24:10,Thanks for the positive rating :),2026-08-17 16:16:08,6.85.0
7bd8d150-1b62-4670-b7f0-af2413493cd4,Jyoti Thaker,https://play-lh.googleusercontent.com/a-/ALV-UjXs5gNKfoP41Gc7eUy-_8VMCTnjBB6nRx019fgPB0zicZeR9EU,Good Job,5,0,6.85.0,2026-08-17 15:13:28,Thank you for your kind words :),2026-08-17 16:11:13,6.85.0
2e521c14-f449-48ad-81e6-40c73c8c479a,Jasmin Prajapati,https://play-lh.googleusercontent.com/a/ACg8ocKqaWJDOWNHU-1hxwji-fv-M8pd2__HlFN-S7QlWg-k55bAqQ=mo,good 😊,5,0,6.86.1,2026-08-17 15:07:37,Thanks for the 5 star rating :),2026-08-17 16:10:33,6.86.1
9143759f-37b5-46b7-b70f-3f413c1dc034,Jitender Rajput,https://play-lh.googleusercontent.com/a-/ALV-UjVjoxI3OwPMcuZKpp5QhZTuWmQfajDC9AfWe2CWb_Q3dxRDLEVfOg,GOOD EXPERIENCE.,5,0,6.86.1,2026-08-17 15:04:01,Thank you for your kind words :),2026-08-17 16:08:56,6.86.1
85c790eb-9cd8-4c4f-b6dc-4bc01a15b460,Siham Kasabry,https://play-lh.googleusercontent.com/a-/ALV-UjUB-xAxHTOwcG0hRmt71UBcb67M-H-j4uuDFXJ41pdlxanCRFOD,amazing service,5,0,6.86.1,2026-08-17 14:57:14,Thank you for your kind words :),2026-08-17 15:51:28,6.86.1
40db5889-92f3-42da-8ccf-0fa490ba1dfb,Kamlesh Dhameliya,https://play-lh.googleusercontent.com/a-/ALV-UjWCc7D8ulElNWsKFORt1T_iu2gSMqGTq7djFzPMCmHy6RUmLCgJ,બોવ સારુ કામ ભાઈ તમારું,5,0,6.86.1,2026-08-17 14:54:59,Thanks for the positive rating :),2026-08-17 15:50:55,6.86.1
a7230fd6-45a4-4ef7-b821-195c7a3fcb23,mwpl Ludhiana,https://play-lh.googleusercontent.com/a/ACg8ocIF57_jC6z9trmKz4njr79K_Vk6O-9k_SGaqs6gh5VKJ_Kd6A=mo,Good,5,1,6.87.0,2026-08-17 14:40:06,Thanks for the 5 star rating :),2026-08-17 15:44:30,6.87.0
b2a452e7-983f-498c-a703-90cc463ebc26,Mathew Vipin Thomas,https://play-lh.googleusercontent.com/a-/ALV-UjV6q5bOnNJS7lE1qq_oTAzGBsx8GE-lNSSNY4IceOl-Dv-xN5hnpA,"Easy channels for cheating people. The driver informed the recipient that the payment was not made (which was true). The recipient paid in cash. The sender, unaware, also completed the online payment on the porter app. Porter Customer service says that they can do nothing since the receiver paid in cash.",1,5,6.86.0,2026-08-17 14:38:45,Sorry to hear that. Please share the order details on help@porter.in so that we may check this and assist you further.,2026-08-17 15:40:35,6.86.0
596e8ee1-cd66-4501-86f3-83653ab25180,Sam Aalya,https://play-lh.googleusercontent.com/a-/ALV-UjXVTX3Bvr5PFV1CTHe6Xcu3zrzHZhVCVJMFWy5nDStA82f_irv9,I used porter for first time ever and was scammed into paying amount twice. plus the customer service is really bad and they don't resolve the issue and it is not about the amount of money but about integrity of the company. I am really disappointed with the service and would tell everyone around me to not use it.,1,2,6.86.1,2026-08-17 14:30:16,Really sorry for the experience. Please share the order details on help@porter.in so that we may investigate this and assist you further.,2026-08-17 15:39:01,6.86.1
b9f68d7e-9b80-44f4-8043-04d271e0aefa,Kamal Singh Meena,https://play-lh.googleusercontent.com/a-/ALV-UjWkoOSMfFLR4P7GcPOAiim4QGPHBycBYd4nWYNfjzULNgEHixgIrw,good 👍,5,0,6.85.0,2026-08-17 14:12:51,Thanks for the positive rating :),2026-08-17 15:30:30,6.85.0
07827b80-b3f2-4460-bed4-578ffc19e766,Ranjith cr Cr,https://play-lh.googleusercontent.com/a/ACg8ocIAWVBMgqhh-WKXCwrJx4cpqsxXiBA9HaoMgpOXVxI0dhN6GQ=mo,good,5,0,6.80.0,2026-08-17 14:11:13,Appreciate the positive rating :),2026-08-17 15:30:03,6.80.0
b6ab172b-9e9d-42bf-b5d2-7ded60fb5ede,Sachin Saini,https://play-lh.googleusercontent.com/a-/ALV-UjVEOnbygJZkCAfT6KGG5khYHvC0Rd3-TK9UigCw_qM6FD7k94P4tw,Veer good,5,0,6.85.0,2026-08-17 14:07:39,Thanks for the positive rating :),2026-08-17 15:29:18,6.85.0
5476edca-5f8e-4f50-a5d5-16b39e134d07,Imran vhora Imran vhora,https://play-lh.googleusercontent.com/a/ACg8ocKFWWeowRYUJlKZSIQWSbnQviF1QZz5ZKEry7nmehlfN952Yg=mo,nice,5,0,6.85.0,2026-08-17 14:05:41,Thanks for the 5 star rating :),2026-08-17 15:28:26,6.85.0
d6cb7e0f-6f57-41eb-a6b7-091554876896,Bilal Nagori,https://play-lh.googleusercontent.com/a/ACg8ocJ9WAbMKDdpCw8I_1ob5gqkW5jGeol7SP8TeQTIUa_LFhNsLA=mo,Good,5,0,6.86.1,2026-08-17 14:05:28,Thanks for the positive rating :),2026-08-17 15:26:47,6.86.1
e872a2ba-b569-4e7e-9783-ceda2bc019c3,Andanaiah H G,https://play-lh.googleusercontent.com/a-/ALV-UjUHd62ydVnfMzfOYFQ35DDaMVPW93K3JQEZ093OWk2ysNka4DGx,super service,5,0,6.86.1,2026-08-17 13:54:13,Thank you for your kind words :),2026-08-17 15:23:50,6.86.1
f6633b74-0df3-40d5-a867-8d9f180f62bd,kiran reddy,https://play-lh.googleusercontent.com/a-/ALV-UjWmcFHY46oMnlzQ8MPoUuJXdqTjjK-ZbW1J9vnNnustpN82cc3V,very good service,5,0,6.86.1,2026-08-17 13:46:05,Appreciate the positive rating :),2026-08-17 15:23:01,6.86.1
b1d9c7d9-2d00-49f6-a7f7-41a84e725fb2,kattemane Niranjan,https://play-lh.googleusercontent.com/a/ACg8ocLA682Vw0xpzuoW5rR9i97HB2j8dAP0be-5EGZ4K2naoSjdxg=mo,excellent service,5,0,6.86.1,2026-08-17 13:39:28,Thanks for the 5 star rating :),2026-08-17 15:16:20,6.86.1
1968d118-ddb7-4a98-979c-b51fe1ef1207,anil Agrahari,https://play-lh.googleusercontent.com/a-/ALV-UjVPZj7BdV79j3WtrAt8QRSqf16Es34gEK5w_XNv5fcfypflzhTB,"This app used to work well. Now, it suddenly gets blocked and starts asking for extra payment without any explanation. I have called customer care, but they haven't given a proper response for about a week",1,1,6.86.1,2026-08-17 13:24:51,We are really sorry to hear that. Please reach out to us on help@porter.in so that we may assist you further.,2026-08-17 15:14:10,6.86.1
ab24abec-40b0-4ce1-b427-96ad98c5179d,Reshma panwal,https://play-lh.googleusercontent.com/a/ACg8ocKNLwTSEeFC4_S-XBURd4XuOt9aW4vYM9T-Z902nRN6TWK2=mo,good service,5,0,6.86.1,2026-08-17 13:09:05,Thank you for your kind words :),2026-08-17 15:08:11,6.86.1
de9cb484-5ada-426c-889d-9299fa31ba1e,Omkar Yadav,https://play-lh.googleusercontent.com/a/ACg8ocKHgI-07CI8W8INtg9af8wvwKWYWdXk99HG0-bMDv2MoMwzSPw=mo,"Pathetic service, got my refrigerator damaged during transit, and now no one is bothered to take the complaint. Company has said they have nothing to do with the issue.",1,0,6.85.0,2026-08-17 12:59:02,"Really sorry for the experience. Please share the order details on packermover@theporter.in
so that we may check this and assist you further.",2026-08-17 14:58:51,6.85.0
958e9cff-72a3-44af-bc9a-2b877ba2fc0d,Tanaji Tribhuvan,https://play-lh.googleusercontent.com/a-/ALV-UjU_-PEzEabSjZT00th4u-rc0sU7eevHC8I5OixQmb1uowK9QRE,good service,5,0,6.85.0,2026-08-17 12:40:33,Thanks for the 5 star rating :),2026-08-17 14:38:28,6.85.0
655cea59-de5c-43e4-87cb-fac15ed8b8d6,Santhosh Kumar,https://play-lh.googleusercontent.com/a-/ALV-UjWrP91mp5yCd2h6hMJ-ckqUdmQfaE8ulpdTSRQeLDo-ra0DvBvl5w,good,5,0,6.86.1,2026-08-17 12:37:26,Thanks for the positive rating :),2026-08-17 14:40:23,6.86.1
c501ee1b-fe31-40f7-8347-26aa876733f3,Rajdeep roy Roy,https://play-lh.googleusercontent.com/a-/ALV-UjXe_vjd6uj2nN6fd6Cq4jb-dYxhHo2sKpniw4rtZpiQ-TQkrNkA,good 👍,5,0,6.86.1,2026-08-17 12:03:13,Thanks for the 5 star rating :),2026-08-17 14:15:29,6.86.1
a9d81298-b5e7-4799-9e8d-f1ec37a0ab79,Tejendar Surawat 007,https://play-lh.googleusercontent.com/a/ACg8ocKfME30AEbAR6fl8kBqrHacaKLEc3wzSTlXjsdmIXzVImjilA=mo,nice service,5,0,6.85.0,2026-08-17 11:42:43,Thanks for the positive rating :),2026-08-17 14:12:29,6.85.0
44906f8a-6e90-4945-aec0-d53b5d2063bd,Kala Mantravadi,https://play-lh.googleusercontent.com/a-/ALV-UjXqczFWlujDl4zZFS353bs-skAoCN7C-BcdY2NtnoE2DOkJQ3_BnA,fares are on higher side compared to other Apps. But we like this multiple stop option .,4,1,6.86.1,2026-08-17 11:36:04,We value your feedback and have shared it with the team for further review and consideration.,2026-08-17 14:11:47,6.86.1
5aba1bc1-5e60-44fe-8006-c1bda0b332c5,Akash sahani Sahani_1,https://play-lh.googleusercontent.com/a-/ALV-UjUHiZlk_b7ZOlfhJ9smWjEgqwHLeWZ-CdHTOohDvqsU-rAFo2Vx,thank,5,0,6.86.1,2026-08-17 11:31:48,Thanks for the positive rating :),2026-08-17 14:11:14,6.86.1
31c8a3e1-984e-4503-aaef-ef761367564c,Pradeep Singh,https://play-lh.googleusercontent.com/a/ACg8ocLZoA98y5JMBrKmTkZ4XKNaGDIUdKf3wP9JLQrsg3rhJJPrdQ=mo,5 Star,5,0,6.84.0,2026-08-17 11:19:45,Thanks for the positive rating :),2026-08-17 14:10:40,6.84.0
c9fab514-f51d-43c4-a9e6-ef226d958502,Aman Verma,https://play-lh.googleusercontent.com/a-/ALV-UjVEWfgIhoYYfgtoG8flaJkMR0Bto7SJGh-mpna7FuXsEf8HzaB7,Best experience,5,0,6.86.1,2026-08-17 11:09:04,Thank you for your kind words :),2026-08-17 14:10:02,6.86.1
71fbbbc0-891f-4405-b799-331e9cd3061e,Sandeep Pawar,https://play-lh.googleusercontent.com/a/ACg8ocKUC9E8PtCy_4hYGwmaBz49NNKyRBY3s5jN27jgTim3xqSrCwc=mo,good service,5,0,6.86.1,2026-08-17 10:56:24,Thank you for your kind words :),2026-08-17 14:09:27,6.86.1
11469a29-6e19-48cb-84fc-df36104f3e0d,Tojo A F,https://play-lh.googleusercontent.com/a-/ALV-UjWEIE1JDgnNTIsBmSAMh5KL8n6nL5Jg8Ca5we8ekLz2aMi3FfH-,good,4,1,6.86.1,2026-08-17 10:31:54,Appreciate the positive rating :),2026-08-17 14:08:44,6.86.1
9f0f1db6-4300-4288-b405-45c78f799ba5,Md Tausif,https://play-lh.googleusercontent.com/a/ACg8ocL4-6GaNig6R4o9gU1jkEGTwcofgcUnapNQ_YuRBq7VDLAQXqE=mo,theek Hai Magar rate thoda jyada,5,0,6.84.0,2026-08-17 10:09:56,We value your feedback and have shared it with the team for further review and consideration.,2026-08-13 08:49:23,6.84.0
103872eb-8b6e-408b-933c-c121cc25c87f,Vamika Singh,https://play-lh.googleusercontent.com/a-/ALV-UjVq5muwHkX_WSZPlJqiOSUkrb6WuRwM_yrJUoVffGbNknwMZOju,app sucks now. packers and movers is a scam the agents never pack the order and they ask u to do it,1,0,,2026-08-17 10:06:13,Sorry to hear that. Please share the order details on packermover@theporter.in so that we may check this and assist you further.,2026-08-17 14:06:38,
f5c2d892-89b1-4e69-805d-08bcd92ce7f1,Bhagwan Dass,https://play-lh.googleusercontent.com/a/ACg8ocJ78u4mtt67efYrpsWYHvWWTcU5GJ7_PDdHa_4FKvDNybBZVw=mo,nice,5,0,6.86.1,2026-08-17 09:11:30,Thanks for the positive rating :),2026-08-17 14:02:24,6.86.1
97d6fb14-0f14-4ca3-9ab0-52bec881e214,vinay swakul,https://play-lh.googleusercontent.com/a/ACg8ocIYW_iwMV3U5Ucn0PF6SsphJgSJkrVEQZt3iKtZC2gDTzLHnc0=mo,"the service is good and fast. issue with the app: while booking a pickup from any location other than mine, the sender details automatically get overridden by my name and number. so instead of contacting the sender the pickup person calls me and it becomes very difficult to coordinate with them as the sender is unaware of the location of the pickup person. this needs correction",3,7,6.86.1,2026-08-17 08:51:31,We are really sorry for the hassle. Your feedback has been shared with the team for further review and consideration.,2026-08-17 14:01:56,6.86.1
5f83e89a-4b41-4dfb-9853-8bf9886cfb6b,mithil kaudare,https://play-lh.googleusercontent.com/a/ACg8ocLPi74r5F5IMwLulkFMWhsafcvKfqvndpvkn1QYgHxppsEXQw=mo,very very bad experience will never use it again . guys this company porter gives you a minimum qoutation which I got was 575 and after that they billed rs 875 amount completely fraud . if I had booked it from outside they would have charged only 600 or 650 max not more than that because it was close by within a km and there was no customer support till you pay them so bad. guys plz don't use this service rather booked it directly from out. port a worst experience thanks,1,1,,2026-08-17 00:23:03,Sorry to hear that. Please share the order details on help@porter.in so that we may check this and assist you further.,2026-08-17 12:57:15,
330590ab-48b4-48b1-bee4-cc0f94c4fd3d,Chaitnya Pangul,https://play-lh.googleusercontent.com/a-/ALV-UjXXHsvXEoKK0hpm7A7c2zHU7RHcp815ofRDAHCkp7D5W88J3WGDvA,very nice,5,0,6.80.0,2026-08-16 23:14:33,Thanks for the positive rating :),2026-08-17 12:55:07,6.80.0
32a10d51-0e4f-4b51-8ef9-73dd014648b6,Mohammed Abubakar,https://play-lh.googleusercontent.com/a/ACg8ocKdClHXdVmlbIE3HwQiegyAsfgcUS4dV61WGNt0PmwmAFZgfiA=mo,good service,5,0,6.85.0,2026-08-16 23:13:25,Thank you for your kind words :),2026-08-17 12:52:04,6.85.0
f8011b17-a0f7-4693-91bb-23ca1be29840,Kiran,https://play-lh.googleusercontent.com/a/ACg8ocKhgfeXEiInOk6ONiz-NZrrjstvHuLvie7BFluHmVcDt4eibw=mo,your porter app is fully useless and time wasting i ordered at another location your driver reached at another different location nd not picking my calls they dropped me a message to I had reached please do the payment they are liers i did the payment but he not reached yet your driver name is mr sohim the vehicle number is DE-01-ZE-3287,1,0,6.85.0,2026-08-16 22:02:22,We are really sorry for the hassle Kiran. Please share the order details on help@porter.in so that we may check this and assist you further.,2026-08-17 12:45:07,6.85.0
9a20ea37-e4ca-4563-bb85-bed7583e1913,Aman Khan,https://play-lh.googleusercontent.com/a-/ALV-UjVxxpgU6iSxDdC8w-txnWbj32AotLBD0uR_Vz1JUuaN-4k062OW,coins not redem in UPI please improve,1,0,6.86.1,2026-08-16 21:58:04,Sorry to hear that. Please reach out to us on help@porter.in for any help needed.,2026-08-17 12:43:58,6.86.1
3a346f08-323d-4290-ab59-a03977742ff6,Sandeep Singh Rana,https://play-lh.googleusercontent.com/a-/ALV-UjVPbGQqbQOu6Mw57U-rV_X_R-Yy6aNtOYohFqJfjEk2gMmL6RtTcg,very cooperative,5,0,6.86.1,2026-08-16 21:56:53,Thank you for your kind words :),2026-08-17 12:42:48,6.86.1
04cde72e-8039-4b76-abfa-703973a54d38,Tamanna Bangothra,https://play-lh.googleusercontent.com/a-/ALV-UjWjJDXHYQ_uek1pblU5g42fHLjcJ_SYWcuPkcNWvB557bMAe-9H,very bad experience I'm 10time hopeless 😔 😞,2,0,6.86.1,2026-08-16 21:56:05,Sorry for the experience. Please share the order details on help@porter.in so that we may check this and assist you further.,2026-08-17 12:39:35,6.86.1
329487d8-a8c8-4819-941e-bfa173fe2784,Mohit Goutam,https://play-lh.googleusercontent.com/a/ACg8ocKKWMn7Kzxge50uNnM7n9_e8cy4ELRmmyK1Wqmxrb5R_kQGhw=mo,good driving,5,0,6.86.1,2026-08-16 21:33:43,Thank you for your kind words :),2026-08-17 12:36:20,6.86.1
680951e4-c2e4-4bab-a237-4546958c49c8,Mr. Lee,https://play-lh.googleusercontent.com/a-/ALV-UjVtvTLH3NVZe0XOhx8zP4ytVgpnCy2ElZwTiiFLSnzl9XI1LBAh,easy way to transport items to family when our own traveling is difficult,5,0,6.86.1,2026-08-16 21:29:44,Thanks for the positive rating :),2026-08-17 12:35:55,6.86.1
20214ea9-170b-4127-840e-bcd159a3d8c2,Bhargav panchal,https://play-lh.googleusercontent.com/a-/ALV-UjUWDX8cpvCvlFTnNKFCKcGPln4YPTai_9b6PfqRbcAjOt3LI46Xag,"Good Behaviour ,no any demand and on time delivery",5,0,6.85.0,2026-08-16 21:20:09,Thank you for your kind words :),2026-08-17 12:34:46,6.85.0
a2737589-f482-4b03-b287-9403ef876a69,Dinesh Vibhute,https://play-lh.googleusercontent.com/a-/ALV-UjUhHZ1oCK9ppAbLMM07jf5JYUVs2Pg2CA-EUM7N0_kl3cShHVNq1g,gud work,5,0,6.81.0,2026-08-16 21:17:34,Thank you for your kind words :),2026-08-17 12:34:00,6.81.0
b26a8283-b83b-4549-bcc6-bdcb21eb2d8b,Shiva Krishna,https://play-lh.googleusercontent.com/a/ACg8ocJ2st9YI5JGSMKOb7OIreY7d-Pf2NUWrOy4w_GWdYUrVuX17w=mo,Awesome,5,0,,2026-08-16 20:57:45,Thanks for the 5 star rating :),2026-08-17 12:32:34,
9c74c3ec-f593-4672-94a1-7fc6c64e8902,KAPIL “Kapil Kumar” KUMAR,https://play-lh.googleusercontent.com/a-/ALV-UjXpBWrm-HsSqZmAmN-pvtRCnfyQEGVESOAvxfyThLO_-nCvmY4y,good,5,0,6.86.1,2026-08-16 20:29:12,Thanks for the positive rating :),2026-08-17 12:31:29,6.86.1
4a5e8586-75f3-450d-a89d-99ec67393ef4,Chetan Sondagar,https://play-lh.googleusercontent.com/a-/ALV-UjUm5sXNGPC7mMZeUNdujm9s7nCtoRXg9zmhoEx8VL7Q8wHr7EI,nice person & quick delivered,5,1,6.86.1,2026-08-16 20:22:39,Appreciate the positive rating :),2026-08-17 12:30:53,6.86.1
f7949c4d-75f5-40f8-b15e-4574bd0d1626,vinod makwana,https://play-lh.googleusercontent.com/a-/ALV-UjV0irNXhowhgT6AeN9Ja5DusNsbfKPFroxMXklUQQntzEtpSHh-5A,good work 👍,5,0,6.85.0,2026-08-16 19:55:43,Thank you for your kind words :),2026-08-17 12:29:42,6.85.0
d220ddc9-7ba5-49a2-92c9-15e67dc2ec72,Sandeep Reddy,https://play-lh.googleusercontent.com/a-/ALV-UjXJwONUgNDIGfDDQYuIvzP1YuoY43hzhMOsF7XAyxrtnHypxxHEvw,good service,5,0,6.86.1,2026-08-16 19:49:19,Thank you for your kind words :),2026-08-17 12:28:37,6.86.1
83a3ef37-dd62-43a5-a4ba-cfc375d0098c,Ramesh Kamath,https://play-lh.googleusercontent.com/a-/ALV-UjU0k3KSEdo7DActT5zY2cCnqEG0TlQgNraT83RlTYEnW8SHam0z,Excellent means provided for ordering small parcels in quickest time,5,0,6.84.0,2026-08-16 19:37:34,Delighted to know about your positive experience :),2026-08-17 12:28:10,6.84.0
333265f0-16a6-4c99-b72a-3a233e45337e,Hemant Kumar,https://play-lh.googleusercontent.com/a/ACg8ocK5NkwWr56jRbsl-Kabus3XEjWZKYdvIFIedM6ArUVZfkzG=mo,good,5,0,6.82.0,2026-08-16 19:35:45,Thanks for the 5 star rating :),2026-08-17 12:27:21,6.82.0
4d1259df-e001-4304-9b3a-46f1ce8bce1a,Kaja Sheriff,https://play-lh.googleusercontent.com/a/ACg8ocKmeW82407Pa4PG6dPV1Fajomx2GhzN_gNsttroQedNhK9V1g=mo,very good the patner side very good peoples they keep the time keep it up,5,0,6.86.1,2026-08-16 19:29:17,Thanks for the 5 star rating :),2026-08-17 12:20:47,6.86.1
44b0d9c4-a4ec-41fb-8912-0dd00554321b,Syed ahmed Ahmed,https://play-lh.googleusercontent.com/a-/ALV-UjUL2zTTG30p3cX7dR5NGZ3iDkoKMZsEhCOPXf-uayXEDZ2Bi2Sb,awesome,5,0,6.86.1,2026-08-16 19:23:44,Thanks for the positive rating :),2026-08-17 12:17:03,6.86.1
361e6cbe-1a0d-40a9-93df-41aebcbfbf72,Shankar Prajapat,https://play-lh.googleusercontent.com/a-/ALV-UjVUWrt4d9980N10oUwIYAOcBJ9CN0WH5us9PWrH-_WVij8FrWLnZg,nice,1,0,6.86.1,2026-08-16 19:23:43,Can you please rate us with more stars if you like our services?,2026-08-17 12:16:30,6.86.1
3219c20f-eb08-4781-91b5-88208232fef9,Keshav Kumar,https://play-lh.googleusercontent.com/a-/ALV-UjVlgTwLg5dEPhUWnrcgOxx9c4WbiHSQouUeAvDGhX0fXW6YswNN,बहुत बढ़िया सुविधा है ये,5,0,6.86.1,2026-08-16 19:11:02,Thank you for your kind words :),2026-08-17 12:08:59,6.86.1
43e81f14-9a58-4f57-8471-3bf776ce4d8f,Akash Patil,https://play-lh.googleusercontent.com/a/ACg8ocLipXCNPVrrrSyNGtZ-agWj3aGK1jI7KvAQ2wF_y1oPIzFFdw=mo,good work,5,0,6.86.1,2026-08-16 19:00:44,Thanks for the 5 star rating :),2026-08-17 12:08:33,6.86.1
6a9c65e2-fefe-42f5-9e5f-426c07c11292,Shadesnprints Punita Malhotra,https://play-lh.googleusercontent.com/a/ACg8ocIrrkGarMs4DTcc_ZjLfOlrROcDAEhIE5UukT2mvR8C8LcBzQ=mo,excellent service . reliable delivery drivers .,5,1,6.86.1,2026-08-16 18:54:58,Thank you for your kind words :),2026-08-17 12:08:11,6.86.1
751925c9-169a-40aa-8fd3-fd7eb0e9e3d7,Rajesh Thakor,https://play-lh.googleusercontent.com/a-/ALV-UjVHkJQyxHl_aeqdISnFvf_81FXGm5wENJZKkSRReO-Sp44ZbjbPIw,good sarvice,5,0,6.85.0,2026-08-16 18:48:56,Thanks for the positive rating :),2026-08-17 12:05:36,6.85.0
9f1007aa-231c-4872-b75b-fe49583c62bc,Bhavana Gaikwad,https://play-lh.googleusercontent.com/a-/ALV-UjW1VrKqVQXzZWUleWH72w4tfm50QyRVa8ApOp-SkGxmEigOUWI,Nice,5,0,6.86.1,2026-08-16 18:32:18,Thanks for the 5 star rating :),2026-08-17 12:01:56,6.86.1
5bf30504-310c-443d-8fcf-afa5eff74498,Saddo Shaikh,https://play-lh.googleusercontent.com/a-/ALV-UjV23nn2NRmKv3R8RV5EXrhS1W09Wbncn07MG3I2NBuBudn0TbPL,good ll,5,0,6.86.1,2026-08-16 18:21:58,Thanks for the positive rating :),2026-08-17 11:58:20,6.86.1
0279e53b-7412-483a-977f-8c8523a99787,Abhishek Raj,https://play-lh.googleusercontent.com/a-/ALV-UjV-MwqA5P-KvBYMttZGAOx98Kgn6HwgehJPM7wMpemjvpnHT_jZBQ,good job,5,0,6.86.1,2026-08-16 17:57:30,Thank you for appreciating the quality and consistency of our service.,2026-08-16 18:25:47,6.86.1
04739c7d-5857-4fe9-9323-adc4e5a8d6db,bhanwar lal samota,https://play-lh.googleusercontent.com/a/ACg8ocLBmOYBtBbZiK6-OyeOLdv8pFSECf1t-lTImmXr8JE4xfJh2A=mo,good,5,0,6.85.0,2026-08-16 17:23:31,Knowing you had a great experience encourages us to keep raising our standards.,2026-08-16 17:26:19,6.85.0
c4003ad0-96ca-48d1-a204-567cf2e6f7ed,Ankush Maykar,https://play-lh.googleusercontent.com/a-/ALV-UjWWT5LK34hcuOPkwdZuLXM4qvW-CXNfiJL9dHYsVGV05j17UJZC,nice👌,5,0,6.86.1,2026-08-16 17:05:44,We’re delighted that our service made your moving and delivery worry-free.,2026-08-16 17:22:40,6.86.1
90c4c6de-8146-4232-95cb-809657b4f5c1,Jyoti Sharma,https://play-lh.googleusercontent.com/a/ACg8ocI7BEN6BM8Y_86cjIaQfui9oYnkHPmphXzFX129er0gOOTqNw=mo,good,5,0,6.85.0,2026-08-16 16:47:43,We’re pleased that our app and service worked well for your requirements.,2026-08-16 16:58:39,6.85.0
914aaacc-f2e1-4011-8a73-2e02ea066184,Soumya S k,https://play-lh.googleusercontent.com/a-/ALV-UjWzF0Vm2wOzU9PjhLrLaaPHTzx86vCYxOMNJMOwzc99hHZUJUjv,very bad,1,0,,2026-08-16 16:46:31,Your kind review will be shared with our team—they’ll be very happy to read it.,2026-08-16 16:56:19,
cbddb137-bb11-4d81-94f8-83462588858a,harshal vasava,https://play-lh.googleusercontent.com/a/ACg8ocKZbGFbJAV18WAAMb8t8LUwx-8fKe82Hth_oMufRc4fc875aQ=mo,Nice Service.... Helpful,4,0,6.85.0,2026-08-16 16:42:39,Thank you for your kind words :),2026-08-16 17:00:40,6.85.0
a3e74d5a-ba46-42b8-aa6f-dccda04c59f4,shaikh yasmin,https://play-lh.googleusercontent.com/a-/ALV-UjX1OtPUwwJWfmPJ9wEJ5L8RBIqwfB8_cL6AtXhpWJ9WfBuL4rE,excellent service 💫💫💫💫💥💥💥,5,0,6.86.1,2026-08-16 16:30:29,Thanks for the 5 star rating :),2026-08-16 16:50:49,6.86.1
077bfefe-f8f2-42fa-90ca-d4dd24e1bb6e,Siddharth Mishra,https://play-lh.googleusercontent.com/a-/ALV-UjVWPfTstVPHJ8K156Ly0zPhvT_tx04b8AzTqF1_MDa49UwCaFFy,they lie during sales pitch. they say that they will send employees but they hire vendor companies who send untrained people,1,0,6.86.1,2026-08-16 16:17:21,We are really sorry for the hassle. Please share the order details on packermover@theporter.in so that we may check this and assist you further.,2026-08-16 16:38:16,6.86.1
38bf57a6-b030-4a7c-bfac-2817fe7b1418,Sushil Singh,https://play-lh.googleusercontent.com/a/ACg8ocIIlsYPK0dkvWuI31OrGM2Np0w9P-adBLnK9CrC3oDqIZbwoQ=mo,fast service and safety,5,0,6.85.0,2026-08-16 15:46:22,Appreciate the positive rating :),2026-08-16 16:00:33,6.85.0
306183aa-2360-46f7-86ab-130e0a508a9b,Shekhar Lonkar,https://play-lh.googleusercontent.com/a-/ALV-UjWS4rAh8aUM66N0NiGvMybmpaO3t3elkaC9vlUHar9U1uhI1UpEig,realy good services,5,0,6.86.1,2026-08-16 15:43:35,Thank you for your kind words :),2026-08-16 16:00:02,6.86.1
536c7937-7cf4-49dc-b964-8c11164d7ad1,Ajay Yadav,https://play-lh.googleusercontent.com/a/ACg8ocIBsRdW207Rk7DnjclCXRzpwa6Pse2Za--mGyXUSSU2ISthUw=mo,very good 👍😊,5,0,6.86.1,2026-08-16 15:30:01,Thanks for the 5 star rating :),2026-08-16 15:59:05,6.86.1
55247cda-ab88-4180-8010-8f54a30f1a3a,Darshan Patel,https://play-lh.googleusercontent.com/a-/ALV-UjUs8PTx1ouB366YjDoHHPqWOrOTI63o9AVkgOYCFVuWfRQaE2kY,very good dilevery,5,0,6.86.1,2026-08-16 15:29:04,Thank you for your kind words :),2026-08-16 15:53:50,6.86.1
e79a3a3c-aa8f-415a-81ad-38af534738bb,Kishor Patil,https://play-lh.googleusercontent.com/a-/ALV-UjUIT5Xirx4LSsBoSPqnb_ArMAzg9EyxgzxxkKScimtXrz2ze34,good service,5,0,6.86.1,2026-08-16 15:27:49,Thank you for your kind words :),2026-08-16 15:53:21,6.86.1
ada04e36-bca1-4e2b-8d9b-10462795e690,Judge Saab,https://play-lh.googleusercontent.com/a/ACg8ocIG_XX-vf-rsoF61eJNHZQiboqr5M-XgdBbAMOTdEt0dvAn3A=mo,very useful service,5,0,6.86.1,2026-08-16 15:26:08,Thank you for your kind words :),2026-08-16 15:52:21,6.86.1
256e7642-7ed6-4998-8f81-4a5175287d2b,Aman Shaikh,https://play-lh.googleusercontent.com/a-/ALV-UjUYk5Kev4-VJfvBUOURS5I01a_JamhNhWeanu6_HYqZGqr2Y_YxMg,nice work 👏,5,0,6.86.1,2026-08-16 15:15:51,Appreciate the positive rating :),2026-08-16 15:46:00,6.86.1
d27dd984-90ea-45ed-9d89-6d151b334bd6,Masi Md,https://play-lh.googleusercontent.com/a/ACg8ocIol63Exc0JWZbeRyRyJQQMXisVJG3K0ppEeLCsHTLoeyl3NQ=mo,good delivery,5,0,6.86.1,2026-08-16 15:09:17,Thank you for your kind words :),2026-08-16 15:43:51,6.86.1
9f188ca3-eff5-412a-a2f7-eeb9b205f5d0,Dev Bhati,https://play-lh.googleusercontent.com/a/ACg8ocI5rQQyEkFaxClc1Yp7HAQJmsQeBkTZhBeKLXsFW7BbE6ZFLg=mo,good service,5,0,,2026-08-16 15:08:59,Thank you for your kind words :),2026-08-16 15:42:40,
ca1daf54-19f6-49f1-97e9-4ca75cfc15a6,Rupesh Soyal,https://play-lh.googleusercontent.com/a-/ALV-UjUucYXCY7TtyZXebtxndfhhcduDr-S8eGKvdC55HNkQVitOUs0,most usefull and best service,5,0,6.86.1,2026-08-16 15:07:32,Thanks for the 5 star rating :),2026-08-16 15:34:27,6.86.1
4aaf81a4-d9d9-4778-add9-473515b17c49,Fariyad Khan,https://play-lh.googleusercontent.com/a-/ALV-UjUAxEdmZvHjD0tzPtItCRr4YvlXpeWmcPsZKWZhAD6NeuqSq1k,good service 👍,5,0,6.85.0,2026-08-16 14:49:31,Thanks for the 5 star rating :),2026-08-16 15:06:39,6.85.0
31c07145-9346-4baa-9e68-c4c0e2e26481,Rajkamal Singh,https://play-lh.googleusercontent.com/a/ACg8ocIqBlfDoyv95Ikf7Y4Z8kmLvvag2d5agF_OgfeJdC2EVwz7OiZm=mo,rong pickup address,2,0,6.85.0,2026-08-16 14:45:00,Sorry to hear that. Please reach out to us on help@porter.in.,2026-08-16 15:03:15,6.85.0
284edbdf-f3ab-44a8-ad79-6ff58fe5c9c4,Satish Vishwakarma,https://play-lh.googleusercontent.com/a/ACg8ocISbsx01p5Jk_zrJiGj03DerLq6WEces00H6XFAuatqPkOKqw=mo,good,4,0,6.86.1,2026-08-16 14:15:57,Appreciate the positive rating :),2026-08-16 14:44:33,6.86.1
07d5ea39-d813-4d46-a6a0-bb3a5aab42ba,Santosh Kamble,https://play-lh.googleusercontent.com/a-/ALV-UjUvasm8PtUjk_Bc8NwL4y6gvPy46fjEk3CDYpP7AqPKbU5O8FQsTA,good 👍,5,0,6.86.1,2026-08-16 14:11:00,Thanks for the positive rating :),2026-08-16 14:20:30,6.86.1
06f10919-f7e1-4724-bfc9-490b1e34b72b,Prince Lohiya,https://play-lh.googleusercontent.com/a-/ALV-UjX4u0Ro9hNPzYtpUqc2qLHD-IsCtrQJExwBMBVvIpm7zCm2ZdY,good service 👍,5,0,6.86.1,2026-08-16 14:03:22,Thanks for the 5 star rating :),2026-08-16 14:18:01,6.86.1
31d0b987-dfac-4cdb-a0d2-ba7ed87d8d76,BHARATH Adlakha (Chhota),https://play-lh.googleusercontent.com/a-/ALV-UjV4lTFIC7-74R9K-tlobhFihhLRS6UzrC1BUVCRQc-Q1CAkVEgEEA,nice,5,0,6.67.0,2026-08-16 14:03:11,Thanks for the positive rating :),2026-08-16 14:16:59,6.67.0
8382d5dc-0bea-43d3-b6c8-bb01eeb87b37,Pradip Tambade,https://play-lh.googleusercontent.com/a/ACg8ocJ1w1joP18PdiWZ7BM6ZKIWE6ersN_4pMku8CGT42HWehy8Gg=mo,very nice,5,0,6.85.0,2026-08-16 13:47:53,Thanks for the positive rating :),2026-08-16 13:59:09,6.85.0
611483f3-d7b6-484b-b80b-2143781cfa94,manoj kumar,https://play-lh.googleusercontent.com/a-/ALV-UjUUwNgG1-tVYbkEUoxPoVCZN6GFPdlGOCocC1EQ_xEtlsU0t_dd,good,1,0,6.82.0,2026-08-16 13:35:59,Please rate us with more stars if you like our services.,2026-08-16 13:58:07,6.82.0
b2fc66fd-5fbf-4fba-89ea-aade214d8bae,vikash pandey,https://play-lh.googleusercontent.com/a-/ALV-UjVf3VPyYScDG8t3ALq53oX_O3YSseDJ-s4gkhESfQierEtBH9GEgg,good person,5,0,6.85.0,2026-08-16 13:32:17,Thank you for your kind words :),2026-08-16 13:57:32,6.85.0
e76c23a7-282c-4ed5-86f1-00787228844d,Baleshwar yadav,https://play-lh.googleusercontent.com/a/ACg8ocJ5VU01W4ad1b4XWmroliY6k4EUT1LLaJJob-roc2C7Yfce5A=mo,Good job,5,0,6.86.1,2026-08-16 13:23:51,Appreciate the positive rating :),2026-08-16 13:55:50,6.86.1
67b206d1-d061-4a36-9ea2-ddb6c9db74d8,Raju Ram,https://play-lh.googleusercontent.com/a-/ALV-UjUJjq7vWg4A4XYFrTS-ccql5Wzuvq2y5m5BxyA-0AqIwga3rtvn,nice,5,0,6.85.0,2026-08-16 13:12:48,Thanks for the positive rating :),2026-08-16 13:55:01,6.85.0
ce54e0d3-a18c-4c09-9604-93dc4852cfb6,Girraj Yadav,https://play-lh.googleusercontent.com/a-/ALV-UjX3Y2moFz0h-Xeb5nwfY_Xw4dj85DzLDYk7G0zSnF7x1n-RqCNO,thank you,5,0,6.86.1,2026-08-16 13:05:17,Thanks for the 5 star rating :),2026-08-16 13:54:32,6.86.1
2c5e102a-06d2-40ef-a5b6-852a877d5722,Suryabali Chaurasiya,https://play-lh.googleusercontent.com/a-/ALV-UjVQsQ2NU1A4oyxadaTaxgN8Ffikm1a__2c-8mJDSROkwdT6LrZPMw,best service,5,0,6.86.1,2026-08-16 13:03:26,Thank you for your kind words :),2026-08-16 13:53:55,6.86.1
0128b467-5ba8-4b66-ab69-983de9d3fdfa,Guru Swami,https://play-lh.googleusercontent.com/a-/ALV-UjWwEL35lhevP_sf8UpgbOjfuC5cNOOvkg37nMnBnBkd1xC4CNDH,very good,5,0,6.86.1,2026-08-16 12:51:38,Thank you for your kind words :),2026-08-16 13:52:48,6.86.1
44e846a3-29cb-4a0a-b1aa-114175b428a1,Sanket Chorage,https://play-lh.googleusercontent.com/a-/ALV-UjX5xBV8PNRg31cpX7ciNaP2pYxqFSZyfLMOc8WZb1NC7-UANV66Vg,first service excellent work,5,0,,2026-08-16 12:34:04,Thank you for your kind words :),2026-08-16 13:51:31,
3cfaa655-64ce-40fb-b59b-c144927f3a7d,mahesh gowda,https://play-lh.googleusercontent.com/a-/ALV-UjVwgtS0MxYKbqAsnUDWsVWXMq5nGOuk4Zihu31f_KdVKovBXyTvVw,very good,5,0,6.85.0,2026-08-16 12:33:50,Thanks for the 5 star rating :),2026-08-16 13:50:53,6.85.0
e3be510a-80e7-4d3c-b63e-b9ae88c6a8b8,Rajendra Singh Rajpurohit,https://play-lh.googleusercontent.com/a-/ALV-UjX9LeGm9N75PN-EUMAdxXiTvf6e-JRm9x_gg715JHsg37uYghaa,OK,5,0,6.83.0,2026-08-16 12:24:38,Thanks for the positive rating :),2026-08-16 13:27:25,6.83.0
e39af3a1-1ae9-4e19-9467-7610d7b2a2d1,mani kandan,https://play-lh.googleusercontent.com/a/ACg8ocJeL0jHsYJe85WdEKZVSxyinplSEf-7X7uqyGoXk7_elHKPmw=mo,good,5,0,6.86.1,2026-08-16 12:00:44,Thanks for the 5 star rating :),2026-08-16 13:26:14,6.86.1
9cede91f-7af6-4313-af90-059a841d5374,Girish Nadkarni,https://play-lh.googleusercontent.com/a-/ALV-UjV-D-Q37DdC1riPxQjy0douc6yUZiAZCup8OWfNBeje761pFMxw,quite respectful.,5,0,6.86.1,2026-08-16 11:44:06,Thanks for the positive rating :),2026-08-16 13:20:35,6.86.1
e1ae6618-e145-474e-b48d-14a9b7ea2257,MD SADIKUL ISLAM,https://play-lh.googleusercontent.com/a-/ALV-UjXzytA9zpQkJwtnrUnMZ6AtnedSQ-6BvwLBxwy0Mda9e7x-96Q,good application,5,0,6.86.1,2026-08-16 10:46:31,Thank you for your kind words :),2026-08-16 13:19:52,6.86.1
1ddd0179-c4fe-428c-8789-719aeb0b4efe,stephen raj A,https://play-lh.googleusercontent.com/a-/ALV-UjXYnREoLyCrfkpjK909wOxPU-HGzYg121hc5-dIn_SYpVuI0ws9,no customer care support,1,0,6.86.1,2026-08-16 10:42:24,Sorry to hear that. Please reach out to us on help@porter.in for any help needed.,2026-08-16 13:19:27,6.86.1
c4003b82-b83b-48af-a0cd-4b3df4fe6154,Madhavi Patwardhan,https://play-lh.googleusercontent.com/a-/ALV-UjUn9GPzaJGqA6mXGtOML8z_AHTCtF1CEpCBmXjf63wke_d9Yv8,Good and speedy service.,5,0,6.86.1,2026-08-16 10:32:08,Thanks for the positive rating :),2026-08-16 13:15:56,6.86.1
07178247-b76c-4f90-995d-1d5a90f41619,AS,https://play-lh.googleusercontent.com/a-/ALV-UjU9xAMTsawT4nXDTmhE-kOv3H2vPMVkBJvU1wZCFBXTZwEIgw02,very good experience,5,0,6.85.0,2026-08-16 10:18:07,Thank you for your kind words :),2026-08-16 13:15:01,6.85.0
a7d612d2-caff-418a-b2c1-e699764bb3fe,Irfanhusen Faijuddin,https://play-lh.googleusercontent.com/a/ACg8ocL0EAE1Ml4Iue20_Jhe8R_On3EeCKl6BWwRx-37z9OwYFsywQ=mo,good service,5,0,6.86.1,2026-08-16 10:08:57,Thanks for the positive rating :),2026-08-16 13:14:36,6.86.1
7710da4c-227f-4c37-affb-5c599fbedcfd,Alpeshoad Alpeshoad,https://play-lh.googleusercontent.com/a-/ALV-UjXzD3puRc1h2sSvAlP4UOsDwaqk0hSBjOAWQgzJ1a4MSjFJu-Q8,nice,5,0,6.86.1,2026-08-16 09:37:37,Thanks for the positive rating :),2026-08-16 13:13:21,6.86.1
6dfd78ce-34ce-4f85-9591-95e0ebab23d1,Divya Chennai,https://play-lh.googleusercontent.com/a/ACg8ocLLrecrkptNY_GxfgXeCJoBBoAs_rkHxSHLOf-GUktcaPyxF5va=mo,superb app,5,0,6.86.1,2026-08-16 09:22:51,Appreciate the positive rating :),2026-08-16 13:12:04,6.86.1
afcb7d04-8494-4b62-abc7-049cc686368f,Mohd Asif Khan,https://play-lh.googleusercontent.com/a/ACg8ocJ34PjDzAfXzvBCHOITDOQmtwcZCOd7M8uQT6QzSCQFxFbPJA=mo,awesome,3,0,6.85.0,2026-08-15 23:42:17,Can you please rate us with more stars if you like our services?,2026-08-16 13:07:01,6.85.0
9ab583a0-1f01-4ccf-9b70-b465303ad8d1,Hunny Arora,https://play-lh.googleusercontent.com/a-/ALV-UjWyRaF8MShhecPRqg0h2GpXMb3XdZ3SyDzp0SZ0iDgnbHZARRKxIQ,👍 service,5,0,6.85.0,2026-08-15 23:39:33,Thank you for your kind words :),2026-08-16 13:06:32,6.85.0
ad29f51f-0517-42d6-a825-c304b776dfb8,Sourabh Verma,https://play-lh.googleusercontent.com/a-/ALV-UjXp-XS-pykPx4U4Xn5XXVuLjb1yOoex2B6xcOmXKWUp7RfxxiBt,"bekar app h bilkul, delivery partner double paisa manta h accept krne k bad",1,0,6.86.1,2026-08-15 23:28:08,Sorry to hear that. Please reach out to us on help@porter.in for any help needed.,2026-08-16 13:05:44,6.86.1
7586a312-4c55-44ec-ae4d-eb1ed19cbfbb,Rohit Ramani,https://play-lh.googleusercontent.com/a/ACg8ocL6pNWl7aOOaheKlWQLBMIgZJRyPyHVQ60dzVjaHWPl91axOg=mo,good,5,0,6.85.0,2026-08-15 23:24:00,Thanks for the 5 star rating :),2026-08-16 13:05:12,6.85.0
a8ab1f92-1bfa-4350-a38b-5e329a09836a,SHILPA Pawar,https://play-lh.googleusercontent.com/a/ACg8ocIgQra7ZLOmXq4tkotR44R4y9AHhq4uXT1tFqRgv0cItCQviA=mo,very good service and affordable prices with market,5,0,6.85.0,2026-08-15 23:07:40,Thank you for your kind words :),2026-08-16 13:01:25,6.85.0
ab1f9e88-d46d-41bc-b34f-b754d964fb14,Sintu Halder,https://play-lh.googleusercontent.com/a/ACg8ocJ91blhZ53wR2lJmCVcqwBW-UuxcrBa34l0uQCdAtdur4VLyfU=mo,supar,5,0,6.85.0,2026-08-15 22:50:01,Thanks for the positive rating :),2026-08-16 12:51:26,6.85.0
4d6b59b5-1ed8-4892-bea3-3d2e3594b3a3,Rukshana Shaikh,https://play-lh.googleusercontent.com/a/ACg8ocIvgn8xvW5Lr4TyhqjA5RWay7LtIbycDOTSfoyYSsGOoEpy3Q=mo,nice app buttime bahut lagta hai,5,0,6.85.0,2026-08-15 22:38:06,Please reach out to us on help@porter.in so that we may assist you further.,2026-08-16 12:50:01,6.85.0
8d535d45-ab69-4011-b602-adcd3b4a863e,Anamika Roy,https://play-lh.googleusercontent.com/a/ACg8ocIQFc8BTFlDUQqwQ3FUCgq9d5CTANSgccsj20a7aMiPc4XhGw=mo,not so good service provider is not provide exact service 👎🏻,1,0,6.85.0,2026-08-15 22:36:41,Sorry for the experience. Please share the order details on help@porter.in so that we may check this and assist you further.,2026-08-16 12:47:21,6.85.0
9c7ff50e-da69-4f72-b0ec-d1e73a4f712f,Shanu Ali,https://play-lh.googleusercontent.com/a-/ALV-UjXznsMOUJSSVGIlc4xmSdr80jOUvQSXeHBfbr0OFhwv8SaewYA9dw,Good,5,0,6.85.0,2026-08-15 22:22:36,Thanks for the positive rating :),2026-08-16 12:46:23,6.85.0
cd4406e5-2636-45de-ad88-b4ac35fb4f99,Priyanka Kalashwa,https://play-lh.googleusercontent.com/a/ACg8ocKhFbWQ8Eia7L2ce_eMX5LcCGIkEWAGxjG495KO-K-rLIUHtw=mo,"porter has very highly unprofessional workers, they don't even have manners to talk to the customer after service. after using a service from porter the worker asked me to empty the cartoon boxes and take it back another day and refund me 1 thousand rupees. from past 10 days I'm taking daily followups and he's delaying by giving fake promises, afterwards I connect with porter customer care service they are also not taking care of such delays and I'm not getting satisfying answers.",1,1,6.86.1,2026-08-15 22:07:46,Really sorry to hear that. Please share the order details on packermover@theporter.in so that we may check this and assist you further.,2026-08-16 12:45:55,6.86.1
06a37ea5-f82f-48f3-875a-f7f8db13d29a,Umesh Mn,https://play-lh.googleusercontent.com/a-/ALV-UjW9gIWUPPZmIauq9lhtltZVCi3L2-SRDMWu4js3EAi38YJItw1DGw,i booked a parcel for 7.19 but i got the parcel at 9.40....if i ask... he didnt... response.... he is doing others work n getting me at last..... if he is doing all the others work n getting... den y i shud pay full amt..... what is the use to booking porter ware bad experience..... pls dont book it the porter......,1,0,,2026-08-15 21:51:30,Really sorry for the hassle. Please share the order details on help@porter.in so that we may check this and assist you further.,2026-08-16 12:44:07,
a3100808-c885-4bcc-8988-6a93b5fc3f64,Durjoy Reang,https://play-lh.googleusercontent.com/a-/ALV-UjX8GqeoEy81TvOuA8HB_at-PmBXW7Ak02hhXY5MvnWlRpU0Y-I,👍,3,0,6.85.0,2026-08-15 21:49:33,Can you please rate us with more stars if you like our services?,2026-08-16 12:37:52,6.85.0
6d933c17-91d9-4129-af8a-1f95b23747e3,MARI MUTHU,https://play-lh.googleusercontent.com/a-/ALV-UjWoabO91-m_xu8flwlbUCNxHpWDOnCzSDFd1fw6mvcJYRKKUIQiuQ,super fast and very kind thanks Mr. mohamad,5,0,6.85.0,2026-08-15 21:37:16,Thank you for your kind words :),2026-08-16 11:19:32,6.85.0
6b4a45bb-7d6f-4803-831d-d26c1f0ad234,Nikhil Sharma,https://play-lh.googleusercontent.com/a/ACg8ocJnTewgEDgnueRJDwlRV-R1SNwIrgA94KH8NMWU6hrciKLQ8w=mo,😊,5,0,6.85.0,2026-08-15 21:34:13,Thanks for the 5 star rating :),2026-08-16 11:19:07,6.85.0
24594fe6-e6f5-46d8-b857-c94b8d2aa609,manish arora,https://play-lh.googleusercontent.com/a-/ALV-UjXliKIf7I73CDVptxCyYM7gXsNzyYjkZZ5qHlFymcBatWU1hcZC,GOOD,5,0,6.86.1,2026-08-15 21:30:32,Thanks for the positive rating :),2026-08-16 11:18:38,6.86.1
bda234f6-e993-49d3-a2fe-582243cfd61b,Parvidar Goswami,https://play-lh.googleusercontent.com/a-/ALV-UjXglnOdj0ucCqkosm-ux5x9U1_JbEBFRtMWlVkLlDKHUrgFTDc,good job,5,0,6.86.1,2026-08-15 20:48:50,Thanks for the 5 star rating :),2026-08-16 11:09:54,6.86.1
8b676ca5-e2aa-43cb-91c1-4da157f90a2b,Balu Thyagarajan,https://play-lh.googleusercontent.com/a/ACg8ocJwvwzLO-vSzzObPwxd5pd3dtmIPaYTO1dQoj5mB3YJ_Anj6g=mo,Excellent service,5,0,6.84.0,2026-08-15 20:35:58,Thank you for the positive rating :),2026-08-16 11:08:45,6.84.0
1c2eed06-4fa2-4c96-b7ad-e5e8c5813afb,Jimit Parekh,https://play-lh.googleusercontent.com/a-/ALV-UjXFglW9as9z2J6mBoBhYIaCkxQdqp8JlVGis29bj71iSTBFPtCr,good service,5,0,6.85.0,2026-08-15 20:28:48,Appreciate the positive rating :),2026-08-16 11:07:10,6.85.0
0458dc18-bc75-4b78-8af8-58aacd08efc9,Raja Atul,https://play-lh.googleusercontent.com/a/ACg8ocI22TlJ-0esV1V1RR8R8zFS_Bw0caEGJMqCvc64ciHQnLgqXw=mo,very bed experience. don't install this application.,1,0,6.85.0,2026-08-15 20:14:55,Sorry you feel that way. Please reach out to us on help@porter.in for any help needed.,2026-08-16 11:06:32,6.85.0
87f498d5-00ed-4a63-b302-ca68c2ff43b1,Puneet,https://play-lh.googleusercontent.com/a/ACg8ocLNbUL7rOxP-_1G4wWGrTW4rrE8fa3Pt12aRLDRqRKCfuf3uQ=mo,good person,5,0,6.85.0,2026-08-15 20:03:18,Thanks for the 5 star rating :),2026-08-16 11:04:52,6.85.0
df132259-6046-4ae4-982f-92d4d70d8e28,Ashok K Ashok K,https://play-lh.googleusercontent.com/a-/ALV-UjX8DXZXVxMjrRR8bD4sjEBcDsuLKf5GVesZ3zH0a98BzE7hnhGn,Good service,5,0,6.85.0,2026-08-15 19:50:59,Thanks for the positive rating :),2026-08-16 11:03:16,6.85.0
e28ed047-5a33-42c2-890a-7660560fe224,Sanskriti Shrestha,https://play-lh.googleusercontent.com/a-/ALV-UjV_xoxPNeK0GXzPF-sU18AaRaPpcGWThxFkdPR0NkgUmEBe1rkP,Had the worst experience with this app they won't even wait for you to get your things down from your room they charged extra for waiting 5 mints,1,0,,2026-08-15 19:45:45,Sorry to hear that. Please reach out to us on help@porter.in for any help needed.,2026-08-16 11:02:37,
2b17a4c4-6339-4423-855c-350753ad5359,Anwar Anwar,https://play-lh.googleusercontent.com/a/ACg8ocLNdWUYkPNdQZSulVAqcQYwaSvyBuvWbItyomVZ-B4lG0o=mo,superb,5,0,6.86.0,2026-08-15 19:45:42,Thanks for the positive rating :),2026-08-16 11:01:48,6.86.0
adeab629-cf6c-4a06-8c61-d092fe0e0ced,Kunal Nawale,https://play-lh.googleusercontent.com/a-/ALV-UjWGypPkTapouQGtTrpJjW7LMaTgJfPcxhlKzVshkeMbOIHFI8Uf,Good Service.,5,0,6.86.0,2026-08-15 19:42:45,Appreciate the positive rating :),2026-08-16 11:00:44,6.86.0
6a16062c-2b51-4b55-a52f-394613c2e795,mohammed qusrouddin,https://play-lh.googleusercontent.com/a/ACg8ocLT6Ck6NmW5vxhwNPIj0IdfFa63ve_6rJFH2hT7GWGtKRjpzg=mo,best service spically two wheeler dirver,5,0,6.85.0,2026-08-15 19:28:08,Appreciate the positive rating :),2026-08-16 10:59:44,6.85.0
18d41a8b-f815-450b-8376-a4000fe81d76,Dipak Thange,https://play-lh.googleusercontent.com/a/ACg8ocJAAByzWlaG9I570K3vLFzPSOEP7QH4nXtk0AZxxh7LXUri-g=mo,sabse kharb aap he ye potar ke customer paymnt nahi kar te zomato aacha he ek rupay bhi edhar udhar nay kar te i love zomato,1,1,6.86.1,2026-08-15 19:26:47,Sorry to hear that. Please reach out to us on help@porter.in so that we may assist you further.,2026-08-16 10:59:16,6.86.1
50937b85-7d97-4d0d-8cd9-700b699b92d3,Ansari Naved,https://play-lh.googleusercontent.com/a/ACg8ocLftp7R6CItslbk-Tcm471aEpt5le14bwHuoW7SSvcf0RfNwnU=mo,sukriya,5,0,6.85.0,2026-08-15 19:25:24,Thank you for your kind words :),2026-08-16 10:53:28,6.85.0
8c161b87-595e-49a1-a027-3d7d2050c2ef,i love my india,https://play-lh.googleusercontent.com/a-/ALV-UjWmVYxkhDE4ERfnE0M2MMuIfUNrVQVq0mRvvC8t-MYyLDQckCzb,Good,5,0,6.84.0,2026-08-15 19:23:07,Thanks for the positive rating :),2026-08-16 10:52:27,6.84.0
b93d4ad6-7708-44c4-9269-41fc86ae56af,Ravindra Hogade,https://play-lh.googleusercontent.com/a-/ALV-UjVtsyKaBwNA8fuNecTkccV4LYhQyE2UCr0ruUBEbPhCKqGhcaGs_g,great service,5,0,6.85.0,2026-08-15 19:11:32,Appreciate the positive rating :),2026-08-16 10:51:54,6.85.0
c8064b02-be66-4be0-92b9-9fbe506534b6,Saurabh Kumar,https://play-lh.googleusercontent.com/a/ACg8ocJrhaROoYS_JXy8Zs42_p_9URgzRDqEnPkDg9Hc4voMLYsTWA=mo,very good,5,0,6.85.0,2026-08-15 18:58:56,Appreciate the positive rating :),2026-08-16 10:47:05,6.85.0
25502af8-92d7-42bc-a909-5ebf4375c7bf,Sumitra Jat,https://play-lh.googleusercontent.com/a-/ALV-UjVtJy3eYsNiFd-j5N5fD0JgC4uK4m-4FkF1zUD7C4U0kFtfSOga,nice one,5,0,6.86.1,2026-08-15 18:52:44,Thanks for the 5 star rating :),2026-08-16 10:46:39,6.86.1
10b6174b-ee9b-4ab9-8330-68700b563266,madhuram caterers,https://play-lh.googleusercontent.com/a/ACg8ocIkYx5VuvnwWVwR2FPrj2502E5QPG0WYsXniMD2bSmOfHacew=mo,good service,5,0,6.86.1,2026-08-15 18:51:03,Thanks for the 5 star rating :),2026-08-16 10:44:45,6.86.1
86bdb132-b0ec-40b0-a7e2-76551a3ba479,jitendra mehta,https://play-lh.googleusercontent.com/a/ACg8ocIkY7xNoQJjC1tPUyPHJjzclk_9RGvxA_I32rmiTYM1Gygo2w=mo,Very Good Service n Reliable Staff,5,0,6.84.0,2026-08-15 18:46:40,Thanks for the positive rating :),2026-08-16 10:44:10,6.84.0
cc473643-2133-4614-9db8-03817a344ad2,Girish Arora,https://play-lh.googleusercontent.com/a-/ALV-UjX7aXtOEHe-pym2fz7YPzm666yI7JwDbKN_0b2rzS8JLBWpZzfV_w,coprative,5,0,6.86.1,2026-08-15 18:45:04,Thanks for the positive experience :),2026-08-16 10:43:17,6.86.1
e46dc211-f922-4298-b9d1-c89078651b0e,Raju sk sk,https://play-lh.googleusercontent.com/a/ACg8ocJ21syz2CxA6X11eH2R_l_7ECDhzHXlpdlNBsC51JodsyNb0g=mo,good,5,0,6.86.1,2026-08-15 18:22:46,Thanks for the 5 star rating :),2026-08-16 10:41:57,6.86.1
0ef94385-f298-49ee-878e-36937e46e4dd,Dilip kumar Dubey,https://play-lh.googleusercontent.com/a/ACg8ocI-OJNjZ3wpFETa7adysIMT1ghb3NAIF0t_zpZDVkl2AK3i3L0=mo,"A huge thank you to the Portal Apps company for delivering my important documents before I missed my train. If it weren't for the Portal Apps company, I would have had to cancel my train ticket, but they delivered the documents right on time.",5,3,6.86.1,2026-08-15 18:19:34,Thank you for your kind words :),2026-08-16 10:41:20,6.86.1
c1c5747a-d90e-43e5-8002-d707cf000eed,Amir Khan,https://play-lh.googleusercontent.com/a-/ALV-UjVpFFJQWMFbT5LMCScKVNXXzeCo3kBUw6_moZ-S7bGJHVUSKVZP,good service 👍 I'm hp,5,0,6.82.0,2026-08-15 18:10:00,Thanks for the 5 star rating :),2026-08-16 10:39:39,6.82.0
68c60cba-5ea3-4601-81bb-51685c8a9e2c,laxman reddy,https://play-lh.googleusercontent.com/a/ACg8ocJzlQXtG5aORpyF_Ka6v4OdmlEHK4wKeBZUeQBLHLAVi50HwQ=mo,👍 nice driver,5,0,6.86.1,2026-08-15 18:07:25,Thank you for your kind words :),2026-08-16 10:37:47,6.86.1
ff7435fa-348f-497d-a352-90210922a813,Gangadhar Aradhya,https://play-lh.googleusercontent.com/a-/ALV-UjWI54J8xhexBnygyJ545Xfnm9WR3rJY4TVXRoH7GvWnf0FPB-bI,good responsibility,5,0,6.81.0,2026-08-15 17:46:19,Thank you for your kind words :),2026-08-16 10:29:26,6.81.0
406bb22a-8940-4d46-b5c5-11919ffc26bb,Abdul Rahim,https://play-lh.googleusercontent.com/a/ACg8ocK3YB4zrYd8Eut-MYUOQKhvQogVOA4UkauMAoBf_vrokDOdNA=mo,nice,5,0,6.85.0,2026-08-15 17:34:46,Thanks for the positive rating :),2026-08-16 10:27:33,6.85.0
471b521c-6c6e-4ad6-a7ea-02005e0fed03,Saravanan P,https://play-lh.googleusercontent.com/a/ACg8ocJEijOfjvyNbd95lsRzyhWZhpIioAgWSVj-8UBcmDKgY9YgyTjs=mo,good,5,0,6.85.0,2026-08-15 17:30:36,Thanks for the positive rating :),2026-08-16 10:26:21,6.85.0
abe58040-e387-4ab8-9dd4-92bcee67e38c,Secret Chapter,https://play-lh.googleusercontent.com/a-/ALV-UjUj7S8ePKLLz-ACjnKXC23Uko2lqdyxuje0glT4te1HijGjpg_j,good helpful,5,0,6.85.0,2026-08-15 17:10:46,Thanks for the 5 star rating :),2026-08-16 09:31:43,6.85.0
cd9fee0c-c61a-4a19-bef7-6a6a92078af6,udhai kumar,https://play-lh.googleusercontent.com/a-/ALV-UjUphwR7qseNVBCdJK20hWI-ZpqU0wiGgI5FMxZu8SRN-5ubnSVi,very good 👍,5,0,6.86.1,2026-08-15 15:20:48,Appreciate the positive rating :),2026-08-15 15:44:57,6.86.1
ef30d515-72a9-4845-ae09-8ec490bce04b,yagnesh patel,https://play-lh.googleusercontent.com/a-/ALV-UjXuAZhVC-apBe7Tnt5Xozfil_xwWUDnpxWHP4nlfMsv-GdFDxg,Wery Good Job,5,0,6.85.0,2026-08-15 14:57:09,Thank you for your kind words :),2026-08-15 15:05:27,6.85.0
4ea273a1-d58c-462e-989f-3a6a7c35bbad,Arjun Yadav,https://play-lh.googleusercontent.com/a-/ALV-UjVdsUkId1uJRxQ0IcOTZjbs9DEG2xvmkUEYrKdLRXMB6IseyJBd,customer support nurse proper response getting over charges for hitting the order,1,0,6.86.1,2026-08-15 14:48:38,Sorry to hear that. Please reach out to us on help@porter.in for any help needed.,2026-08-15 14:57:58,6.86.1
dca46223-bad7-4104-bcc1-54d482443a08,Hemlata Rathore,https://play-lh.googleusercontent.com/a/ACg8ocJSzTXpTiFBYrJh9HItZqit4lOq0vxmL5HQJLI4wlsywuB3ksI=mo,wrong address was taken by your system. I had to pay driver additional amount to go to correct address,5,0,6.85.0,2026-08-15 14:46:09,Sorry for the hassle. Please share the order details on help@porter.in so that we may check this and assist you further.,2026-08-15 14:54:21,6.85.0
0a810ac5-5ec4-42bc-b47f-018189af9e60,Ravi Sagu,https://play-lh.googleusercontent.com/a-/ALV-UjWfa2CbsdN_Ulj_z8-xT2oRJydZMBRnZA3pZovYIGqntjqHW5SW,good ride,4,0,6.83.0,2026-08-15 14:38:54,Appreciate the positive rating :),2026-08-15 14:52:53,6.83.0
2f762a87-d0bb-4fb6-97f3-c5272d2ecd41,Bikash Kumar,https://play-lh.googleusercontent.com/a-/ALV-UjVsNbKGYLZOCYUyz8pac6YU0YboH32KAhLsbG9mXtZH3MrAjdPw,super 👍,5,0,6.86.1,2026-08-15 13:58:35,Thanks for the 5 star rating :),2026-08-15 14:19:29,6.86.1
02cf99c0-708c-4d5d-8dcb-bbe27d7894ea,Shairoze Ghone,https://play-lh.googleusercontent.com/a/ACg8ocISmPpLgiwCgnLWZlWObM2Nj0gWUYAJgLK0YzC3d0E7shxKDw=mo,very cooperative.,5,0,6.86.1,2026-08-15 13:58:30,Thanks for the positive rating :),2026-08-15 14:09:00,6.86.1
6221ec91-ad93-4fe2-ac11-2f1fb2230bfd,rakesh yadav,https://play-lh.googleusercontent.com/a-/ALV-UjWl2WnFC2Xhpj4GNAIjT9LrheIb6YfKsNTi_RZHRqPV-Hcwo-K0,good,5,0,6.86.1,2026-08-15 13:44:12,Thanks for the positive rating :),2026-08-15 13:53:25,6.86.1
2c7dee10-6f03-424d-b901-02c0bded6dab,irfan abbasi,https://play-lh.googleusercontent.com/a/ACg8ocJD_IQft2bECeJLgMpakIWquFxw7-kJKFmPStyAszFg62399A=mo,An effective and time saving delivery option in affordable rates,5,1,6.86.1,2026-08-15 13:40:10,Thank you for your kind words :),2026-08-15 13:43:05,6.86.1
6403e53f-c97e-4c52-9202-4ca34ad72253,Dharm Singh,https://play-lh.googleusercontent.com/a/ACg8ocICMQsAuEKv8WGrorr0OX9JOVS_uSed6B0wRAOJGJCXYl676g=mo,good app,5,0,6.86.1,2026-08-15 13:37:53,Appreciate the positive rating :),2026-08-15 13:42:34,6.86.1
6f43b9a6-4f0e-4422-9918-8ed8669651d4,Shashikant Singh,https://play-lh.googleusercontent.com/a-/ALV-UjU7LSyTzN1ag4G1k30jg0o26nNbIWr1EdbnGjYuJ6gxkMA7B-8,it is a good app,5,0,,2026-08-15 13:15:03,Thank you for your kind words :),2026-08-15 13:26:08,
3fbe8fb5-6c03-4f76-a547-3f792608f80b,NAREN PRATAP,https://play-lh.googleusercontent.com/a/ACg8ocLu0Kt-A9lcqAqz6gp1QWhkdnQ8rvKJcLLeLVpLny7ZWww9nQ=mo,good,5,0,6.85.0,2026-08-15 13:08:08,Thanks for the positive rating :),2026-08-15 13:24:35,6.85.0
b26f7f00-a070-402a-a43b-2d88748ae9d9,Javed Ahmed,https://play-lh.googleusercontent.com/a-/ALV-UjUrwMG2qpvyPQ2y-CYujY44d4jslXWWHdx9hfeAJC060eKdKVEP,good service,5,0,6.85.0,2026-08-15 12:52:09,Thanks for the 5 star rating :),2026-08-15 13:24:08,6.85.0
9d54231f-0cb2-44c9-b648-baff8daf4007,Harinath Nakched,https://play-lh.googleusercontent.com/a-/ALV-UjWPjZm1t0lqDj-yjUdwr62Wtpwr8l8aZihCJujhVRAPg2EH1XNSPg,very happy,5,0,6.85.0,2026-08-15 12:43:20,Thank you for your kind words :),2026-08-15 13:16:08,6.85.0
342ae55a-2c4e-493c-bdf3-6717dc93541f,narender kaushik,https://play-lh.googleusercontent.com/a/ACg8ocJs0dcizUYi_7RfgiOaPZyV7IfpXM8SkpSVK1rP0XnK1WCltQ=mo,excellent service,5,0,6.86.1,2026-08-15 12:29:13,Thanks for the positive rating :),2026-08-15 13:12:50,6.86.1
c8835e61-7acd-42c2-892c-94dea1d79b89,gbthapa magar,https://play-lh.googleusercontent.com/a-/ALV-UjV7C0lqHcoVZJP2D7gJDmzwaqlwSK3Gn4FsYz2LX4sZrUnME40,very very happy amazing,5,0,6.85.0,2026-08-15 12:21:51,Thank you for your kind words :),2026-08-15 12:33:54,6.85.0
202a9fe0-1299-44ae-8b7f-130277083fe4,Aashirwad Pegwal,https://play-lh.googleusercontent.com/a-/ALV-UjWmDf0NtQga78m48JqgRzQmptOTvDQFm4JdEzJXFsD89VsYjzgC,super,5,0,6.85.0,2026-08-15 12:10:51,Thank you for your kind words :),2026-08-15 12:16:26,6.85.0
75ce3515-ff38-4639-b877-8cb18cd85315,Ramesh Tiwari,https://play-lh.googleusercontent.com/a-/ALV-UjVjynvBOqjZvmsftSEtXuLu5Lxs1A4XqfJoH2fgKpY_nMd1jlc,Nice service,5,0,6.85.0,2026-08-15 12:09:10,Thank you for your kind words :),2026-08-15 12:15:56,6.85.0
e87abec8-ebb2-4b48-8e2d-9d6698fe5a85,Amit Raj,https://play-lh.googleusercontent.com/a-/ALV-UjXAVz4fUo1Y7QmQSlg2FgB4diSIg0-8n9zCaCtg75QxQZVvAky0,good,5,0,6.84.0,2026-08-15 12:06:04,Appreciate the positive rating :),2026-08-15 12:15:32,6.84.0
de628fb4-c89a-4618-aeb8-0f481d22abd0,Ajeet singh chouhan,https://play-lh.googleusercontent.com/a/ACg8ocKknpYKPfs12vrDoCOjunO3aCJUbfkNJNIrO_ZwtrBN316b2A=mo,ok good,5,0,6.86.1,2026-08-15 12:05:56,Thanks for the 5 star rating :),2026-08-15 12:15:02,6.86.1
44b3ace7-80b7-40c5-aa60-cfbdeaade182,Santhosh Kumar,https://play-lh.googleusercontent.com/a/ACg8ocIyzT62rMZGFcOj-RpdfHrPNDk7a7gucEShcz4tygtkK8WV_w=mo,super service,5,0,,2026-08-15 11:58:12,Thanks for the 5 star rating :),2026-08-15 12:09:47,
ab3867d6-4817-4dd8-acb7-0112ded45db5,CA Apurva Shah,https://play-lh.googleusercontent.com/a/ACg8ocIwFjRT4YGHF3jk8_kskWu-TGP7suyonRLi6gTKfd0b_SSBPg=mo,Excellent service,5,0,6.86.1,2026-08-15 11:53:05,Thanks for the 5 star rating :),2026-08-15 12:09:20,6.86.1
15c3e697-f222-476d-9036-95982835c2a6,P. Srivel,https://play-lh.googleusercontent.com/a-/ALV-UjWBSx5lilaexjNJe_u_EYSy6SOWzfdVvG1kufD05EjkbzKuQPcf,nice,5,0,6.85.0,2026-08-15 11:49:42,Thanks for the 5 star rating :),2026-08-15 12:06:36,6.85.0
e7354ac5-6623-4902-863b-944b673ba010,kabilan kabilan,https://play-lh.googleusercontent.com/a-/ALV-UjX88pOonJs52tLwnR9aTDv-t_qooouqWga1dSgKySVrKMwpTb63,good one,5,0,6.85.0,2026-08-15 11:38:11,Thanks for the positive rating :),2026-08-15 12:00:22,6.85.0
a2cffe52-60ee-48b6-bf7e-23b08ca4b9a2,Abdulkarim Ghazi,https://play-lh.googleusercontent.com/a-/ALV-UjVMRrnjI6vRYWU_GzBijSe6vvTbYvZTgA0HhGlUGdx41d8MBTSGMw,This is the best intercity courier app I have ever seen. 👍 👍 👍,5,0,6.86.1,2026-08-15 11:33:29,Thanks for the 5 star rating :),2026-08-15 11:58:58,6.86.1
207b8d51-7d1a-4a98-8b7e-3ec81dbdc24a,चांगुना जाधव Jadhav,https://play-lh.googleusercontent.com/a/ACg8ocLP2SFydOmxIt__p6p17FjvcXO0b93eql7XWF-LG4N5Lmc1MA=mo,very nice 👍👍,5,0,6.86.0,2026-08-15 11:17:18,Thanks for the positive rating :),2026-08-15 11:36:31,6.86.0
a067d86f-f3a4-41fb-9625-51bd57350b23,Bharath C,https://play-lh.googleusercontent.com/a-/ALV-UjX-T9h7ScdjLvzGmKthjIHOLil11szssiKxKaudL90pOz7MM7-E,excellent,5,0,6.85.0,2026-08-15 11:16:43,Thanks for the positive rating :),2026-08-15 11:35:48,6.85.0
3cb317b0-2000-4251-a23c-1a12e51df2d0,Karthik shaathvikaa,https://play-lh.googleusercontent.com/a/ACg8ocLKVwP4VYerQMYTZ16xaFYWGMeUP1hsuLUj4OeBLMA7Bed3jQ=mo,good,5,0,6.85.0,2026-08-15 11:04:02,Thanks for the 5 star rating :),2026-08-15 11:35:02,6.85.0
be760798-34ad-4644-a09a-5879ef038855,GANESH B DUGGATTI,https://play-lh.googleusercontent.com/a-/ALV-UjVQR_yYIYqxJB45zE3Q5oL34vKXqdqWRZPaVTaG02cv0SFEhoIy,super,5,0,6.85.0,2026-08-15 10:08:00,Thanks for the 5 star rating :),2026-08-15 10:14:48,6.85.0
7be27678-4126-4cbe-bf91-e35a9a911210,Azeem Saifi,https://play-lh.googleusercontent.com/a/ACg8ocI08etqqRBUpdmY5oa09qPGyBXVFVk43rxUHFnwPtgCECo5sA=mo,nice,5,0,6.85.0,2026-08-15 08:43:43,Appreciate the positive rating :),2026-08-15 09:34:37,6.85.0
f34b1ef9-8728-4b90-918e-b2ae7bbb7df3,Pradeepmd Pradeep,https://play-lh.googleusercontent.com/a-/ALV-UjUHqFoMi8SWiHnfkqWCN08UkhNm2lAJXYwomFeXw6AnqgAdNAKU,super pasta delivery delivery,5,0,6.85.0,2026-08-15 08:33:09,Thank you for your kind words :),2026-08-15 09:34:11,6.85.0
04aafa43-da32-4188-866e-61ea37560cb7,Ram Pratap,https://play-lh.googleusercontent.com/a/ACg8ocIslKn8LNJeMwONldYbx2EVgyn1YK3C6kYxhvJBP9e8ZDYN1Q=mo,good app,5,0,,2026-08-14 23:38:42,Thanks for the positive rating :),2026-08-15 09:23:38,
42ff6acb-ffc9-4bc0-a78c-5a3626610339,venkat sabi,https://play-lh.googleusercontent.com/a-/ALV-UjU2HOmgyAAz_ufh9381QtpLINzehwG_R4hxSTPf494oTBfn7vRH,good,5,0,6.85.0,2026-08-14 23:34:31,Thanks for the positive rating :),2026-08-15 09:21:57,6.85.0
210f7d1d-69b8-4043-95c0-f69ba1471c94,Amit kumar,https://play-lh.googleusercontent.com/a-/ALV-UjX1jmo8Swng-sIVkF5t0vF_mrv5RL96RCJ8jUsaVCochDDR0hw3Mw,very helpfull,5,0,6.85.0,2026-08-14 23:01:37,Thank you for your kind words :),2026-08-15 09:18:29,6.85.0
758cb8a0-a6a7-4363-a4ae-25ff268168fe,Zara Shaikh,https://play-lh.googleusercontent.com/a-/ALV-UjV_aM9tkLmOSLoX9beWDWsnrJOZvOKVCv3d6PYDh7FofWnXJpgTuQ,nice,5,0,6.85.0,2026-08-14 22:10:45,Appreciate the positive rating :),2026-08-15 09:11:31,6.85.0
dbc5624a-ca73-4964-8d6b-f1fb3f362b26,simon Pogula,https://play-lh.googleusercontent.com/a/ACg8ocKaqZmVM8xK-CCkE7OQq0kkJnLdwh4PPI0lZLCruLxn1DYhSQ=mo,very good service,5,0,6.85.0,2026-08-14 21:57:00,Thank you for your kind words :),2026-08-15 09:00:50,6.85.0
4e2655bf-e6ec-407b-bf8d-18c29e6fa013,Mahesh A S,https://play-lh.googleusercontent.com/a/ACg8ocKxoW4j_A4Ew8FkrKOy4EPuWWlJ_5pfPeNU4bnxLbr5t3HcZQ=mo,good service,5,0,6.85.0,2026-08-14 21:50:02,Appreciate the positive rating :),2026-08-15 08:49:43,6.85.0
e3f768af-dc2c-49f6-82df-40e4baee1989,Mrshubham Pal,https://play-lh.googleusercontent.com/a-/ALV-UjWu4s8Ixk5WFEOwGI9PvvbLrPod4uW2_b-TGtyI77qn7nuWHev6,good,5,0,6.85.0,2026-08-14 21:45:45,Thanks for the 5 star rating :),2026-08-15 08:49:12,6.85.0
310eb0b7-aae4-4ad1-8763-5a2a009c2b5c,RUDRA T,https://play-lh.googleusercontent.com/a-/ALV-UjWIH1aU10qPGrW9SaqVr1poUGA5lfZRu72Qv7AMCPlV5TgKqr4j,good service 👍,4,0,6.85.0,2026-08-14 21:32:40,Appreciate the positive rating :),2026-08-15 08:36:22,6.85.0
a64c20f9-42d4-48f2-818c-e138f8292b5f,Hinal modi,https://play-lh.googleusercontent.com/a-/ALV-UjXMGVcn9sWNzPfpyvWG9p1KVZ2mW5F-jU9v4GT0g7KJBQDViKNd,I don't I want send I document for 3-4 kms it charge very heavy like 100 rupees and 120 rupees. worst services,1,1,6.86.1,2026-08-14 21:30:27,"Sorry about that. Please know that our prices are based on real-time factors such traffic, demand, total distance etc. Based on these the fare is calculated dynamically.",2026-08-15 08:37:40,6.86.1
768decf7-acb2-443b-8858-1c656fb54534,Afshar Ali,https://play-lh.googleusercontent.com/a-/ALV-UjWr81TaAjFEVQoz2sjenuoDzz0WzOGtOguOU7hs1xKAtQec5IIV,good,5,0,6.86.1,2026-08-14 21:18:34,Thanks for the 5 star rating :),2026-08-15 08:35:59,6.86.1
5bd9a064-d3a1-485d-8489-49f809724b18,Udeep Sharma,https://play-lh.googleusercontent.com/a/ACg8ocLDMRBzkI-RS5wsEodqxqfqbQTLkTWr2WYH24e3UC82Ca2u4Q=mo,good,5,0,6.86.1,2026-08-14 20:58:05,Thanks for the positive rating :),2026-08-15 08:34:30,6.86.1
5a04749e-6587-4f65-8289-db6509cdff32,Nirav Chokshi,https://play-lh.googleusercontent.com/a-/ALV-UjWMDMakmvuCo6FtehpDCF4T8uAHJzitFm2QdxR6PGC_H4a-UOJb,good service,5,0,6.85.0,2026-08-14 20:53:03,Thank you for your kind words :),2026-08-15 08:33:59,6.85.0
a233b4f0-e153-47ec-818d-d91a257704d5,syed hashmath ali,https://play-lh.googleusercontent.com/a/ACg8ocLj2Cq7JYRdhPxt7Om1_5RRKKV-GYK-QWCgaKbUW6HYVylBjUg=mo,showing alredy used but not open many times I tried and uninstalled west of time,1,0,,2026-08-14 20:52:20,Sorry for the hassle. Please share your number on help@porter.in so that we may check this and assist you further.,2026-08-15 08:33:36,
0dde6909-366c-47f7-843d-2a6ccd1dd320,Aniket Patil,https://play-lh.googleusercontent.com/a-/ALV-UjUV67pp7GtYCqpxz3Zu30Wa02GpJ6CB5gcw8XpWT7Sz8loDODg,Thank you for the good service.,5,0,6.84.0,2026-08-14 20:45:32,Appreciate the positive rating :),2026-08-15 08:32:30,6.84.0
e15a6f8c-fe2f-4786-8242-7df2646e1b93,Nimit Gupta,https://play-lh.googleusercontent.com/a/ACg8ocJeeN1MR-QAr3-FDRb0-sH2pUnXQq6zYdnyavS6tKDthDAkHw=mo,kai book karne ke bad mila he,4,0,6.85.0,2026-08-14 20:42:01,Please reach out to us on help@porter.in for any help needed.,2026-08-15 08:32:01,6.85.0
7e00580c-8276-4796-ab26-f8b6ddf1c3c9,Abhishek Pandya,https://play-lh.googleusercontent.com/a-/ALV-UjWdjORSWcR_GSqRrpJiiap-8TD13WoDoA9sqDeELHfmy05h412p7Q,there is no way to contact the customer support team if the driver is unreachable.,1,0,6.85.0,2026-08-14 20:20:54,Sorry to hear that. Please reach out to us on help@porter.in for any help needed.,2026-08-15 08:31:16,6.85.0
f8e62a6f-2bd6-448f-aa06-6b5096a03a7c,suresh vaishnav,https://play-lh.googleusercontent.com/a-/ALV-UjVU3Bsz-2VDaN8nuXRId_1NBNNYRBx2mp01nAatsddYz6YU-XwE,veery good person,5,0,6.84.0,2026-08-14 20:03:10,Thanks for the positive rating :),2026-08-15 08:30:04,6.84.0
f2e97565-3cdb-40b8-bf93-8c5eefef6900,Mayursinh Gadhavi,https://play-lh.googleusercontent.com/a-/ALV-UjXRrYIQ-l7JHz_lOrwTjczPXyipNEg_TWHvBH2mNLrbjLeMhgM,good,5,0,,2026-08-14 19:38:34,Thanks for the 5 star rating :),2026-08-15 08:28:16,
1967b5ac-b803-459f-801a-938a8f02c871,Vishnu Kumar,https://play-lh.googleusercontent.com/a-/ALV-UjVF0uar2EjLUnWOytHb6ussoZFJFJu8wqZXuNtR37Z69q7mIREO,super,5,0,6.85.0,2026-08-14 19:24:14,Thanks for the 5 star rating :),2026-08-15 08:27:32,6.85.0
e8b6d9e9-3f2a-4b13-80d4-279a3b9b0fca,Munaf Patel,https://play-lh.googleusercontent.com/a-/ALV-UjU-sIP2MjQc2--zB9N6h5ayqlBinvQRmfNB0dtHWAPsN2r6XTqS,nice app,5,0,6.85.0,2026-08-14 19:12:00,Hi! Thank you for giving us a perfect score. It is a delight to see us matching up to your expectations.,2026-08-14 20:02:07,6.85.0
32f465ac-a011-48d7-9645-5fe0b3609359,D Jay Harsh,https://play-lh.googleusercontent.com/a-/ALV-UjVHOIiC5chbYNYj9P49Lm-iCHqBA0ugldPWEMtooQ_acs3N5Gur,thank,5,0,6.81.0,2026-08-14 18:49:50,Hi! Thank you for giving us a perfect score. It is a delight to see us matching up to your expectations.,2026-08-14 19:59:45,6.81.0
10b06a8a-cdea-4783-9447-176f9ffe77e3,Venkata Ramana G,https://play-lh.googleusercontent.com/a/ACg8ocKz6PF-mgC4eSUj2Tx8ILmrs0B0AqaKr1WEs7b1P_nfL87ZDw=mo,good,5,0,6.86.1,2026-08-14 18:46:49,"Thanks for the appreciation, Venkata! We do our best to delight you with the best service.",2026-08-14 19:59:11,6.86.1
5d233353-c49e-4f68-a1a4-45a306dbc0dc,Mohmmed Aslam,https://play-lh.googleusercontent.com/a-/ALV-UjVTpP3X6moY-3hvf0l3dx_bQoc5j0BxVWaJu-fHYAYNJ-9xcnB2,nice,5,0,6.85.0,2026-08-14 18:15:12,"Thanks for the ratings, Aslam! This motivates us to keep serving you better with every order.",2026-08-14 19:55:16,6.85.0
7335172a-15a6-4f3c-8959-56ef45e3efb7,Surekha Sawant,https://play-lh.googleusercontent.com/a/ACg8ocKSYnd4MGfHHidf99LVfc_4UekSvuc5-pASzvXNOUieT6jHTQ=mo,good,5,0,6.85.0,2026-08-14 18:09:34,"We are so happy that you enjoyed your experience with us, Surekha. Thank you for choosing Porter! :)",2026-08-14 19:40:32,6.85.0
175a68b7-b048-4413-8476-e3760af8876e,AAYUSHI METAL,https://play-lh.googleusercontent.com/a-/ALV-UjXIeBo_uynnIPiWDf7cWuKjsPZlo0rPPnLXXixqNtwu9STgO-Zq,location is not update for every time,1,0,6.86.1,2026-08-14 17:56:27,Hey there! We would like to discuss your issue and request you to kindly write to us on help@porter.in for further assistance.,2026-08-14 19:22:47,6.86.1
5bedca00-86d4-4979-a7be-d4e9e3d27567,URVISH CHAUDHARI,https://play-lh.googleusercontent.com/a-/ALV-UjVB9gaNVlFMSE19vMNrufaoe92mhmw8R2PpeoRpfKzzpbqJT20,very helpful for trasporting,5,0,6.83.0,2026-08-14 17:38:55,"Hi! Thank you for giving us a perfect score. It is a delight to see us matching up to your expectations. Hope to do more business with you, do refer us.",2026-08-14 19:21:30,6.83.0
f267928e-6645-40ac-a2b3-47b9bc526ae1,Bala R,https://play-lh.googleusercontent.com/a-/ALV-UjXzjRVvhgYC9Yp8dhWYLEBAboIBXqxUARcPC5P_DszCITviC9vP,"Fraud Beware !! Booked a shipment via Porter to return some expensive goods to an outlet. Delivery was marked completed without any proof. Customer support is unable to authenticate even basic details such as OTP, delivery photo, or the driver’s lat-long when it was marked delivered. Support promised to escalate the matter to a more empowered team, but a closure message soon followed without any contact or redressal. Net-net, a failing, fraud-prone app.",1,0,6.85.0,2026-08-14 17:26:24,"We regret your disappointment, Bala! Please share your order details at help@porter.in so that we could look into this right away.",2026-08-14 19:18:25,6.85.0
3c04274b-ee3a-4915-a049-ddc126eb5978,RAKESH SHARMA WELDING CONSULTANT,https://play-lh.googleusercontent.com/a-/ALV-UjVYqqGkPqKrpu43TZy0QI_2T0I43gI53PMSFa9WVTeaTDga4lWp,"very fast service, very humble driver",5,0,6.85.0,2026-08-14 17:21:36,"Thanks for taking the time to share your thoughts, Rakesh. We are happy to know that you had a good experience with Porter! :)",2026-08-14 19:16:24,6.85.0
a1b1f384-c507-448e-b491-6dc180d74a9d,Surya Sachin,https://play-lh.googleusercontent.com/a/ACg8ocJah5m_cwLyaQjjhmj_zvCJ1iVHdgSPKo5tpvlumKjPviSthg=mo,good,5,0,6.85.0,2026-08-14 17:19:49,"We are so happy that you enjoyed your experience with us, Surya. Thank you for choosing Porter! :)",2026-08-14 19:15:00,6.85.0
a4977312-6d76-424f-ad6a-613e56c6f466,Naveenneymor Naveenneymor,https://play-lh.googleusercontent.com/a-/ALV-UjVYD3WKVdjbNBEeyLCE6Hxf-EITWSpMh-Pf2vjacAzgQvLvERgq,Very Good Driver Behavior 😊,5,0,6.85.0,2026-08-14 17:14:48,"Hi Naveen! Thank you for the wonderful review and for taking the time to share your feedback with Porter. Our priority is customer service, and we are ecstatic that we met that mark! :)",2026-08-14 19:14:27,6.85.0
e20b578d-ab17-4288-9fc8-881c1633171c,MAS CORPORATION,https://play-lh.googleusercontent.com/a-/ALV-UjVLLdjd_YdAa1zybvfeOSpSJIWlVq6F4-7S2GAVc4yet6u0emI,good,5,0,6.86.0,2026-08-14 17:14:29,Your satisfaction fuels our passion for providing top-notch logistics services!,2026-08-14 19:13:24,6.86.0
8fea25c2-960b-444c-ae48-9b389228ed95,Sejal Parikh,https://play-lh.googleusercontent.com/a-/ALV-UjXWRep7WJmJ4fCBNoTaznO6iBucCxdIOnrQpAceXvKNDNzpOmFnLQ,A person must have a Bag or Plastic cover in monsoon season for protection of material.,4,0,6.85.0,2026-08-14 17:02:03,"We hear you! Rest assured, we'll surely share your feedback with the concerned team.",2026-08-14 19:09:32,6.85.0
9b3595e1-4355-438c-ac8f-595587cd8af9,Kirtan lace Mukesh,https://play-lh.googleusercontent.com/a/ACg8ocIbGbT90Icr3TPRn0646Cd5JzvWtKf_DuCkH7jD_LkS83UfGg=mo,Excellent Service Provider Company,3,0,6.84.0,2026-08-14 16:55:52,"Hi, thank you for the positive review. We request you to let us know more about your experience by writing an email to help@porter.in so that we can make our service worth 5 stars.",2026-08-14 19:10:18,6.84.0
d323304f-40ce-4f6a-a286-2c8c869cbb48,mahesh verma,https://play-lh.googleusercontent.com/a-/ALV-UjVZjMfRC5z53d75aSc0RN7ZQ1jMyfm4XPlkgJp3OhXLuPxLNSM5,helping people,5,0,6.85.0,2026-08-14 16:52:52,"Thanks for taking the time to share your thoughts, Mahesh. We are happy to know that you had a good experience with Porter! :)",2026-08-14 19:08:40,6.85.0
df3e2faa-d542-478e-b9b1-6c3122207055,arjun aradhya,https://play-lh.googleusercontent.com/a/ACg8ocLIZ8f46H9xbC5UvV8PbuZNELNtESSA9p1rq94cml1xsR4U0w=mo,good,5,0,6.85.0,2026-08-14 16:51:50,"We are so happy that you enjoyed your experience with us, Arjun. Thank you for choosing Porter! :)",2026-08-14 19:07:16,6.85.0
4fdd6177-5a75-4f12-a856-3e1153607749,Sanjay Srivastava,https://play-lh.googleusercontent.com/a/ACg8ocLaHvdjEbdWJ-JRdkryob9nvWuBPiqAv56AwtHwXfSQYiwhiLU=mo,on time delivery and polite,5,0,6.85.0,2026-08-14 16:34:07,"Hi Sanjay! Thank you for the wonderful review and for taking the time to share your feedback with Porter. Our priority is customer service, and we are ecstatic that we met that mark! :)",2026-08-14 18:50:23,6.85.0
7ecf5b90-da14-4fb7-b1cd-eecc2c0442dd,Gourav Kumar,https://play-lh.googleusercontent.com/a/ACg8ocIehIwnijjLB3uKE9Bsj_-vT2Vq2DopJz8SKRoXbaaSUIxFIw=mo,good 💯,5,0,6.85.0,2026-08-14 16:33:43,"We are so happy that you enjoyed your experience with us, Gourav. Thank you for choosing Porter! :)",2026-08-14 18:49:18,6.85.0
a33bc6f8-6a26-4180-ad14-1fd0d2f8ee1b,RAVI SHARMA,https://play-lh.googleusercontent.com/a/ACg8ocIKPUrLcx6BrOeDELbBKL2xEA5jHJK4TnFIBGSizgPWjQG-UA=mo,Good Service and Good behaviour delivery boy,5,0,6.86.0,2026-08-14 16:10:08,Thank you for your kind words :),2026-08-14 16:19:04,6.86.0
211e3142-9aad-46f0-a3ae-3d1aa6cfeedb,Rajesh S,https://play-lh.googleusercontent.com/a/ACg8ocL565xmSreUjTlOrYATSKAIt_D-2JfvIeH7BB9oBmyzvrjIzA=mo,Add tips option to driver it will faster acceptation,5,0,6.85.0,2026-08-14 16:07:55,We value your feedback and have shared it with the team for further review and consideration.,2026-08-14 16:18:41,6.85.0
0a82a29d-8cc9-4349-bf59-ece074f3eb5d,Kiran Kadam,https://play-lh.googleusercontent.com/a-/ALV-UjX_txBNrihSZPuUpVxnxX5j8GQY3-QKPDWqW_l19CINT-Y727Wn,"This App is a Scam, Subscription paid through App since 2 months no refund, not a single call from the helpline or Porter team, Helpline number is full of AI nonsense.. big scam don't fall for it...",1,0,6.85.0,2026-08-14 15:55:21,Really sorry for the hassle. Please share your registered number on help@porter.in so that we may check this and assist you further.,2026-08-14 16:16:56,6.85.0
1232ae81-e7eb-4d7e-ac8d-8a3750ec3eaa,Manu Dwivedi,https://play-lh.googleusercontent.com/a/ACg8ocKziXMNjdu1nCKwfmu2O_hKdc780YrMGpZzPX7hgBIq2q7Oqg=mo,"disappoint, usually they show good charges on order and when you place order, the delivery guy wants more money and the order will be cancelled and you try again they show more charges ,, and you wasted your time during this and in frustration you will placed order even you have to pay more,,, so be careful and understand how company works",1,0,6.85.0,2026-08-14 15:49:01,Really sorry for the experience. Please share the order details on help@porter.in so that we may check this and assist you further.,2026-08-14 15:53:17,6.85.0
143bba0b-2c61-4d72-ad5a-810bf4c6f7bb,Ankush Shahu,https://play-lh.googleusercontent.com/a-/ALV-UjVZe-xVHudg-k3ew3NsPdQxUhvMiVssl_H6ybMVTNsyaM5qny0,company sahi hai per ek samay ke bad ismein order hi nahin Mil paate Hain Insan pagal ho jata hai company order avoid nahin kar paati hai rating 5/5⭐,5,0,6.85.0,2026-08-14 15:37:45,Please reach out to us on help@porter.in for any help needed.,2026-08-14 15:44:52,6.85.0
b46acba8-72e7-4da4-a7d4-90e345bcbad7,Sandeep Ambati,https://play-lh.googleusercontent.com/a-/ALV-UjVYyZdtcJS2zdpMRL56UjBJ_6M5M7M44bWNB0UIPCrec50k02E,Good driver polite behaviour,5,0,6.85.0,2026-08-14 15:25:46,Thank you for your kind words :),2026-08-14 15:36:38,6.85.0
c8085fb9-483d-4738-aeab-d46034e90239,Anil Gupta,https://play-lh.googleusercontent.com/a/ACg8ocLhUjQvqbq4Cp1IcxVs2iqwZYSTrWY4IfPR3hmwREm8nJbUeA=mo,good,5,0,6.85.0,2026-08-14 14:56:56,Thanks for the 5 star rating :),2026-08-14 15:07:01,6.85.0
823103e3-d4dd-4a71-aae8-177231478af5,Mahboob Shaikh,https://play-lh.googleusercontent.com/a-/ALV-UjULmJoYmM9nQ5Tr2Mv11ISlwhJSFU_QErgrDuXkLNy7kocw_ZZ3,superb,5,0,6.82.0,2026-08-14 14:46:34,Thanks for the positive rating :),2026-08-14 14:53:28,6.82.0
68108b9f-3b84-4ee8-b064-360708b25506,Manish Verma,https://play-lh.googleusercontent.com/a/ACg8ocJleMZSesnkT0R-yE13FAnb9noVoaqdh3leVeU1lOYj7hPLGMs=mo,good,5,0,6.86.1,2026-08-14 14:38:07,Thanks for the 5 star rating :),2026-08-14 14:49:08,6.86.1
e9594b9f-b131-4481-8caf-f43b574d599b,Padmanabhan R,https://play-lh.googleusercontent.com/a/ACg8ocL2cBlxhBcg2Mqdp6hQi514d4313tL2_ZQ8huAl2ndWwoUw5w=mo,nice,5,0,6.85.0,2026-08-14 14:37:32,Thanks for the 5 star rating :),2026-08-14 14:46:11,6.85.0
47194ca7-1e72-4b62-9f13-2faab1eb894e,Kiran Yerunkar,https://play-lh.googleusercontent.com/a-/ALV-UjU5z5hBkhDxnngbWzOzg3IJ33UApHedvmF6w57PPZuCvvYQlLTb4w,Good Service,4,0,6.85.0,2026-08-14 14:33:17,Thanks for the positive rating :),2026-08-14 14:41:55,6.85.0
5cc91e0f-f6a5-489a-a4ae-d3e8f26e9fdf,Vicky Gupta,https://play-lh.googleusercontent.com/a-/ALV-UjW_JhGbJxxTRRUP8RRTFaZcp5XjKGvzpzg6BHWQ5KTi76vftJDavw,payment issue via debit- credit card Even after multiple orders they are not added credit card payment. stupid charges are day by day going high,1,0,6.85.0,2026-08-14 14:08:19,Really sorry for the hassle Vicky. Your feedback has been shared with the team for further review and consideration.,2026-08-14 14:17:57,6.85.0
628d7b03-f9dd-46c7-9a12-3d0545d8ab7c,Rakesh Koli,https://play-lh.googleusercontent.com/a-/ALV-UjWy-INRwqFqg30umQeC-Ftn24vG8BCyCHerKFZ90ZRiQXT8jB_Maw,good 👍 service,5,0,6.83.0,2026-08-14 14:05:25,Thank you for your kind words :),2026-08-14 14:16:58,6.83.0
37064cd1-b517-4b91-a6c4-9ca91b71d00a,Kodanda Ram,https://play-lh.googleusercontent.com/a/ACg8ocKKLqXlxSgg61J2sRO12Iiv1mR6OirAkS48Au21WvSe4xxX6_ir=mo,good,5,0,6.85.0,2026-08-14 13:41:10,Thanks for the positive rating :),2026-08-14 13:54:40,6.85.0
447cfe2a-b863-46fa-ba5d-8b290cc1d679,Satyam Sharma,https://play-lh.googleusercontent.com/a-/ALV-UjVj8DXIXePnXuJs1Pcw4YtjCBtu802pn0ZbDYFjG1v0xp4RwtLL,👍 nice,5,0,6.85.0,2026-08-14 13:39:15,Thanks for the positive rating :),2026-08-14 13:52:53,6.85.0
6f8380c6-b1cc-4124-8d2f-843ca3444af0,Babulal Babulal,https://play-lh.googleusercontent.com/a/ACg8ocJM3oWeXM1hSxSB5WzbTnStl-Q1e4D3aflL8mlt6pdyciUs6w=mo,Best,5,0,6.85.0,2026-08-14 13:38:44,Thanks for the positive rating :),2026-08-14 13:52:25,6.85.0
ac3bb225-ebe5-496c-8a7f-0768cce98e21,Satish Sathe,https://play-lh.googleusercontent.com/a-/ALV-UjUs3MLokpjFGEx-0PR12XK6fz_omP6_GWX8987AiYw588L5Yl-D,very quick response good experience,5,0,6.85.0,2026-08-14 13:27:31,Thanks for the positive rating :),2026-08-14 13:43:07,6.85.0
09904fa2-5fbb-4e6d-8e96-6fd63afc7fc8,Rohan Kumar,https://play-lh.googleusercontent.com/a-/ALV-UjV0mt3aZFC4TNsEbuysPYERHtE9NLd18hmo80SCJDyu07KaCLjz,very good 👍😊,5,0,6.85.0,2026-08-14 13:08:06,Thanks for the positive rating :),2026-08-14 13:31:40,6.85.0
a84084cc-567c-4e2f-9c86-896403b8069a,vijay bharathi,https://play-lh.googleusercontent.com/a-/ALV-UjVW04lOpMnUDBHNz0B7oI7U3Ngq7TKd-0ttxXshQhjc9OxUp9M8,very bad,2,0,6.85.0,2026-08-14 13:05:09,Sorry to hear that. Please elaborate your concern on help@porter.in so that we may assist you further.,2026-08-14 13:31:10,6.85.0
cca408b7-9b8b-4152-a35f-761edcfc109b,Sohaliya Anil,https://play-lh.googleusercontent.com/a-/ALV-UjWQagxKxHcvVewzyqolXsVqUiIc-m2BOGkCT_rr44odyB1K_y4DRA,good,5,0,6.85.0,2026-08-14 12:41:44,Thanks for the positive rating :),2026-08-14 13:08:44,6.85.0
13a55b3e-f28f-48b0-a13a-09a8b10da676,TI ANODE FABRICATORS,https://play-lh.googleusercontent.com/a/ACg8ocJNUJcXEBd6jR9oBJaGcK6KkzXQGfg5xrKmCTJbteIQSx-LYA=mo,good,5,0,6.85.0,2026-08-14 12:22:03,Appreciate the positive rating :),2026-08-14 12:27:37,6.85.0
18eae9d4-10a4-41c5-b288-3ca8903f7db9,Samraj .samraj,https://play-lh.googleusercontent.com/a-/ALV-UjVu2sd1mogVZiNDMvLqOMBFLqfh5upkpbJMr1fOu--or99tZvI8,good,1,0,6.84.0,2026-08-14 11:55:26,Can you please rate us with more stars if you like our services?,2026-08-14 12:22:02,6.84.0
fa23b8c6-2ea0-459c-acca-a1bbaffc5f33,Shubhraneel Chatterjee,https://play-lh.googleusercontent.com/a-/ALV-UjXGy6AMFXjsctHl1HpUdqOO5dj-qsGOsEiekjpaL56coZPjUkwr,excellent service and very polite delivery executive,5,1,6.86.1,2026-08-14 11:52:17,Thank you for your kind words :),2026-08-14 12:20:56,6.86.1
a5be541b-cb08-4c3b-849d-4415a5ac7e90,City Maven,https://play-lh.googleusercontent.com/a/ACg8ocJhgcQL1X3SBLswslz_AARpIUA8Yle02oAiATxd5wmDo2ozDg=mo,"Support/help service is poor, overall service is great for deliveries.",3,1,6.85.0,2026-08-14 11:33:41,Sorry to hear that. Please elaborate your concern on help@porter.in so that we may check this and assist you further.,2026-08-14 11:42:00,6.85.0
feaf3176-ae35-4cbe-a1dc-9b59b57f1f81,neeraj sachdeva,https://play-lh.googleusercontent.com/a/ACg8ocIrzIJLi9xQuMTmdC5CfGU0vGr_D7YftEpZuxTVKZ2ceTkHvA=mo,good and timely delivery,5,0,6.85.0,2026-08-14 11:29:26,Appreciate the positive rating :),2026-08-14 11:34:36,6.85.0
61e5e6b6-0ae4-4763-8f97-4ffe64258939,Parama Sivam,https://play-lh.googleusercontent.com/a/ACg8ocIuPS7CEfiKmd9Ah0qbXqz3x2qHsWF07nrm0CGMkNJltNYQWQ=mo,good,5,0,6.86.0,2026-08-14 11:03:19,Appreciate the positive rating :),2026-08-14 11:16:00,6.86.0
aa124502-f87e-4d0f-9508-74ddbe00ac0c,Rumana Khan,https://play-lh.googleusercontent.com/a/ACg8ocIBzn4b4-Atfq3P75CqBODTy9CBHUGzIxep2PqSSe9LqfXkZQ=mo,very useful thank you portal,5,0,6.85.0,2026-08-14 10:34:01,Thank you for your kind words :),2026-08-14 10:46:04,6.85.0
086b784e-e815-458f-af6e-8cccebde9b6a,Lucifer Morning Star,https://play-lh.googleusercontent.com/a/ACg8ocLyJelLE17-UBMbFpL1wa_kvsKUZKKsn58SmFGsjoTjL74HDw=mo,"worst shifting experience,they damaged my fridge and are now saying it internal damage is not covered. would request all to go for any other shifting service than porter.",1,0,,2026-08-14 10:25:06,Really sorry for the negligence. Please share the order details on packermover@theporter.in so that we may investigate this and assist you further.,2026-08-14 10:33:54,
1cf02670-624c-4cfb-be34-f0f1ab80f938,Raju Nishad,https://play-lh.googleusercontent.com/a/ACg8ocIV7jB8xfXqVshu2um2bH4ba9JiO23kILk-wwr65L1esBHUUA=mo,better than others,5,0,6.85.0,2026-08-14 10:20:03,Thank you for your kind words :),2026-08-14 10:27:04,6.85.0
cde2fb52-ae66-46b6-bd41-31d8d116cd41,Akash Telote,https://play-lh.googleusercontent.com/a-/ALV-UjWDjDFqtjXoxQPszx-kJ4fRRNOpyHGoFBjkZqNSn7rlpcAMc1uueA,"Terrible experience with double-charging and false support claims.Porter fails to train its courier partners on basic logistics. My package was fully prepaid through the app, yet the delivery person forced both the sender and the receiver to pay again. When I contacted customer service to resolve this and get a refund, the support agent lied and said I could transfer my remaining wallet balance back to my bank account. This turned out to be completely false. Unprofessional drivers and support.",1,0,6.85.0,2026-08-14 09:42:26,We are really sorry for the experience. Please share the order details on help@porter.in so that we may check this and assist you further.,2026-08-14 09:53:28,6.85.0
117efaeb-dc54-419b-8d47-cca92f4d3feb,spectacled cat,https://play-lh.googleusercontent.com/a-/ALV-UjW9ApcvmbxJQItakY0Fik461YqgRKX_nWhDwlEJlHq0qq8fHdcS,unbelievably convinient system. can't believe how small & lightweight items can also be delivered very easily across city! very good app. but her reaction was bad :(,5,2,6.85.0,2026-08-14 09:11:26,Please reach out to us on help@porter.in for any help needed.,2026-08-14 09:10:18,6.85.0
982ea3a5-6fcc-41a3-8a50-66fe65957dcc,Sunil Kumar,https://play-lh.googleusercontent.com/a-/ALV-UjVRMx0r9VRcqO2l5NmCQZ2jyPtuyIYDHgD1NhnNb6oHkij3t-Q1,best performance,5,0,6.85.0,2026-08-14 08:23:42,Thank you for your kind words :),2026-08-14 09:19:38,6.85.0
b1485d1a-aebd-4e9a-96a2-2c2fddd2b8ba,Shakeel Siddiqi,https://play-lh.googleusercontent.com/a/ACg8ocJuGnATknlLiKGdICE7owGg5_zLaV7TyMT58ejc7EVvxLZCOA=mo,"don't sent porter add otherwise i will take legal action through honorable high court ,your porter add cames back to back , so many times ,just i want to load app only for to send any materials through booking but the porter app not functioning,i don't want to see more your porter adds its my warning , i am working for telangana police department .",1,0,,2026-08-14 04:09:08,We deeply regret any dissatisfaction caused. Kindly contact us at help@porter.in with your concerns so we can improve your experience,2026-08-14 09:18:20,
bf2bacf8-2b4e-4cc8-85e6-df90d8595c66,Sh Kumari,https://play-lh.googleusercontent.com/a/ACg8ocJY3eWOEZWlsHYEi-qKQ4VpU_MdEVH8xWXfoeXch8M7q_5WMw=mo,customer service is very poor,1,0,6.85.0,2026-08-14 03:48:07,Really sorry you feel that way. Please reach out to us on help@porter.in for any help needed.,2026-08-14 09:17:33,6.85.0
28a15907-c3cd-4948-a7a1-30551260d791,Mohit Yadav,https://play-lh.googleusercontent.com/a/ACg8ocK7hI6GO9yLeyarNtoOunaKsILY6MC8aS-PiPXUyxe9Xm5AzA=mo,bad,2,0,6.85.0,2026-08-14 01:42:58,Sorry to hear that. Please elaborate your concern on help@porter.in so that we may check this and assist you further.,2026-08-14 09:16:56,6.85.0
b9f3513a-8332-4622-a280-2aea038f5326,Ajay Mittal,https://play-lh.googleusercontent.com/a/ACg8ocKy921_YGR39f3gIny3RW8Vqva4upXyOEugeh5PL3W-ag9NjnLW=mo,I was charged an increased fare for the changed delivery location but the items were delivered on the previous booking location. I had to pay an extra amount to the delivery person as the company couldn't convince the driver to deliver it at the right location.,1,2,6.85.0,2026-08-14 00:25:30,Really sorry for the experience. Please share the order details on help@porter.in so that we may check this and assist you further.,2026-08-14 09:14:23,6.85.0
